1973-01-05,0.2,-1.0,1.0,,,75,12.8,,,
1973-01-08,-1.9,-3.0,-1.0,,,349,6.7,,,
1973-01-10,-1.7,-3.0,-1.0,,,83,10.1,,,
1973-01-11,-2.0,-6.0,1.0,,,87,5.3,,,
1973-01-18,0.1,0.0,1.0,,,58,5.6,,,
1973-01-20,2.3,0.0,4.0,,,218,9.4,,,
1973-01-22,1.0,-1.0,3.0,,,4,7.1,,,
1973-01-24,-1.4,-3.0,0.0,,,63,11.5,,,
1973-01-25,-3.9,-6.0,-3.0,,,59,11.7,,,
1973-01-28,1.6,1.0,2.0,,,288,15.1,,,
1973-01-30,2.3,1.0,4.0,,,167,4.4,,,
1973-02-02,1.2,1.0,2.0,,,54,14.8,,,
1973-02-04,1.0,0.0,2.0,,,55,8.7,,,
1973-02-06,0.0,-1.0,3.0,,,215,9.3,,,
1973-02-07,2.5,0.0,7.0,,,238,9.7,,,
1973-02-08,2.7,0.0,6.0,,,226,10.9,,,
1973-02-10,2.7,1.0,6.0,,,264,17.0,,,
1973-02-11,0.3,-1.0,1.0,,,263,14.8,,,
1973-02-13,1.7,0.0,3.0,,,239,17.0,,,
1973-02-18,-1.0,-2.0,1.0,,,234,16.3,,,
1973-02-20,-1.2,-3.0,2.0,,,131,5.5,,,
1973-02-22,3.0,1.0,5.0,,,271,15.8,,,
1973-02-23,1.4,0.0,4.0,,,266,23.2,,,
1973-02-26,-2.2,-5.0,1.0,,,352,5.4,,,
1973-02-27,-2.7,-6.0,-1.0,,,3,7.3,,,
1973-03-01,-3.3,-9.0,4.0,,,47,4.7,,,
1973-03-02,0.3,-4.0,5.0,,,244,8.7,,,
1973-03-03,2.4,0.0,5.0,,,277,4.7,,,
1973-03-05,3.9,-3.0,12.0,,,357,4.0,,,
1973-03-06,4.8,2.0,9.0,,,223,10.5,,,
1973-03-07,2.3,1.0,5.0,,,295,11.9,,,
1973-03-09,1.0,-2.0,4.0,,,179,6.5,,,
1973-03-10,-1.4,-4.0,1.0,,,60,16.7,,,
1973-03-11,-1.6,-5.0,3.0,,,97,11.6,,,
1973-03-13,-0.2,-1.0,1.0,,,65,14.1,,,
1973-03-14,0.7,0.0,2.0,,,74,16.9,,,
1973-03-16,0.9,-2.0,3.0,,,79,11.0,,,
1973-03-17,1.4,-3.0,6.0,,,54,5.4,,,
1973-03-22,4.8,-3.0,14.0,,,350,2.6,,,
1973-03-24,8.0,-1.0,17.0,,,203,3.7,,,
1973-03-25,7.5,-1.0,15.0,,,340,9.0,,,
1973-03-26,7.4,5.0,10.0,,,41,6.7,,,
1973-03-28,9.1,1.0,16.0,,,56,8.8,,,
1973-04-02,8.1,1.0,15.0,,,287,29.0,,,
1973-04-06,8.8,3.0,15.0,,,269,11.0,,,
1973-04-07,7.8,6.0,10.0,,,273,18.6,,,
1973-04-08,4.4,-1.0,9.0,,,52,10.7,,,
1973-04-10,1.0,0.0,2.0,,,326,16.0,,,
1973-04-11,1.7,0.0,5.0,,,261,14.1,,,
1973-04-13,2.4,0.0,6.0,,,319,10.5,,,
1973-04-15,3.7,-3.0,10.0,,,319,6.5,,,
1973-04-16,5.2,3.0,8.0,,,64,6.1,,,
1973-04-17,6.0,-1.0,11.0,,,322,7.5,,,
1973-04-19,3.9,2.0,7.0,,,235,16.9,,,
1973-04-20,1.4,0.0,4.0,,,269,7.0,,,
1973-04-21,2.9,0.0,7.0,,,225,8.4,,,
1973-04-22,4.4,-3.0,12.0,,,341,5.5,,,
1973-04-27,10.5,1.0,18.0,,,219,7.8,,,
1973-04-29,11.6,9.0,15.0,,,255,13.7,,,
1973-05-01,16.7,8.0,26.0,,,214,8.7,,,
1973-05-02,14.3,12.0,17.0,,,329,8.3,,,
1973-05-03,14.9,11.0,21.0,,,139,7.9,,,
1973-05-04,16.8,8.0,25.0,,,24,7.4,,,
1973-05-06,10.9,9.0,14.0,,,268,9.9,,,
1973-05-07,9.7,6.0,14.0,,,248,11.0,,,
1973-05-08,8.0,6.0,11.0,,,250,15.3,,,
1973-05-11,10.0,7.0,14.0,,,279,9.7,,,
1973-05-13,11.3,3.0,20.0,,,321,5.6,,,
1973-05-14,15.3,7.0,22.0,,,262,8.6,,,
1973-05-15,15.7,12.0,20.0,,,45,12.5,,,
1973-05-16,12.2,8.0,17.0,,,61,18.9,,,
1973-05-18,14.5,8.0,21.0,,,30,8.1,,,
1973-05-19,14.7,9.0,22.0,,,321,11.7,,,
1973-05-20,15.0,9.0,20.0,,,314,7.6,,,
1973-05-21,14.1,11.0,19.0,,,289,10.0,,,
1973-05-22,15.2,6.0,23.0,,,7,9.6,,,
1973-05-23,16.1,13.0,21.0,,,224,10.8,,,
1973-05-24,15.3,12.0,19.0,,,276,11.2,,,
1973-05-27,16.3,8.0,23.0,,,37,13.1,,,
1973-05-29,14.1,12.0,16.0,,,269,8.8,,,
1973-05-31,19.7,15.0,25.0,,,359,5.9,,,
1973-06-01,19.6,14.0,26.0,,,334,9.0,,,
1973-06-02,13.8,12.0,16.0,,,277,8.4,,,
1973-06-03,15.3,10.0,20.0,,,23,8.2,,,
1973-06-05,18.5,12.0,24.0,,,41,12.1,,,
1973-06-06,16.9,14.0,19.0,,,46,12.3,,,
1973-06-07,14.8,11.0,19.0,,,33,12.0,,,
1973-06-09,15.0,11.0,20.0,,,243,8.9,,,
1973-06-10,17.1,11.0,23.0,,,310,8.3,,,
1973-06-18,20.0,17.0,24.0,,,329,14.1,,,
1973-06-19,19.1,12.0,25.0,,,27,11.8,,,
1973-06-22,12.4,10.0,15.0,,,41,15.7,,,
1973-06-23,12.3,11.0,13.0,,,287,13.6,,,
1973-06-26,20.0,13.0,27.0,,,21,5.9,,,
1973-06-27,22.4,15.0,30.0,,,326,5.9,,,
1973-06-30,18.7,13.0,24.0,,,33,11.4,,,
1973-07-03,22.1,16.0,30.0,,,357,4.4,,,
1973-07-05,22.9,15.0,30.0,,,17,5.6,,,
1973-07-07,19.8,16.0,25.0,,,275,9.6,,,
1973-07-08,20.0,14.0,25.0,,,27,8.7,,,
1973-07-09,18.9,17.0,23.0,,,28,9.8,,,
1973-07-10,18.9,13.0,25.0,,,329,6.4,,,
1973-07-13,19.4,15.0,25.0,,,358,6.5,,,
1973-07-14,17.8,13.0,22.0,,,6,7.6,,,
1973-07-15,17.8,15.0,22.0,,,226,8.7,,,
1973-07-17,14.7,12.0,17.0,,,41,8.1,,,
1973-07-18,15.5,12.0,19.0,,,260,9.3,,,
1973-07-19,16.7,13.0,21.0,,,225,9.9,,,
1973-07-20,19.1,14.0,24.0,,,286,8.7,,,
1973-07-22,15.1,12.0,17.0,,,,,,,
1973-07-23,14.4,11.0,18.0,,,245,11.2,,,
1973-07-25,13.3,12.0,15.0,,,203,7.6,,,
1973-07-28,14.9,10.0,20.0,,,293,7.0,,,
1973-07-30,17.7,12.0,24.0,,,25,10.1,,,
1973-08-01,19.0,12.0,27.0,,,325,7.6,,,
1973-08-02,18.0,15.0,22.0,,,245,7.7,,,
1973-08-03,17.5,15.0,21.0,,,238,7.7,,,
1973-08-04,17.5,15.0,21.0,,,230,9.9,,,
1973-08-05,19.7,15.0,26.0,,,248,7.3,,,
1973-08-06,22.1,14.0,30.0,,,308,6.4,,,
1973-08-08,16.6,11.0,23.0,,,314,6.6,,,
1973-08-10,21.1,12.0,30.0,,,322,5.1,,,
1973-08-11,21.5,16.0,28.0,,,36,6.7,,,
1973-08-12,22.0,15.0,29.0,,,,,,,
1973-08-14,20.6,15.0,27.0,,,24,8.7,,,
1973-08-15,19.8,13.0,26.0,,,16,7.8,,,
1973-08-18,21.4,14.0,30.0,,,332,6.0,,,
1973-08-19,22.2,14.0,31.0,,,344,5.5,,,
1973-08-20,21.7,17.0,27.0,,,191,5.5,,,
1973-08-21,21.9,16.0,28.0,,,331,6.1,,,
1973-08-22,19.2,17.0,22.0,,,57,12.5,,,
1973-08-24,20.0,15.0,27.0,,,352,4.3,,,
1973-08-25,18.0,15.0,23.0,,,323,6.4,,,
1973-08-29,18.6,15.0,23.0,,,296,6.1,,,
1973-08-30,17.9,15.0,22.0,,,293,8.4,,,
1973-09-01,14.6,8.0,21.0,,,262,4.7,,,
1973-09-02,17.9,8.0,26.0,,,280,5.9,,,
1973-09-03,19.9,11.0,29.0,,,178,5.1,,,
1973-09-04,20.3,12.0,30.0,,,352,5.7,,,
1973-09-07,20.8,13.0,29.0,,,9,8.1,,,
1973-09-08,20.5,14.0,29.0,,,315,4.8,,,
1973-09-10,17.1,15.0,20.0,,,324,8.3,,,
1973-09-12,13.9,8.0,20.0,,,14,8.7,,,
1973-09-13,14.0,8.0,21.0,,,9,11.4,,,
1973-09-15,19.0,15.0,25.0,,,3,6.1,,,
1973-09-17,16.6,11.0,23.0,,,20,8.4,,,
1973-09-18,15.3,14.0,17.0,,,327,8.8,,,
1973-09-22,11.2,7.0,15.0,,,202,7.7,,,
1973-09-23,9.7,7.0,13.0,,,324,6.9,,,
1973-09-25,9.9,5.0,16.0,,,348,5.8,,,
1973-09-26,9.7,6.0,14.0,,,23,11.8,,,
1973-09-29,11.1,7.0,17.0,,,267,14.3,,,
1973-10-02,11.2,9.0,15.0,,,64,17.4,,,
1973-10-04,12.0,8.0,18.0,,,59,5.3,,,
1973-10-05,14.0,11.0,20.0,,,312,5.1,,,
1973-10-07,11.4,10.0,12.0,,,225,7.6,,,
1973-10-09,10.9,8.0,15.0,,,353,5.7,,,
1973-10-10,8.5,7.0,11.0,,,299,5.6,,,
1973-10-11,10.5,7.0,15.0,,,258,10.7,,,
1973-10-13,6.0,4.0,8.0,,,53,7.9,,,
1973-10-14,8.8,5.0,13.0,,,301,7.2,,,
1973-10-15,11.3,8.0,13.0,,,248,18.0,,,
1973-10-18,5.4,2.0,9.0,,,270,14.6,,,
1973-10-19,2.8,-2.0,9.0,,,300,6.8,,,
1973-10-20,6.8,4.0,10.0,,,325,7.6,,,
1973-10-21,7.6,5.0,10.0,,,235,19.4,,,
1973-10-22,6.4,4.0,9.0,,,291,10.0,,,
1973-10-24,6.2,4.0,9.0,,,42,10.0,,,
1973-10-25,2.8,0.0,7.0,,,44,13.2,,,
1973-10-26,2.0,-1.0,6.0,,,59,8.8,,,
1973-10-27,0.9,-2.0,5.0,,,328,4.6,,,
1973-10-29,0.9,-1.0,4.0,,,324,5.8,,,
1973-10-31,4.2,0.0,9.0,,,59,7.4,,,
1973-11-01,4.3,3.0,7.0,,,158,5.0,,,
1973-11-03,1.8,0.0,4.0,,,303,5.9,,,
1973-11-04,3.3,2.0,7.0,,,334,5.2,,,
1973-11-05,6.0,1.0,11.0,,,327,6.4,,,
1973-11-06,4.7,0.0,10.0,,,250,15.1,,,
1973-11-07,1.7,-1.0,6.0,,,9,4.1,,,
1973-11-08,1.3,-2.0,5.0,,,171,7.4,,,
1973-11-09,5.3,2.0,11.0,,,172,6.1,,,
1973-11-10,2.8,-1.0,9.0,,,182,5.4,,,
1973-11-11,3.3,-1.0,7.0,,,215,7.2,,,
1973-11-15,8.8,6.0,10.0,,,249,35.8,,,
1973-11-17,4.4,-1.0,9.0,,,336,9.4,,,
1973-11-19,4.3,0.0,9.0,,,200,10.3,,,
1973-11-20,4.8,1.0,8.0,,,17,7.4,,,
1973-11-21,1.1,-3.0,6.0,,,11,9.7,,,
1973-11-22,0.5,-4.0,8.0,,,348,4.0,,,
1973-11-24,3.3,-1.0,7.0,,,225,12.3,,,
1973-11-25,5.6,3.0,9.0,,,311,13.2,,,
1973-11-27,-3.0,-4.0,-1.0,,,270,20.2,,,
1973-11-28,-4.0,-7.0,-2.0,,,258,14.1,,,
1973-11-30,-4.8,-10.0,-2.0,,,279,14.1,,,
1973-12-01,-4.2,-10.0,-2.0,,,335,9.7,,,
1973-12-02,-12.1,-17.0,-9.0,,,21,11.2,,,
1973-12-03,-12.3,-17.0,-9.0,,,356,8.0,,,
1973-12-04,-4.0,-10.0,0.0,,,236,6.3,,,
1973-12-05,1.9,0.0,4.0,,,131,5.5,,,
1973-12-07,4.3,3.0,6.0,,,258,26.6,,,
1973-12-08,6.0,3.0,9.0,,,251,27.2,,,
1973-12-09,-0.1,-4.0,3.0,,,7,11.6,,,
1973-12-10,-4.7,-8.0,-3.0,,,6,7.2,,,
1973-12-11,-3.1,-8.0,2.0,,,241,5.1,,,
1973-12-13,1.9,-2.0,4.0,,,259,31.1,,,
1973-12-14,4.0,-1.0,6.0,,,,,,,
1973-12-15,-1.7,-3.0,-1.0,,,270,18.9,,,
1973-12-16,-1.7,-4.0,0.0,,,230,11.4,,,
1973-12-18,1.2,-3.0,3.0,,,269,13.6,,,
1973-12-21,0.2,-3.0,5.0,,,71,6.4,,,
1973-12-25,0.7,-2.0,3.0,,,343,7.6,,,
1973-12-26,1.0,0.0,3.0,,,350,4.6,,,
1973-12-27,1.6,1.0,2.0,,,324,5.0,,,
1973-12-30,-2.4,-3.0,-1.0,,,8,6.8,,,
1973-12-31,-2.6,-4.0,0.0,,,45,9.1,,,
1974-01-01,-1.0,-2.0,0.0,,,69,17.2,,,
1974-01-03,-1.8,-3.0,-1.0,,,77,6.9,,,
1974-01-04,-1.6,-3.0,0.0,,,325,7.5,,,
1974-01-05,-2.3,-3.0,-1.0,,,29,4.5,,,
1974-01-07,0.3,-2.0,5.0,,,223,8.7,,,
1974-01-08,3.7,1.0,7.0,,,174,10.7,,,
1974-01-10,2.5,-1.0,5.0,,,281,9.9,,,
1974-01-12,2.1,0.0,5.0,,,325,5.4,,,
1974-01-13,2.1,-1.0,7.0,,,164,5.1,,,
1974-01-15,9.0,5.0,12.0,,,233,15.6,,,
1974-01-16,10.7,8.0,14.0,,,225,15.1,,,
1974-01-18,2.2,1.0,4.0,,,257,26.9,,,
1974-01-19,4.8,3.0,6.0,,,238,10.9,,,
1974-01-20,4.3,3.0,5.0,,,38,8.4,,,
1974-01-22,1.8,0.0,3.0,,,232,12.3,,,
1974-01-24,1.3,-2.0,5.0,,,173,6.6,,,
1974-01-25,1.0,0.0,3.0,,,352,6.8,,,
1974-01-26,2.3,-2.0,7.0,,,253,6.2,,,
1974-01-27,1.6,-3.0,5.0,,,196,10.2,,,
1974-01-28,0.6,-1.0,4.0,,,30,5.7,,,
1974-01-29,1.0,-2.0,5.0,,,340,7.5,,,
1974-01-30,1.8,0.0,5.0,,,350,6.8,,,
1974-01-31,1.3,0.0,3.0,,,245,6.8,,,
1974-02-01,2.6,1.0,7.0,,,1,5.6,,,
1974-02-02,5.0,1.0,9.0,,,150,6.8,,,
1974-02-04,2.2,1.0,4.0,,,202,4.6,,,
1974-02-05,3.4,2.0,6.0,,,228,15.5,,,
1974-02-06,4.3,0.0,7.0,,,248,30.5,,,
1974-02-09,6.3,2.0,10.0,,,251,27.0,,,
1974-02-10,8.9,4.0,14.0,,,242,15.7,,,
1974-02-13,5.1,3.0,7.0,,,49,6.9,,,
1974-02-15,1.1,0.0,3.0,,,331,4.4,,,
1974-02-17,1.5,-1.0,3.0,,,338,5.5,,,
1974-02-20,2.4,1.0,3.0,,,16,9.7,,,
1974-02-21,3.1,2.0,5.0,,,26,6.1,,,
1974-02-22,2.5,1.0,5.0,,,300,7.9,,,
1974-02-24,1.5,0.0,3.0,,,41,15.3,,,
1974-02-25,1.3,1.0,2.0,,,51,20.1,,,
1974-02-26,0.3,-1.0,1.0,,,52,23.4,,,
1974-02-28,-1.6,-4.0,1.0,,,13,5.8,,,
1974-03-01,0.7,-3.0,4.0,,,129,7.3,,,
1974-03-02,1.7,-1.0,4.0,,,238,15.2,,,
1974-03-03,0.6,-3.0,4.0,,,49,11.7,,,
1974-03-04,1.3,-1.0,3.0,,,359,5.7,,,
1974-03-05,0.9,0.0,3.0,,,262,5.1,,,
1974-03-07,1.4,0.0,3.0,,,62,12.4,,,
1974-03-08,0.8,-1.0,3.0,,,56,12.1,,,
1974-03-10,2.8,-1.0,8.0,,,27,5.3,,,
1974-03-11,4.6,1.0,9.0,,,7,4.4,,,
1974-03-12,3.7,-1.0,11.0,,,306,4.8,,,
1974-03-15,2.5,-1.0,6.0,,,219,7.7,,,
1974-03-16,4.3,-2.0,8.0,,,233,19.2,,,
1974-03-17,10.1,7.0,12.0,,,246,24.6,,,
1974-03-18,12.7,9.0,18.0,,,227,14.1,,,
1974-03-19,8.8,7.0,11.0,,,4,10.3,,,
1974-03-20,10.3,3.0,21.0,,,17,7.3,,,
1974-03-22,13.9,7.0,22.0,,,22,8.0,,,
1974-03-23,11.3,8.0,14.0,,,260,8.5,,,
1974-03-24,10.5,5.0,16.0,,,351,6.9,,,
1974-03-26,8.8,2.0,15.0,,,345,4.0,,,
1974-03-27,10.7,7.0,16.0,,,265,5.8,,,
1974-03-28,11.3,7.0,16.0,,,294,7.9,,,
1974-04-02,10.3,3.0,18.0,,,9,4.4,,,
1974-04-05,9.9,4.0,15.0,,,44,11.8,,,
1974-04-06,9.4,3.0,16.0,,,21,6.4,,,
1974-04-07,10.0,2.0,17.0,,,36,12.4,,,
1974-04-08,10.5,3.0,19.0,,,15,11.8,,,
1974-04-11,11.0,4.0,18.0,,,267,8.6,,,
1974-04-16,4.0,1.0,7.0,,,0,11.9,,,
1974-04-17,2.4,0.0,6.0,,,16,13.5,,,
1974-04-18,3.0,-2.0,8.0,,,25,12.5,,,
1974-04-19,4.4,-3.0,11.0,,,22,13.2,,,
1974-04-20,6.5,-2.0,15.0,,,353,6.4,,,
1974-04-21,7.1,-1.0,14.0,,,9,9.0,,,
1974-04-22,8.0,1.0,14.0,,,22,16.0,,,
1974-04-23,8.5,0.0,15.0,,,337,8.6,,,
1974-04-24,5.3,4.0,8.0,,,12,9.5,,,
1974-04-25,4.4,3.0,7.0,,,344,10.2,,,
1974-04-26,5.0,3.0,8.0,,,325,7.5,,,
1974-04-27,6.2,0.0,12.0,,,3,6.6,,,
1974-04-28,9.3,5.0,14.0,,,37,4.3,,,
1974-04-29,11.0,9.0,14.0,,,291,6.8,,,
1974-04-30,7.9,7.0,9.0,,,257,7.7,,,
1974-05-01,6.9,6.0,8.0,,,233,5.8,,,
1974-05-02,7.4,5.0,11.0,,,174,6.1,,,
1974-05-04,8.9,6.0,11.0,,,237,13.2,,,
1974-05-05,8.8,7.0,10.0,,,240,8.6,,,
1974-05-06,7.7,5.0,9.0,,,294,12.4,,,
1974-05-07,5.5,4.0,7.0,,,20,8.1,,,
1974-05-08,6.3,4.0,9.0,,,6,9.1,,,
1974-05-09,9.5,6.0,15.0,,,9,6.1,,,
1974-05-10,9.2,3.0,16.0,,,300,5.9,,,
1974-05-11,9.4,7.0,11.0,,,203,8.0,,,
1974-05-13,13.9,5.0,22.0,,,331,5.2,,,
1974-05-14,13.4,8.0,17.0,,,290,17.4,,,
1974-05-17,14.1,7.0,20.0,,,28,10.6,,,
1974-05-18,14.1,7.0,21.0,,,1,12.5,,,
1974-05-19,15.7,8.0,23.0,,,348,4.7,,,
1974-05-20,17.4,11.0,23.0,,,273,7.7,,,
1974-05-21,17.5,11.0,22.0,,,287,8.9,,,
1974-05-22,15.2,10.0,18.0,,,280,24.3,,,
1974-05-24,8.9,6.0,14.0,,,316,7.6,,,
1974-05-25,11.1,7.0,16.0,,,8,10.9,,,
1974-05-26,12.6,4.0,21.0,,,355,5.9,,,
1974-05-27,14.9,6.0,22.0,,,298,6.8,,,
1974-05-28,12.9,11.0,17.0,,,199,10.3,,,
1974-05-29,14.7,9.0,20.0,,,256,8.9,,,
1974-05-30,16.5,10.0,22.0,,,353,10.5,,,
1974-05-31,15.9,13.0,21.0,,,234,14.9,,,
1974-06-01,12.8,10.0,16.0,,,276,15.2,,,
1974-06-04,19.0,12.0,25.0,,,359,8.5,,,
1974-06-06,15.0,11.0,18.0,,,270,22.9,,,
1974-06-07,11.6,9.0,15.0,,,278,18.9,,,
1974-06-08,14.0,10.0,20.0,,,271,8.3,,,
1974-06-09,11.4,8.0,15.0,,,227,18.5,,,
1974-06-10,7.9,5.0,11.0,,,268,10.4,,,
1974-06-11,9.5,6.0,12.0,,,262,13.0,,,
1974-06-12,11.2,9.0,15.0,,,272,15.4,,,
1974-06-13,10.2,7.0,14.0,,,13,8.2,,,
1974-06-14,13.0,7.0,20.0,,,2,10.1,,,
1974-06-15,16.7,11.0,22.0,,,358,8.8,,,
1974-06-18,13.7,12.0,16.0,,,209,14.4,,,
1974-06-19,15.0,9.0,20.0,,,32,6.3,,,
1974-06-20,15.6,9.0,21.0,,,12,10.7,,,
1974-06-21,16.7,11.0,22.0,,,0,10.0,,,
1974-06-23,16.4,12.0,23.0,,,275,10.1,,,
1974-06-24,14.7,12.0,18.0,,,203,9.1,,,
1974-06-25,17.1,8.0,25.0,,,315,6.6,,,
1974-06-26,16.8,13.0,20.0,,,294,7.7,,,
1974-06-27,16.3,14.0,20.0,,,219,12.5,,,
1974-06-28,14.1,13.0,16.0,,,203,7.8,,,
1974-06-29,14.1,13.0,17.0,,,221,13.5,,,
1974-06-30,16.4,12.0,21.0,,,247,12.3,,,
1974-07-02,17.4,12.0,23.0,,,337,8.3,,,
1974-07-03,14.9,10.0,20.0,,,276,17.8,,,
1974-07-04,14.6,10.0,19.0,,,289,10.5,,,
1974-07-05,16.9,9.0,25.0,,,276,7.2,,,
1974-07-06,16.1,13.0,20.0,,,232,11.8,,,
1974-07-07,15.3,11.0,20.0,,,312,14.0,,,
1974-07-09,18.9,11.0,27.0,,,280,11.8,,,
1974-07-13,19.9,16.0,25.0,,,289,9.6,,,
1974-07-14,15.7,13.0,18.0,,,187,10.2,,,
1974-07-15,16.5,10.0,22.0,,,337,7.2,,,
1974-07-17,14.4,13.0,16.0,,,120,9.2,,,
1974-07-18,12.8,10.0,17.0,,,255,12.1,,,
1974-07-19,11.1,9.0,14.0,,,279,8.6,,,
1974-07-20,12.8,10.0,17.0,,,253,11.3,,,
1974-07-21,15.1,12.0,20.0,,,278,9.7,,,
1974-07-22,15.8,9.0,22.0,,,351,9.8,,,
1974-07-23,18.3,10.0,25.0,,,355,8.3,,,
1974-07-24,18.7,14.0,23.0,,,259,16.0,,,
1974-07-30,21.5,14.0,29.0,,,223,7.0,,,
1974-07-31,21.5,18.0,27.0,,,348,8.4,,,
1974-08-01,21.8,17.0,27.0,,,237,8.8,,,
1974-08-02,21.8,17.0,28.0,,,332,9.8,,,
1974-08-03,22.5,15.0,30.0,,,32,10.7,,,
1974-08-08,16.1,14.0,19.0,,,211,11.4,,,
1974-08-09,15.5,13.0,19.0,,,268,17.6,,,
1974-08-10,15.4,12.0,21.0,,,233,17.6,,,
1974-08-11,13.6,12.0,16.0,,,257,19.3,,,
1974-08-15,23.5,16.0,32.0,,,76,4.3,,,
1974-08-16,24.8,17.0,34.0,,,185,5.5,,,
1974-08-18,20.3,16.0,26.0,,,346,8.3,,,
1974-08-19,18.3,17.0,20.0,,,29,9.8,,,
1974-08-20,18.7,17.0,21.0,,,13,11.2,,,
1974-08-22,19.3,17.0,23.0,,,10,8.3,,,
1974-08-24,18.9,15.0,23.0,,,359,5.8,,,
1974-08-25,19.1,16.0,23.0,,,22,9.4,,,
1974-08-26,18.1,13.0,24.0,,,265,7.9,,,
1974-08-27,13.7,11.0,17.0,,,199,9.4,,,
1974-08-28,11.5,10.0,13.0,,,58,11.9,,,
1974-08-30,17.7,10.0,26.0,,,14,6.1,,,
1974-09-01,14.2,8.0,20.0,,,179,6.9,,,
1974-09-02,16.5,12.0,22.0,,,325,6.4,,,
1974-09-03,13.7,12.0,17.0,,,232,9.6,,,
1974-09-05,16.3,9.0,25.0,,,193,6.8,,,
1974-09-06,14.1,11.0,19.0,,,199,11.3,,,
1974-09-07,14.1,9.0,19.0,,,196,8.2,,,
1974-09-08,17.8,13.0,23.0,,,250,8.1,,,
1974-09-09,17.1,11.0,26.0,,,310,11.1,,,
1974-09-11,13.7,8.0,21.0,,,12,5.9,,,
1974-09-13,18.9,13.0,26.0,,,58,4.8,,,
1974-09-14,19.2,15.0,25.0,,,0,5.2,,,
1974-09-17,18.3,15.0,23.0,,,356,5.1,,,
1974-09-18,18.1,15.0,22.0,,,20,8.1,,,
1974-09-20,14.3,13.0,16.0,,,311,9.3,,,
1974-09-21,12.8,8.0,18.0,,,15,7.0,,,
1974-09-22,11.4,9.0,13.0,,,272,14.0,,,
1974-09-23,9.0,2.0,14.0,,,303,6.0,,,
1974-09-24,10.9,8.0,14.0,,,254,29.6,,,
1974-09-25,8.3,6.0,11.0,,,242,16.8,,,
1974-09-26,7.7,6.0,9.0,,,239,24.6,,,
1974-09-27,10.3,7.0,16.0,,,183,9.8,,,
1974-09-28,8.6,4.0,14.0,,,254,11.2,,,
1974-09-29,8.3,5.0,12.0,,,215,10.7,,,
1974-10-01,6.8,5.0,10.0,,,289,8.3,,,
1974-10-02,5.8,3.0,8.0,,,252,10.7,,,
1974-10-04,6.2,3.0,11.0,,,271,8.3,,,
1974-10-05,5.0,-1.0,9.0,,,269,11.3,,,
1974-10-06,6.5,4.0,8.0,,,246,10.1,,,
1974-10-07,5.0,4.0,9.0,,,181,11.4,,,
1974-10-08,5.9,2.0,9.0,,,235,17.8,,,
1974-10-09,5.0,3.0,7.0,,,239,18.4,,,
1974-10-10,6.3,3.0,10.0,,,258,9.6,,,
1974-10-11,4.7,1.0,9.0,,,322,7.7,,,
1974-10-12,5.3,2.0,9.0,,,264,7.6,,,
1974-10-13,4.5,0.0,9.0,,,293,5.8,,,
1974-10-14,3.9,3.0,5.0,,,297,5.4,,,
1974-10-15,3.3,2.0,5.0,,,,,,,
1974-10-17,2.2,-3.0,6.0,,,116,9.6,,,
1974-10-18,7.1,4.0,12.0,,,147,5.2,,,
1974-10-19,6.8,4.0,8.0,,,204,15.3,,,
1974-10-20,7.1,4.0,11.0,,,237,21.9,,,
1974-10-22,3.5,2.0,5.0,,,258,10.7,,,
1974-10-23,4.3,4.0,5.0,,,241,25.0,,,
1974-10-24,5.5,4.0,7.0,,,228,7.4,,,
1974-10-25,6.7,6.0,8.0,,,246,8.3,,,
1974-10-26,6.5,6.0,7.0,,,254,19.2,,,
1974-10-27,7.7,6.0,10.0,,,249,25.8,,,
1974-10-28,3.5,1.0,6.0,,,246,23.6,,,
1974-10-29,2.0,2.0,3.0,,,247,17.2,,,
1974-10-30,1.6,0.0,3.0,,,242,7.0,,,
1974-10-31,2.0,0.0,5.0,,,253,7.8,,,
1974-11-01,2.0,1.0,5.0,,,248,9.5,,,
1974-11-03,1.4,0.0,2.0,,,306,5.5,,,
1974-11-04,1.9,0.0,3.0,,,197,7.9,,,
1974-11-05,2.5,0.0,4.0,,,25,8.6,,,
1974-11-06,3.7,3.0,4.0,,,36,13.0,,,
1974-11-08,1.8,1.0,3.0,,,8,10.0,,,
1974-11-10,4.3,1.0,7.0,,,173,5.2,,,
1974-11-11,4.9,2.0,7.0,,,238,5.7,,,
1974-11-12,6.5,0.0,12.0,,,186,13.1,,,
1974-11-14,2.4,-1.0,11.0,,,338,3.7,,,
1974-11-15,3.9,0.0,11.0,,,352,3.3,,,
1974-11-16,4.7,-1.0,10.0,,,299,12.3,,,
1974-11-17,4.9,0.0,8.0,,,344,5.2,,,
1974-11-19,4.4,1.0,6.0,,,209,14.2,,,
1974-11-21,5.0,3.0,8.0,,,303,5.3,,,
1974-11-22,5.7,1.0,10.0,,,225,10.2,,,
1974-11-23,8.1,5.0,11.0,,,276,6.3,,,
1974-11-24,6.9,6.0,8.0,,,158,5.8,,,
1974-11-25,5.6,3.0,9.0,,,241,17.6,,,
1974-11-26,4.6,3.0,7.0,,,253,23.6,,,
1974-11-27,3.9,0.0,9.0,,,224,12.2,,,
1974-11-28,4.7,1.0,12.0,,,248,33.9,,,
1974-11-29,2.3,1.0,3.0,,,268,19.9,,,
1974-11-30,2.8,1.0,6.0,,,253,20.8,,,
1974-12-01,6.7,5.0,8.0,,,245,16.7,,,
1974-12-02,7.0,5.0,9.0,,,161,7.2,,,
1974-12-04,6.1,5.0,8.0,,,218,14.6,,,
1974-12-06,4.2,4.0,5.0,,,263,16.6,,,
1974-12-07,4.9,4.0,6.0,,,260,15.3,,,
1974-12-08,6.7,6.0,7.0,,,243,8.1,,,
1974-12-09,5.7,5.0,7.0,,,143,5.1,,,
1974-12-12,0.8,0.0,2.0,,,263,17.1,,,
1974-12-15,0.0,-2.0,2.0,,,164,9.0,,,
1974-12-16,2.0,1.0,4.0,,,189,6.8,,,
1974-12-17,5.5,3.0,9.0,,,255,36.3,,,
1974-12-19,3.6,2.0,6.0,,,265,13.9,,,
1974-12-20,3.7,1.0,7.0,,,195,6.8,,,
1974-12-22,-0.2,-5.0,6.0,,,160,4.3,,,
1974-12-23,-2.2,-5.0,8.0,,,358,2.7,,,
1974-12-25,4.9,3.0,8.0,,,229,6.2,,,
1974-12-26,11.5,9.0,15.0,,,250,28.2,,,
1974-12-27,7.7,6.0,11.0,,,257,20.0,,,
1974-12-28,8.2,7.0,11.0,,,243,27.2,,,
1974-12-29,11.4,9.0,14.0,,,259,35.2,,,
1974-12-30,4.1,2.0,8.0,,,301,14.8,,,
1974-12-31,1.8,1.0,3.0,,,274,7.1,,,
1975-01-01,2.5,-1.0,5.0,,,,5.0,,,
1975-01-02,1.3,-1.0,2.0,,,,4.6,,,
1975-01-04,-0.9,-2.0,0.0,,,324,7.2,,,
1975-01-05,-0.8,-2.0,1.0,,,261,6.2,,,
1975-01-06,2.1,0.0,7.0,,,,5.7,,,
1975-01-07,3.3,1.0,5.0,,,257,22.3,,,
1975-01-08,4.4,2.0,6.0,,,271,18.0,,,
1975-01-09,0.8,-1.0,2.0,,,331,6.0,,,
1975-01-11,0.6,-1.0,4.0,,,237,6.7,,,
1975-01-12,-0.5,-2.0,1.0,,,,4.2,,,
1975-01-14,-1.3,-3.0,1.0,,,,2.9,,,
1975-01-16,-0.2,-4.0,3.0,,,,4.4,,,
1975-01-18,6.5,5.0,9.0,,,286,8.2,,,
1975-01-19,4.1,3.0,5.0,,,,4.6,,,
1975-01-20,3.4,0.0,5.0,,,,5.2,,,
1975-01-21,2.7,-1.0,5.0,,,202,6.4,,,
1975-01-23,4.9,2.0,7.0,,,242,18.2,,,
1975-01-24,7.2,6.0,8.0,,,261,21.2,,,
1975-01-25,7.1,5.0,9.0,,,,13.3,,,
1975-01-28,3.3,0.0,6.0,,,255,23.3,,,
1975-01-29,6.4,3.0,8.0,,,261,24.1,,,
1975-01-31,5.9,3.0,9.0,,,,7.4,,,
1975-02-01,4.2,3.0,7.0,,,302,13.1,,,
1975-02-02,4.0,1.0,7.0,,,67,13.8,,,
1975-02-03,4.0,2.0,6.0,,,54,24.7,,,
1975-02-04,1.6,0.0,4.0,,,56,23.4,,,
1975-02-05,0.9,-2.0,4.0,,,48,10.8,,,
1975-02-06,2.2,-2.0,8.0,,,,6.4,,,
1975-02-09,-0.5,-3.0,2.0,,,351,6.5,,,
1975-02-10,-1.0,-3.0,3.0,,,,6.0,,,
1975-02-11,-0.6,-3.0,3.0,,,336,6.5,,,
1975-02-13,4.9,3.0,8.0,,,217,10.0,,,
1975-02-14,3.9,0.0,7.0,,,266,15.4,,,
1975-02-16,1.2,0.0,2.0,,,,12.6,,,
1975-02-17,-1.0,-4.0,3.0,,,,6.0,,,
1975-02-18,1.5,-4.0,8.0,,,,3.5,,,
1975-02-19,4.3,2.0,9.0,,,225,9.2,,,
1975-02-20,0.5,-1.0,2.0,,,75,26.5,,,
1975-02-21,-0.4,-3.0,3.0,,,93,16.7,,,
1975-02-22,1.1,-2.0,7.0,,,,4.5,,,
1975-02-23,0.2,-4.0,7.0,,,,4.3,,,
1975-02-26,2.0,-2.0,6.0,,,70,15.0,,,
1975-02-27,1.9,-3.0,8.0,,,,6.4,,,
1975-03-04,6.6,1.0,12.0,,,,10.6,,,
1975-03-05,7.3,1.0,13.0,,,,7.9,,,
1975-03-06,6.8,4.0,10.0,,,219,11.0,,,
1975-03-07,5.6,-1.0,12.0,,,,8.8,,,
1975-03-08,9.3,6.0,13.0,,,16,9.7,,,
1975-03-09,6.8,4.0,10.0,,,316,13.7,,,
1975-03-10,4.5,3.0,6.0,,,287,8.6,,,
1975-03-11,4.8,3.0,7.0,,,347,8.3,,,
1975-03-12,5.7,3.0,7.0,,,43,9.8,,,
1975-03-14,6.5,5.0,9.0,,,320,8.2,,,
1975-03-15,5.4,3.0,7.0,,,269,8.3,,,
1975-03-16,4.4,2.0,6.0,,,,10.7,,,
1975-03-17,1.0,-1.0,3.0,,,338,10.2,,,
1975-03-19,-1.7,-2.0,-1.0,,,275,10.9,,,
1975-03-20,-1.1,-7.0,5.0,,,54,11.1,,,
1975-03-21,2.8,1.0,5.0,,,45,11.7,,,
1975-03-22,1.2,-2.0,5.0,,,10,6.8,,,
1975-03-23,1.2,0.0,3.0,,,314,6.7,,,
1975-03-24,1.3,-1.0,5.0,,,,13.1,,,
1975-03-25,0.8,0.0,2.0,,,266,19.0,,,
1975-03-28,2.8,0.0,7.0,,,265,22.4,,,
1975-03-29,1.9,-1.0,6.0,,,290,8.9,,,
1975-03-30,1.0,-2.0,5.0,,,,8.1,,,
1975-03-31,1.3,-1.0,4.0,,,16,12.8,,,
1975-04-02,2.0,-4.0,8.0,,,,8.2,,,
1975-04-03,4.0,1.0,8.0,,,269,10.8,,,
1975-04-04,2.8,0.0,6.0,,,326,9.0,,,
1975-04-05,3.4,0.0,7.0,,,,8.6,,,
1975-04-06,1.8,1.0,4.0,,,,6.1,,,
1975-04-08,4.8,1.0,9.0,,,267,24.9,,,
1975-04-09,2.4,0.0,5.0,,,304,11.8,,,
1975-04-12,6.0,3.0,8.0,,,254,13.0,,,
1975-04-13,9.1,6.0,12.0,,,265,12.2,,,
1975-04-14,11.7,4.0,18.0,,,205,10.0,,,
1975-04-15,11.8,8.0,14.0,,,251,21.3,,,
1975-04-16,8.0,7.0,10.0,,,257,17.6,,,
1975-04-17,9.5,5.0,14.0,,,89,7.4,,,
1975-04-19,14.0,7.0,22.0,,,,6.0,,,
1975-04-20,12.6,10.0,15.0,,,,7.5,,,
1975-04-21,11.8,10.0,14.0,,,,9.4,,,
1975-04-26,9.7,3.0,16.0,,,19,9.4,,,
1975-04-27,11.0,4.0,17.0,,,52,14.6,,,
1975-04-28,12.4,3.0,20.0,,,,5.9,,,
1975-04-29,14.6,5.0,23.0,,,,7.2,,,
1975-05-01,9.4,2.0,16.0,,,,11.9,,,
1975-05-02,11.7,3.0,19.0,,,,6.0,,,
1975-05-03,8.0,5.0,13.0,,,284,11.8,,,
1975-05-04,4.7,4.0,5.0,,,,,,,
1975-05-06,11.5,7.0,16.0,,,,8.1,,,
1975-05-07,13.0,9.0,19.0,,,330,10.2,,,
1975-05-08,12.4,6.0,19.0,,,253,9.4,,,
1975-05-09,12.0,9.0,18.0,,,247,13.1,,,
1975-05-10,11.5,6.0,19.0,,,348,8.8,,,
1975-05-13,10.9,5.0,17.0,,,60,8.5,,,
1975-05-14,13.3,6.0,20.0,,,,6.0,,,
1975-05-15,14.5,9.0,20.0,,,,6.6,,,
1975-05-16,16.8,12.0,23.0,,,,6.5,,,
1975-05-17,17.8,11.0,25.0,,,,7.0,,,
1975-05-22,16.0,12.0,21.0,,,324,11.6,,,
1975-05-23,11.6,9.0,15.0,,,39,12.5,,,
1975-05-24,11.0,6.0,16.0,,,42,14.4,,,
1975-05-25,12.8,10.0,16.0,,,354,10.2,,,
1975-05-26,14.5,12.0,18.0,,,39,15.3,,,
1975-05-27,12.2,9.0,16.0,,,315,11.0,,,
1975-05-28,15.6,11.0,22.0,,,0,12.0,,,
1975-05-29,16.1,9.0,23.0,,,295,10.3,,,
1975-05-30,12.7,11.0,14.0,,,224,17.3,,,
1975-06-02,8.4,7.0,12.0,,,,7.9,,,
1975-06-03,9.6,6.0,14.0,,,249,19.5,,,
1975-06-06,12.9,5.0,20.0,,,25,18.1,,,
1975-06-08,15.7,8.0,21.0,,,14,14.1,,,
1975-06-09,14.7,8.0,20.0,,,4,8.2,,,
1975-06-10,14.8,12.0,20.0,,,,5.6,,,
1975-06-11,17.0,13.0,22.0,,,,14.2,,,
1975-06-12,19.2,13.0,26.0,,,1,9.1,,,
1975-06-14,21.2,15.0,27.0,,,,8.9,,,
1975-06-15,17.9,14.0,25.0,,,,8.6,,,
1975-06-17,12.5,10.0,19.0,,,,6.8,,,
1975-06-18,10.8,10.0,13.0,,,243,17.6,,,
1975-06-21,16.4,11.0,22.0,,,349,6.8,,,
1975-06-23,18.0,16.0,22.0,,,275,9.3,,,
1975-06-24,18.2,14.0,23.0,,,248,9.3,,,
1975-06-29,13.2,12.0,15.0,,,344,8.1,,,
1975-06-30,11.3,10.0,13.0,,,278,9.1,,,
1975-07-01,11.3,9.0,14.0,,,,7.9,,,
1975-07-02,12.7,9.0,15.0,,,,6.5,,,
1975-07-03,16.8,12.0,24.0,,,46,7.2,,,
1975-07-04,15.5,13.0,17.0,,,,6.4,,,
1975-07-06,19.0,14.0,25.0,,,22,11.0,,,
1975-07-07,21.3,14.0,28.0,,,,5.6,,,
1975-07-10,20.6,15.0,27.0,,,,9.0,,,
1975-07-11,18.6,14.0,27.0,,,283,8.4,,,
1975-07-12,18.9,14.0,24.0,,,264,8.5,,,
1975-07-13,20.4,13.0,27.0,,,,4.4,,,
1975-07-15,22.9,19.0,27.0,,,288,8.5,,,
1975-07-16,20.3,17.0,24.0,,,,8.7,,,
1975-07-17,20.8,15.0,26.0,,,10,8.1,,,
1975-07-20,18.0,13.0,23.0,,,241,9.2,,,
1975-07-23,20.0,13.0,27.0,,,253,8.8,,,
1975-07-24,18.1,15.0,21.0,,,257,10.8,,,
1975-07-26,15.1,8.0,22.0,,,,7.2,,,
1975-07-27,16.7,10.0,23.0,,,,11.5,,,
1975-07-29,19.0,12.0,26.0,,,288,7.9,,,
1975-07-30,20.5,13.0,28.0,,,,7.2,,,
1975-07-31,21.2,14.0,29.0,,,,9.1,,,
1975-08-01,21.5,14.0,29.0,,,229,6.8,,,
1975-08-04,23.3,16.0,31.0,,,0,11.4,,,
1975-08-05,21.9,15.0,28.0,,,,11.1,,,
1975-08-06,21.0,13.0,29.0,,,,10.1,,,
1975-08-07,22.3,15.0,30.0,,,359,6.8,,,
1975-08-08,22.0,15.0,30.0,,,,12.1,,,
1975-08-10,19.7,16.0,24.0,,,245,10.5,,,
1975-08-11,17.4,15.0,21.0,,,266,7.0,,,
1975-08-12,14.6,13.0,16.0,,,221,10.2,,,
1975-08-13,18.3,13.0,25.0,,,23,7.8,,,
1975-08-14,19.9,14.0,27.0,,,327,6.0,,,
1975-08-15,19.8,16.0,25.0,,,193,14.6,,,
1975-08-16,19.3,15.0,24.0,,,226,9.2,,,
1975-08-17,18.9,15.0,23.0,,,,12.5,,,
1975-08-18,17.6,16.0,19.0,,,235,14.1,,,
1975-08-19,18.1,15.0,22.0,,,,5.7,,,
1975-08-20,20.0,14.0,25.0,,,,6.1,,,
1975-08-21,20.1,14.0,28.0,,,,7.2,,,
1975-08-23,12.4,11.0,14.0,,,272,9.4,,,
1975-08-24,11.7,10.0,13.0,,,,5.7,,,
1975-08-25,12.6,11.0,16.0,,,197,7.0,,,
1975-08-26,12.9,11.0,14.0,,,3,8.9,,,
1975-08-27,16.9,14.0,21.0,,,58,21.2,,,
1975-08-28,15.8,10.0,21.0,,,46,8.8,,,
1975-08-29,16.8,11.0,23.0,,,180,9.4,,,
1975-08-30,16.8,15.0,21.0,,,159,10.9,,,
1975-08-31,18.2,14.0,23.0,,,,8.7,,,
1975-09-01,18.3,14.0,24.0,,,,8.6,,,
1975-09-02,18.9,16.0,23.0,,,,7.9,,,
1975-09-03,18.2,15.0,23.0,,,,9.0,,,
1975-09-04,18.2,14.0,23.0,,,,7.5,,,
1975-09-05,17.5,14.0,21.0,,,,8.1,,,
1975-09-07,16.2,14.0,19.0,,,,6.8,,,
1975-09-08,16.0,12.0,20.0,,,,8.2,,,
1975-09-09,16.9,12.0,22.0,,,,6.8,,,
1975-09-10,17.1,11.0,23.0,,,,5.8,,,
1975-09-11,14.9,12.0,19.0,,,267,8.0,,,
1975-09-12,13.0,9.0,18.0,,,228,16.5,,,
1975-09-13,12.2,8.0,17.0,,,228,15.2,,,
1975-09-14,12.7,9.0,18.0,,,248,13.2,,,
1975-09-15,14.2,11.0,19.0,,,34,11.7,,,
1975-09-19,17.0,14.0,19.0,,,322,13.8,,,
1975-09-20,16.6,14.0,19.0,,,325,7.6,,,
1975-09-22,16.2,12.0,22.0,,,,7.6,,,
1975-09-23,16.0,10.0,23.0,,,,3.7,,,
1975-09-24,16.9,12.0,22.0,,,,5.8,,,
1975-09-25,17.0,10.0,24.0,,,166,8.0,,,
1975-09-26,14.0,11.0,16.0,,,167,12.2,,,
1975-09-27,16.1,10.0,23.0,,,142,9.1,,,
1975-09-28,19.3,14.0,23.0,,,227,7.7,,,
1975-09-29,19.8,16.0,25.0,,,89,7.0,,,
1975-09-30,16.4,12.0,26.0,,,,10.9,,,
1975-10-01,14.4,10.0,18.0,,,69,8.5,,,
1975-10-02,15.8,12.0,21.0,,,36,7.0,,,
1975-10-03,15.9,12.0,20.0,,,235,13.5,,,
1975-10-04,11.5,9.0,14.0,,,300,8.3,,,
1975-10-05,10.0,7.0,15.0,,,,6.4,,,
1975-10-07,12.3,8.0,17.0,,,,5.5,,,
1975-10-08,10.1,7.0,13.0,,,338,9.8,,,
1975-10-09,8.0,3.0,14.0,,,316,7.3,,,
1975-10-10,7.1,5.0,11.0,,,358,10.9,,,
1975-10-11,5.6,4.0,7.0,,,40,19.6,,,
1975-10-12,4.0,3.0,6.0,,,340,12.2,,,
1975-10-13,3.7,3.0,4.0,,,,8.7,,,
1975-10-14,6.0,3.0,10.0,,,238,10.1,,,
1975-10-17,7.8,6.0,10.0,,,245,10.1,,,
1975-10-18,7.7,7.0,9.0,,,222,6.3,,,
1975-10-19,8.1,7.0,9.0,,,322,6.3,,,
1975-10-20,8.6,7.0,10.0,,,5,11.4,,,
1975-10-21,8.0,4.0,10.0,,,356,8.7,,,
1975-10-22,6.4,3.0,11.0,,,348,7.5,,,
1975-10-23,5.8,3.0,7.0,,,,9.2,,,
1975-10-24,7.0,4.0,12.0,,,282,8.2,,,
1975-10-25,5.6,4.0,6.0,,,67,11.9,,,
1975-10-27,4.5,3.0,7.0,,,294,5.5,,,
1975-10-28,4.2,2.0,8.0,,,303,5.8,,,
1975-10-29,4.1,2.0,9.0,,,6,6.2,,,
1975-10-30,4.4,2.0,11.0,,,327,5.7,,,
1975-11-02,9.3,7.0,12.0,,,,9.2,,,
1975-11-03,9.3,8.0,11.0,,,332,6.3,,,
1975-11-04,8.9,8.0,10.0,,,349,8.3,,,
1975-11-05,7.8,7.0,9.0,,,,6.4,,,
1975-11-06,6.8,6.0,8.0,,,296,6.3,,,
1975-11-08,6.7,5.0,9.0,,,49,20.9,,,
1975-11-11,2.9,-1.0,6.0,,,,5.5,,,
1975-11-12,4.1,2.0,8.0,,,244,8.3,,,
1975-11-14,8.7,6.0,10.0,,,234,10.5,,,
1975-11-15,7.3,6.0,9.0,,,,5.6,,,
1975-11-16,8.0,5.0,11.0,,,162,12.0,,,
1975-11-17,6.3,4.0,8.0,,,294,8.5,,,
1975-11-18,3.0,0.0,4.0,,,312,6.8,,,
1975-11-19,1.8,0.0,3.0,,,,6.1,,,
1975-11-20,4.7,1.0,7.0,,,235,27.6,,,
1975-11-21,1.7,-1.0,5.0,,,18,8.3,,,
1975-11-22,-0.2,-3.0,1.0,,,253,13.0,,,
1975-11-23,-3.0,-5.0,-1.0,,,30,12.8,,,
1975-11-24,-4.0,-5.0,-3.0,,,29,8.6,,,
1975-11-25,-1.2,-3.0,2.0,,,,7.4,,,
1975-11-26,-1.2,-3.0,4.0,,,,8.9,,,
1975-11-27,1.2,-2.0,4.0,,,,6.7,,,
1975-11-30,3.9,3.0,6.0,,,,7.9,,,
1975-12-01,1.9,0.0,4.0,,,,3.8,,,
1975-12-02,3.2,-1.0,7.0,,,139,8.9,,,
1975-12-03,4.0,1.0,8.0,,,,5.6,,,
1975-12-04,4.3,3.0,7.0,,,,5.9,,,
1975-12-05,2.7,1.0,5.0,,,,,,,
1975-12-07,1.5,-1.0,5.0,,,,6.7,,,
1975-12-09,1.4,-1.0,3.0,,,5,8.7,,,
1975-12-11,0.3,-3.0,2.0,,,67,8.9,,,
1975-12-12,-2.3,-4.0,0.0,,,,4.2,,,
1975-12-13,-0.6,-3.0,1.0,,,,6.8,,,
1975-12-15,0.1,0.0,1.0,,,30,15.0,,,
1975-12-16,-0.6,-1.0,0.0,,,27,10.3,,,
1975-12-18,-2.4,-4.0,-1.0,,,41,19.0,,,
1975-12-19,-6.8,-9.0,-3.0,,,1,14.6,,,
1975-12-20,-7.8,-9.0,-5.0,,,24,12.1,,,
1975-12-21,-5.6,-10.0,-2.0,,,,6.3,,,
1975-12-22,-5.2,-10.0,-3.0,,,,5.1,,,
1975-12-23,-2.9,-4.0,-2.0,,,82,7.8,,,
1975-12-25,-1.6,-3.0,0.0,,,222,6.9,,,
1975-12-26,1.0,0.0,3.0,,,180,6.6,,,
1975-12-27,1.3,-3.0,6.0,,,61,5.0,,,
1975-12-28,-2.8,-5.0,-1.0,,,283,4.9,,,
1975-12-31,-2.6,-4.0,0.0,,,162,5.9,,,
1976-01-01,1.8,-3.0,6.0,,,174,8.3,,,
1976-01-02,7.4,7.0,8.0,,,243,31.2,,,
1976-01-04,1.2,-4.0,3.0,,,271,18.0,,,
1976-01-06,4.7,4.0,6.0,,,239,12.6,,,
1976-01-07,4.6,1.0,9.0,,,,3.7,,,
1976-01-08,-0.2,-2.0,2.0,,,,4.1,,,
1976-01-10,1.4,-2.0,6.0,,,197,10.6,,,
1976-01-12,7.1,5.0,8.0,,,249,15.4,,,
1976-01-13,5.4,4.0,7.0,,,,6.2,,,
1976-01-14,3.9,-1.0,8.0,,,,11.3,,,
1976-01-16,1.0,0.0,2.0,,,201,6.2,,,
1976-01-18,-2.2,-5.0,1.0,,,,4.0,,,
1976-01-19,-0.8,-4.0,3.0,,,190,7.1,,,
1976-01-20,2.8,0.0,6.0,,,233,24.7,,,
1976-01-22,4.6,4.0,6.0,,,238,43.9,,,
1976-01-23,5.8,2.0,8.0,,,240,39.9,,,
1976-01-25,-3.9,-9.0,-1.0,,,,6.3,,,
1976-01-27,-4.9,-9.0,-3.0,,,204,10.5,,,
1976-01-28,-5.1,-12.0,-3.0,,,28,9.5,,,
1976-01-29,-9.7,-13.0,-8.0,,,44,14.0,,,
1976-01-30,-8.6,-11.0,-7.0,,,50,11.9,,,
1976-01-31,-6.3,-9.0,-4.0,,,351,8.3,,,
1976-02-01,-6.2,-11.0,-3.0,,,,7.1,,,
1976-02-02,-4.2,-5.0,-3.0,,,17,9.3,,,
1976-02-06,-1.2,-2.0,0.0,,,58,14.9,,,
1976-02-07,-0.7,-1.0,1.0,,,40,6.4,,,
1976-02-08,-0.5,-2.0,1.0,,,,7.2,,,
1976-02-09,1.0,0.0,3.0,,,,3.4,,,
1976-02-12,0.9,-1.0,3.0,,,229,15.4,,,
1976-02-13,1.0,-1.0,3.0,,,169,12.7,,,
1976-02-14,1.2,0.0,2.0,,,,9.6,,,
1976-02-15,0.2,-1.0,1.0,,,26,12.0,,,
1976-02-16,-0.2,-1.0,1.0,,,40,16.0,,,
1976-02-17,1.4,1.0,3.0,,,78,6.3,,,
1976-02-18,2.0,0.0,6.0,,,118,6.1,,,
1976-02-21,-0.1,-3.0,4.0,,,,6.0,,,
1976-02-22,1.3,-1.0,6.0,,,,4.1,,,
1976-02-23,3.7,0.0,10.0,,,,4.6,,,
1976-02-25,4.4,-1.0,12.0,,,,5.2,,,
1976-02-28,5.3,3.0,11.0,,,227,7.1,,,
1976-03-01,7.4,1.0,16.0,,,144,7.7,,,
1976-03-02,6.5,1.0,13.0,,,6,12.5,,,
1976-03-04,2.6,-2.0,9.0,,,,14.2,,,
1976-03-06,-4.1,-6.0,-3.0,,,40,14.2,,,
1976-03-07,-3.2,-6.0,-1.0,,,56,17.6,,,
1976-03-08,-3.0,-5.0,0.0,,,,8.7,,,
1976-03-09,-2.7,-9.0,4.0,,,,4.7,,,
1976-03-10,-1.2,-6.0,3.0,,,4,11.5,,,
1976-03-11,-1.1,-8.0,6.0,,,334,6.8,,,
1976-03-12,1.7,-4.0,8.0,,,,5.7,,,
1976-03-13,4.4,1.0,7.0,,,,,,,
1976-03-14,5.0,1.0,10.0,,,,6.4,,,
1976-03-15,5.5,-1.0,10.0,,,,6.0,,,
1976-03-17,6.9,4.0,11.0,,,,7.4,,,
1976-03-18,4.7,0.0,8.0,,,179,8.3,,,
1976-03-19,7.1,4.0,9.0,,,158,8.2,,,
1976-03-20,1.9,-1.0,6.0,,,54,20.2,,,
1976-03-22,-0.4,-6.0,5.0,,,26,10.1,,,
1976-03-24,2.9,-1.0,7.0,,,355,9.8,,,
1976-03-25,3.3,-1.0,7.0,,,,13.8,,,
1976-03-26,7.4,3.0,14.0,,,205,11.9,,,
1976-03-27,7.8,5.0,11.0,,,237,9.7,,,
1976-03-28,6.5,0.0,14.0,,,355,8.2,,,
1976-03-29,8.8,0.0,19.0,,,,7.4,,,
1976-03-30,9.7,4.0,16.0,,,251,17.4,,,
1976-04-01,12.0,3.0,22.0,,,267,5.4,,,
1976-04-06,12.4,4.0,20.0,,,,8.4,,,
1976-04-07,7.8,5.0,11.0,,,284,9.5,,,
1976-04-08,3.3,1.0,5.0,,,28,15.7,,,
1976-04-10,4.2,0.0,9.0,,,55,21.2,,,
1976-04-12,5.7,-2.0,13.0,,,24,10.6,,,
1976-04-13,6.8,-1.0,15.0,,,,6.7,,,
1976-04-14,7.6,3.0,13.0,,,178,13.6,,,
1976-04-15,9.1,3.0,17.0,,,,12.0,,,
1976-04-16,11.8,5.0,17.0,,,42,18.8,,,
1976-04-17,11.3,4.0,18.0,,,,9.3,,,
1976-04-18,11.7,3.0,20.0,,,,12.0,,,
1976-04-19,13.4,5.0,21.0,,,,7.6,,,
1976-04-20,13.8,6.0,19.0,,,26,13.6,,,
1976-04-21,13.4,8.0,19.0,,,1,10.8,,,
1976-04-22,8.3,5.0,13.0,,,,12.8,,,
1976-04-23,2.4,0.0,5.0,,,27,16.3,,,
1976-04-24,1.2,-1.0,3.0,,,357,13.6,,,
1976-04-26,4.1,0.0,8.0,,,283,8.2,,,
1976-04-27,8.5,4.0,14.0,,,264,8.1,,,
1976-04-28,5.6,4.0,8.0,,,45,20.4,,,
1976-04-29,4.4,0.0,9.0,,,41,22.4,,,
1976-04-30,5.1,-2.0,11.0,,,,,,,
1976-05-01,8.0,-2.0,15.0,,,,9.5,,,
1976-05-03,11.7,6.0,16.0,,,,17.2,,,
1976-05-04,11.5,10.0,15.0,,,,17.3,,,
1976-05-08,18.5,9.0,27.0,,,,7.0,,,
1976-05-10,16.8,11.0,22.0,,,,11.5,,,
1976-05-11,14.3,12.0,17.0,,,,12.6,,,
1976-05-12,13.6,11.0,17.0,,,,6.6,,,
1976-05-13,10.0,7.0,12.0,,,,10.3,,,
1976-05-14,10.7,4.0,16.0,,,,6.5,,,
1976-05-18,17.8,9.0,25.0,,,,7.3,,,
1976-05-20,11.3,10.0,13.0,,,,6.5,,,
1976-05-21,10.7,8.0,13.0,,,206,13.2,,,
1976-05-22,8.3,4.0,12.0,,,,12.3,,,
1976-05-23,9.2,1.0,16.0,,,28,12.9,,,
1976-05-24,11.8,4.0,20.0,,,3,8.5,,,
1976-05-26,11.6,10.0,13.0,,,214,12.8,,,
1976-05-27,10.9,7.0,15.0,,,183,12.7,,,
1976-05-28,12.3,2.0,20.0,,,,6.1,,,
1976-05-29,15.8,5.0,25.0,,,,7.3,,,
1976-05-30,14.7,12.0,18.0,,,202,14.7,,,
1976-05-31,14.8,11.0,19.0,,,249,18.3,,,
1976-06-02,11.8,10.0,13.0,,,254,17.4,,,
1976-06-03,9.0,7.0,12.0,,,,7.0,,,
1976-06-04,9.3,5.0,13.0,,,,10.7,,,
1976-06-05,11.5,6.0,16.0,,,,18.2,,,
1976-06-07,15.2,5.0,22.0,,,,14.3,,,
1976-06-08,17.5,8.0,26.0,,,,5.2,,,
1976-06-09,19.5,10.0,28.0,,,,6.7,,,
1976-06-10,18.3,14.0,23.0,,,224,10.6,,,
1976-06-12,19.5,13.0,26.0,,,344,5.6,,,
1976-06-13,20.3,12.0,28.0,,,,8.6,,,
1976-06-14,20.4,13.0,28.0,,,,6.6,,,
1976-06-15,21.2,13.0,28.0,,,,5.9,,,
1976-06-16,16.9,13.0,21.0,,,83,11.3,,,
1976-06-17,15.3,10.0,21.0,,,,13.5,,,
1976-06-18,16.8,8.0,24.0,,,291,7.7,,,
1976-06-19,19.0,10.0,26.0,,,,11.0,,,
1976-06-20,21.1,14.0,27.0,,,,12.7,,,
1976-06-21,21.6,14.0,28.0,,,,7.9,,,
1976-06-22,22.1,13.0,29.0,,,,7.2,,,
1976-06-24,22.1,13.0,28.0,,,,11.1,,,
1976-06-26,21.7,13.0,28.0,,,7,12.0,,,
1976-06-29,22.6,13.0,30.0,,,,12.2,,,
1976-06-30,23.2,14.0,31.0,,,23,15.1,,,
1976-07-01,24.1,14.0,31.0,,,16,15.0,,,
1976-07-02,24.0,13.0,31.0,,,,11.0,,,
1976-07-03,23.1,14.0,31.0,,,,9.5,,,
1976-07-04,24.0,16.0,31.0,,,233,9.6,,,
1976-07-06,23.1,15.0,30.0,,,32,11.1,,,
1976-07-07,21.5,15.0,29.0,,,31,8.2,,,
1976-07-09,18.5,13.0,26.0,,,37,13.5,,,
1976-07-10,18.5,16.0,22.0,,,144,9.1,,,
1976-07-11,20.7,13.0,29.0,,,348,6.0,,,
1976-07-12,20.8,16.0,27.0,,,207,10.2,,,
1976-07-13,18.6,17.0,23.0,,,212,12.9,,,
1976-07-14,20.3,15.0,26.0,,,,9.1,,,
1976-07-15,21.8,13.0,30.0,,,37,6.4,,,
1976-07-16,24.5,16.0,33.0,,,10,6.5,,,
1976-07-17,24.7,19.0,32.0,,,,10.6,,,
1976-07-19,21.3,18.0,27.0,,,,,,,
1976-07-20,18.3,17.0,21.0,,,168,9.3,,,
1976-07-21,16.5,15.0,20.0,,,,12.9,,,
1976-07-22,13.2,11.0,15.0,,,229,10.5,,,
1976-07-23,11.6,11.0,13.0,,,174,7.8,,,
1976-07-24,14.0,11.0,19.0,,,,8.9,,,
1976-07-25,13.3,10.0,18.0,,,335,7.8,,,
1976-07-26,12.6,11.0,14.0,,,,8.1,,,
1976-07-27,14.5,11.0,19.0,,,40,8.5,,,
1976-07-28,17.8,14.0,23.0,,,250,11.1,,,
1976-08-01,13.4,10.0,17.0,,,150,11.4,,,
1976-08-02,14.1,8.0,20.0,,,,7.3,,,
1976-08-03,16.2,8.0,23.0,,,303,8.4,,,
1976-08-09,15.7,13.0,18.0,,,,8.0,,,
1976-08-10,14.7,13.0,17.0,,,,5.9,,,
1976-08-11,16.0,13.0,22.0,,,207,8.6,,,
1976-08-12,15.8,11.0,22.0,,,,4.5,,,
1976-08-13,16.8,12.0,24.0,,,,4.7,,,
1976-08-14,17.3,10.0,24.0,,,,5.1,,,
1976-08-15,16.8,11.0,22.0,,,,9.0,,,
1976-08-16,16.1,14.0,19.0,,,341,6.5,,,
1976-08-17,14.9,11.0,21.0,,,2,8.7,,,
1976-08-18,13.5,9.0,20.0,,,347,6.5,,,
1976-08-19,13.8,8.0,20.0,,,,9.5,,,
1976-08-20,14.5,9.0,20.0,,,27,7.2,,,
1976-08-21,15.5,8.0,22.0,,,,7.2,,,
1976-08-22,14.8,9.0,19.0,,,36,22.9,,,
1976-08-24,16.3,9.0,24.0,,,,5.3,,,
1976-08-25,16.3,9.0,24.0,,,,5.7,,,
1976-08-27,13.9,10.0,17.0,,,,5.9,,,
1976-08-28,14.7,11.0,20.0,,,,6.8,,,
1976-08-29,16.2,11.0,22.0,,,,6.3,,,
1976-08-30,16.7,13.0,21.0,,,226,13.1,,,
1976-08-31,13.8,12.0,17.0,,,,6.9,,,
1976-09-01,13.3,11.0,19.0,,,252,6.3,,,
1976-09-02,15.2,13.0,18.0,,,215,13.7,,,
1976-09-03,10.6,9.0,13.0,,,,5.5,,,
1976-09-04,9.5,7.0,12.0,,,,3.7,,,
1976-09-05,10.9,8.0,14.0,,,,5.3,,,
1976-09-07,12.0,4.0,21.0,,,,5.0,,,
1976-09-09,13.6,10.0,18.0,,,184,13.8,,,
1976-09-11,11.0,4.0,17.0,,,,6.6,,,
1976-09-12,13.4,10.0,18.0,,,,7.7,,,
1976-09-13,13.1,9.0,20.0,,,,7.9,,,
1976-09-14,11.8,9.0,16.0,,,,9.2,,,
1976-09-15,10.6,8.0,15.0,,,,7.3,,,
1976-09-17,10.5,7.0,14.0,,,,8.1,,,
1976-09-19,10.7,5.0,16.0,,,,10.6,,,
1976-09-20,11.3,7.0,17.0,,,,6.8,,,
1976-09-21,9.7,5.0,15.0,,,,6.6,,,
1976-09-22,9.9,3.0,18.0,,,,3.2,,,
1976-09-23,12.5,7.0,20.0,,,,3.6,,,
1976-09-24,14.9,10.0,22.0,,,,3.2,,,
1976-09-26,14.0,9.0,19.0,,,,4.6,,,
1976-09-27,15.6,12.0,21.0,,,,5.2,,,
1976-09-29,15.1,12.0,18.0,,,,5.7,,,
1976-09-30,14.0,13.0,16.0,,,,6.0,,,
1976-10-01,15.1,13.0,19.0,,,,6.6,,,
1976-10-02,15.1,13.0,18.0,,,320,5.8,,,
1976-10-03,13.8,12.0,16.0,,,,4.6,,,
1976-10-04,12.6,10.0,18.0,,,,8.5,,,
1976-10-05,10.8,6.0,15.0,,,,9.2,,,
1976-10-07,12.6,5.0,22.0,,,,5.1,,,
1976-10-09,13.6,8.0,22.0,,,,4.8,,,
1976-10-10,13.3,6.0,22.0,,,,3.9,,,
1976-10-14,10.7,9.0,14.0,,,230,9.9,,,
1976-10-15,8.5,5.0,11.0,,,136,8.2,,,
1976-10-17,7.6,4.0,11.0,,,,5.1,,,
1976-10-18,7.7,5.0,11.0,,,,6.1,,,
1976-10-19,9.3,7.0,13.0,,,,8.1,,,
1976-10-20,9.9,7.0,15.0,,,346,7.6,,,
1976-10-21,8.2,5.0,12.0,,,,4.3,,,
1976-10-22,6.8,5.0,9.0,,,,5.3,,,
1976-10-23,8.0,5.0,14.0,,,,5.8,,,
1976-10-26,6.4,3.0,12.0,,,,5.5,,,
1976-10-27,7.7,5.0,10.0,,,,5.3,,,
1976-10-29,8.1,6.0,10.0,,,,8.0,,,
1976-10-30,7.9,7.0,9.0,,,261,9.9,,,
1976-10-31,9.0,8.0,11.0,,,,6.1,,,
1976-11-01,7.3,4.0,9.0,,,,5.1,,,
1976-11-02,8.1,5.0,10.0,,,159,8.7,,,
1976-11-03,6.8,5.0,9.0,,,163,12.4,,,
1976-11-05,5.3,0.0,10.0,,,,6.6,,,
1976-11-07,4.2,3.0,6.0,,,206,12.7,,,
1976-11-08,2.7,-1.0,5.0,,,32,7.5,,,
1976-11-09,4.1,0.0,10.0,,,284,7.3,,,
1976-11-10,8.3,3.0,19.0,,,285,9.5,,,
1976-11-11,6.1,2.0,8.0,,,247,10.3,,,
1976-11-12,2.6,0.0,5.0,,,345,6.2,,,
1976-11-13,3.7,-1.0,6.0,,,,4.3,,,
1976-11-15,4.8,4.0,7.0,,,,3.1,,,
1976-11-16,5.0,4.0,7.0,,,,6.1,,,
1976-11-17,4.5,3.0,6.0,,,23,9.5,,,
1976-11-18,3.3,1.0,5.0,,,27,12.7,,,
1976-11-19,2.4,0.0,4.0,,,36,17.5,,,
1976-11-20,1.6,1.0,3.0,,,28,21.5,,,
1976-11-21,1.3,0.0,2.0,,,34,19.3,,,
1976-11-22,1.5,0.0,3.0,,,273,8.5,,,
1976-11-23,1.7,0.0,4.0,,,237,13.2,,,
1976-11-24,1.5,-1.0,4.0,,,,14.9,,,
1976-11-25,2.3,1.0,4.0,,,,8.9,,,
1976-11-26,3.5,2.0,5.0,,,,8.0,,,
1976-11-27,1.8,-1.0,5.0,,,59,7.8,,,
1976-11-28,3.8,-1.0,8.0,,,29,6.8,,,
1976-12-01,5.0,2.0,8.0,,,223,23.8,,,
1976-12-02,3.6,1.0,5.0,,,228,23.9,,,
1976-12-03,0.8,0.0,2.0,,,214,11.0,,,
1976-12-05,0.4,-2.0,3.0,,,138,10.4,,,
1976-12-06,-1.3,-5.0,2.0,,,122,12.7,,,
1976-12-07,2.0,0.0,5.0,,,170,11.2,,,
1976-12-08,4.8,3.0,7.0,,,217,25.5,,,
1976-12-09,4.5,3.0,6.0,,,111,9.5,,,
1976-12-10,1.0,-3.0,5.0,,,,8.8,,,
1976-12-11,-2.1,-5.0,0.0,,,230,13.7,,,
1976-12-12,-1.1,-2.0,0.0,,,242,20.9,,,
1976-12-13,-2.8,-7.0,0.0,,,78,7.9,,,
1976-12-14,-4.8,-9.0,0.0,,,77,6.4,,,
1976-12-15,-6.6,-10.0,-4.0,,,70,7.6,,,
1976-12-16,-6.0,-7.0,-5.0,,,73,8.6,,,
1976-12-17,-4.2,-8.0,-1.0,,,67,6.0,,,
1976-12-18,-1.8,-4.0,3.0,,,,4.6,,,
1976-12-19,-1.6,-2.0,-1.0,,,,5.1,,,
1976-12-20,-2.5,-3.0,-1.0,,,,6.1,,,
1976-12-22,-3.8,-5.0,-2.0,,,347,6.0,,,
1976-12-24,-4.3,-5.0,-3.0,,,26,7.1,,,
1976-12-25,-3.3,-6.0,-2.0,,,15,11.6,,,
1976-12-28,-4.0,-6.0,-2.0,,,,6.6,,,
1976-12-29,-4.0,-5.0,-3.0,,,,9.3,,,
1976-12-30,-6.3,-12.0,-3.0,,,,5.6,,,
1976-12-31,-7.6,-13.0,-3.0,,,316,6.9,,,
1977-01-01,-0.1,-5.0,5.0,,,282,8.6,,,
1977-01-02,2.9,0.0,6.0,,,119,9.7,,,
1977-01-03,-0.3,-2.0,1.0,,,,5.2,,,
1977-01-04,0.8,0.0,2.0,,,19,13.8,,,
1977-01-05,1.3,1.0,2.0,,,0,9.8,,,
1977-01-07,-0.7,-1.0,0.0,,,269,6.5,,,
1977-01-08,-0.1,-2.0,3.0,,,,5.8,,,
1977-01-09,-0.6,-1.0,0.0,,,206,8.2,,,
1977-01-10,0.6,-1.0,3.0,,,,13.9,,,
1977-01-11,-0.6,-2.0,0.0,,,,8.7,,,
1977-01-12,-0.2,-2.0,0.0,,,275,7.9,,,
1977-01-14,-4.5,-8.0,0.0,,,58,7.9,,,
1977-01-15,0.0,-2.0,1.0,,,205,15.6,,,
1977-01-16,0.0,-1.0,1.0,,,227,16.3,,,
1977-01-17,-2.4,-9.0,0.0,,,242,7.0,,,
1977-01-18,-5.8,-10.0,-3.0,,,28,6.0,,,
1977-01-19,-2.8,-7.0,2.0,,,278,8.8,,,
1977-01-20,1.1,0.0,2.0,,,49,7.5,,,
1977-01-21,-0.2,-1.0,1.0,,,,6.2,,,
1977-01-22,-0.8,-2.0,1.0,,,,6.1,,,
1977-01-23,0.4,-1.0,3.0,,,,5.5,,,
1977-01-24,0.5,-1.0,3.0,,,,,,,
1977-01-27,4.2,2.0,7.0,,,211,18.9,,,
1977-01-28,3.1,0.0,8.0,,,,8.0,,,
1977-01-29,2.5,1.0,6.0,,,241,9.7,,,
1977-01-30,1.5,-1.0,3.0,,,,7.9,,,
1977-01-31,0.4,-2.0,2.0,,,,7.1,,,
1977-02-01,0.5,0.0,2.0,,,321,7.2,,,
1977-02-02,-1.0,-4.0,2.0,,,,7.8,,,
1977-02-03,-2.7,-7.0,2.0,,,,7.3,,,
1977-02-04,4.7,2.0,8.0,,,177,13.5,,,
1977-02-05,8.9,5.0,12.0,,,203,19.2,,,
1977-02-07,8.7,5.0,13.0,,,219,20.3,,,
1977-02-08,8.5,6.0,10.0,,,225,34.9,,,
1977-02-09,5.8,5.0,7.0,,,120,10.9,,,
1977-02-10,6.8,6.0,8.0,,,172,14.6,,,
1977-02-11,5.7,2.0,10.0,,,204,18.7,,,
1977-02-12,3.6,1.0,6.0,,,228,9.9,,,
1977-02-13,4.5,0.0,8.0,,,234,8.6,,,
1977-02-14,0.4,-4.0,6.0,,,313,6.0,,,
1977-02-15,1.1,-2.0,6.0,,,270,10.7,,,
1977-02-16,1.3,-1.0,4.0,,,179,11.4,,,
1977-02-17,2.2,0.0,5.0,,,136,11.6,,,
1977-02-18,6.9,4.0,10.0,,,175,11.4,,,
1977-02-19,7.8,2.0,13.0,,,204,13.4,,,
1977-02-21,5.8,2.0,8.0,,,195,15.8,,,
1977-02-22,5.3,1.0,9.0,,,311,12.7,,,
1977-02-23,6.9,3.0,13.0,,,,13.5,,,
1977-02-24,6.7,1.0,13.0,,,,6.7,,,
1977-02-25,5.1,4.0,8.0,,,,13.0,,,
1977-02-26,3.0,1.0,5.0,,,,13.4,,,
1977-02-27,0.2,-1.0,3.0,,,,8.9,,,
1977-02-28,-0.2,-3.0,3.0,,,,6.3,,,
1977-03-01,-0.1,-6.0,6.0,,,,4.0,,,
1977-03-02,1.8,-3.0,5.0,,,122,8.1,,,
1977-03-03,8.3,3.0,14.0,,,195,12.6,,,
1977-03-04,12.0,7.0,17.0,,,251,21.9,,,
1977-03-05,9.1,6.0,15.0,,,241,11.6,,,
1977-03-06,7.3,0.0,15.0,,,,6.9,,,
1977-03-07,7.3,1.0,15.0,,,,5.3,,,
1977-03-08,9.7,5.0,15.0,,,90,7.4,,,
1977-03-09,8.7,3.0,17.0,,,,6.1,,,
1977-03-10,10.3,6.0,15.0,,,94,8.6,,,
1977-03-11,9.1,5.0,13.0,,,268,10.0,,,
1977-03-12,5.0,3.0,8.0,,,203,11.6,,,
1977-03-13,5.5,3.0,9.0,,,177,13.9,,,
1977-03-14,6.8,5.0,8.0,,,215,16.9,,,
1977-03-15,6.8,1.0,13.0,,,,8.0,,,
1977-03-16,8.5,2.0,18.0,,,,5.2,,,
1977-03-17,10.4,4.0,17.0,,,102,8.0,,,
1977-03-18,8.3,5.0,12.0,,,245,12.2,,,
1977-03-19,6.0,2.0,8.0,,,187,9.8,,,
1977-03-20,5.0,-1.0,11.0,,,,10.3,,,
1977-03-21,6.5,4.0,11.0,,,292,12.6,,,
1977-03-22,8.8,3.0,14.0,,,292,8.7,,,
1977-03-23,12.2,5.0,21.0,,,85,12.0,,,
1977-03-24,11.7,9.0,15.0,,,275,15.5,,,
1977-03-25,11.0,8.0,15.0,,,45,9.1,,,
1977-03-26,10.9,6.0,18.0,,,,7.8,,,
1977-03-27,9.3,7.0,12.0,,,225,12.5,,,
1977-03-28,4.8,-2.0,9.0,,,296,16.2,,,
1977-03-29,-0.7,-2.0,1.0,,,39,23.9,,,
1977-03-30,-0.9,-2.0,0.0,,,60,33.5,,,
1977-03-31,0.3,-2.0,3.0,,,28,11.3,,,
1977-04-01,5.2,-2.0,10.0,,,190,15.5,,,
1977-04-02,9.6,7.0,12.0,,,,19.0,,,
1977-04-03,8.4,5.0,12.0,,,231,23.4,,,
1977-04-04,5.3,-1.0,11.0,,,,7.9,,,
1977-04-05,4.8,2.0,9.0,,,229,9.9,,,
1977-04-06,6.0,-2.0,14.0,,,291,9.4,,,
1977-04-07,6.3,2.0,9.0,,,233,12.6,,,
1977-04-08,0.8,-1.0,2.0,,,343,10.4,,,
1977-04-09,0.6,-2.0,3.0,,,17,13.7,,,
1977-04-11,1.3,-2.0,4.0,,,253,15.4,,,
1977-04-12,2.8,1.0,6.0,,,249,19.5,,,
1977-04-13,5.9,3.0,9.0,,,229,20.3,,,
1977-04-14,4.5,1.0,7.0,,,267,17.2,,,
1977-04-15,2.9,0.0,7.0,,,258,20.6,,,
1977-04-16,3.5,0.0,8.0,,,287,9.9,,,
1977-04-17,6.3,-2.0,15.0,,,,6.2,,,
1977-04-18,8.9,4.0,14.0,,,,9.6,,,
1977-04-19,5.6,3.0,8.0,,,356,9.8,,,
1977-04-20,5.7,1.0,11.0,,,,10.6,,,
1977-04-21,7.4,0.0,13.0,,,154,9.3,,,
1977-04-22,13.3,8.0,20.0,,,,15.6,,,
1977-04-23,13.8,9.0,16.0,,,231,20.5,,,
1977-04-24,8.6,6.0,11.0,,,254,27.1,,,
1977-04-25,8.3,5.0,11.0,,,,7.2,,,
1977-04-26,13.8,7.0,22.0,,,,7.8,,,
1977-04-27,10.7,7.0,13.0,,,,12.9,,,
1977-04-28,9.7,7.0,15.0,,,,6.6,,,
1977-04-29,8.2,4.0,11.0,,,,7.0,,,
1977-04-30,6.3,4.0,9.0,,,,8.1,,,
1977-05-01,7.3,4.0,9.0,,,,11.0,,,
1977-05-02,10.1,1.0,19.0,,,,8.0,,,
1977-05-03,11.9,5.0,17.0,,,,4.9,,,
1977-05-04,13.4,6.0,25.0,,,,14.1,,,
1977-05-07,6.7,2.0,14.0,,,,7.2,,,
1977-05-08,5.8,2.0,9.0,,,,10.6,,,
1977-05-09,8.0,4.0,12.0,,,,5.5,,,
1977-05-10,7.4,2.0,11.0,,,,9.0,,,
1977-05-11,12.5,7.0,18.0,,,,13.7,,,
1977-05-12,13.0,6.0,20.0,,,,11.3,,,
1977-05-13,10.0,7.0,13.0,,,230,12.4,,,
1977-05-14,9.0,5.0,14.0,,,21,8.3,,,
1977-05-15,10.0,6.0,14.0,,,,4.8,,,
1977-05-16,10.6,5.0,17.0,,,34,11.4,,,
1977-05-18,13.4,8.0,18.0,,,19,12.6,,,
1977-05-19,13.5,10.0,17.0,,,,10.4,,,
1977-05-20,15.5,10.0,21.0,,,,10.2,,,
1977-05-21,13.7,9.0,20.0,,,,9.1,,,
1977-05-22,11.2,9.0,13.0,,,,15.2,,,
1977-05-25,17.1,8.0,24.0,,,,9.9,,,
1977-05-26,16.9,11.0,22.0,,,,15.6,,,
1977-05-27,13.4,9.0,17.0,,,35,16.9,,,
1977-05-28,13.3,5.0,19.0,,,29,14.5,,,
1977-05-29,14.2,4.0,22.0,,,,4.1,,,
1977-05-30,15.0,7.0,22.0,,,,9.3,,,
1977-05-31,13.0,10.0,17.0,,,,15.0,,,
1977-06-01,12.4,6.0,18.0,,,33,20.7,,,
1977-06-02,13.4,6.0,19.0,,,28,15.0,,,
1977-06-03,12.9,7.0,17.0,,,,9.8,,,
1977-06-04,14.6,10.0,19.0,,,346,7.2,,,
1977-06-05,14.8,12.0,19.0,,,,13.9,,,
1977-06-06,13.4,11.0,16.0,,,234,16.4,,,
1977-06-13,20.3,13.0,31.0,,,,11.7,,,
1977-06-14,14.9,11.0,19.0,,,,12.0,,,
1977-06-15,12.4,11.0,14.0,,,,5.7,,,
1977-06-16,16.8,11.0,24.0,,,,5.0,,,
1977-06-17,18.8,11.0,26.0,,,,4.4,,,
1977-06-18,18.0,12.0,27.0,,,,9.6,,,
1977-06-19,16.8,12.0,22.0,,,,14.8,,,
1977-06-20,17.4,13.0,25.0,,,,8.5,,,
1977-06-21,14.6,13.0,16.0,,,,6.3,,,
1977-06-22,14.2,13.0,17.0,,,,5.2,,,
1977-06-23,15.8,12.0,21.0,,,17,9.0,,,
1977-06-24,16.5,11.0,23.0,,,,6.3,,,
1977-06-25,16.3,13.0,21.0,,,,9.8,,,
1977-06-26,14.3,12.0,18.0,,,215,12.7,,,
1977-06-27,13.9,11.0,17.0,,,,8.1,,,
1977-06-28,15.9,9.0,24.0,,,,4.7,,,
1977-06-29,15.0,12.0,21.0,,,,6.8,,,
1977-06-30,13.5,12.0,16.0,,,,6.9,,,
1977-07-01,16.0,11.0,22.0,,,,6.3,,,
1977-07-02,17.8,9.0,25.0,,,,6.0,,,
1977-07-03,20.3,11.0,28.0,,,,,,,
1977-07-04,22.3,17.0,27.0,,,,10.5,,,
1977-07-05,20.6,16.0,27.0,,,313,8.0,,,
1977-07-06,19.5,12.0,26.0,,,27,9.0,,,
1977-07-07,20.3,13.0,28.0,,,,6.6,,,
1977-07-08,18.1,14.0,24.0,,,351,10.0,,,
1977-07-09,17.1,15.0,22.0,,,213,8.0,,,
1977-07-10,16.9,15.0,20.0,,,,5.6,,,
1977-07-11,19.1,14.0,25.0,,,53,13.0,,,
1977-07-12,20.4,12.0,28.0,,,,6.1,,,
1977-07-13,18.0,14.0,23.0,,,,10.5,,,
1977-07-14,16.7,13.0,20.0,,,,11.5,,,
1977-07-15,14.8,12.0,18.0,,,,9.2,,,
1977-07-16,15.5,8.0,21.0,,,,9.1,,,
1977-07-18,17.7,13.0,23.0,,,,13.4,,,
1977-07-19,18.1,15.0,22.0,,,275,16.0,,,
1977-07-20,18.8,15.0,23.0,,,299,13.4,,,
1977-07-21,15.7,13.0,19.0,,,283,10.8,,,
1977-07-22,15.4,9.0,21.0,,,,4.7,,,
1977-07-23,17.3,9.0,25.0,,,,4.3,,,
1977-07-24,20.3,12.0,28.0,,,,12.9,,,
1977-07-25,16.2,13.0,22.0,,,,14.2,,,
1977-07-26,13.1,11.0,16.0,,,,13.2,,,
1977-07-27,15.2,11.0,19.0,,,,,,,
1977-07-28,16.4,13.0,22.0,,,,5.3,,,
1977-07-30,17.0,15.0,20.0,,,,5.8,,,
1977-07-31,15.2,13.0,18.0,,,,7.8,,,
1977-08-01,14.4,11.0,18.0,,,,7.2,,,
1977-08-02,14.8,10.0,20.0,,,,12.0,,,
1977-08-03,16.2,9.0,24.0,,,,5.7,,,
1977-08-04,18.0,10.0,26.0,,,,4.9,,,
1977-08-05,19.7,12.0,26.0,,,,5.8,,,
1977-08-06,21.0,14.0,27.0,,,,5.9,,,
1977-08-07,19.0,14.0,26.0,,,240,11.0,,,
1977-08-08,17.6,15.0,22.0,,,,5.6,,,
1977-08-09,16.1,13.0,22.0,,,,6.1,,,
1977-08-10,14.8,13.0,18.0,,,,7.3,,,
1977-08-11,15.6,11.0,21.0,,,,9.5,,,
1977-08-12,14.7,10.0,20.0,,,,8.0,,,
1977-08-13,14.8,8.0,21.0,,,287,9.6,,,
1977-08-14,17.3,12.0,23.0,,,294,7.0,,,
1977-08-15,18.0,13.0,24.0,,,,4.1,,,
1977-08-16,17.5,11.0,25.0,,,,6.3,,,
1977-08-17,18.4,15.0,24.0,,,344,8.4,,,
1977-08-19,15.4,13.0,18.0,,,226,13.6,,,
1977-08-20,14.0,12.0,18.0,,,,6.4,,,
1977-08-21,13.6,13.0,15.0,,,,6.3,,,
1977-08-22,13.7,12.0,16.0,,,,10.1,,,
1977-08-23,13.9,10.0,17.0,,,,5.5,,,
1977-08-24,15.1,12.0,19.0,,,,6.0,,,
1977-08-25,16.0,8.0,24.0,,,,6.3,,,
1977-08-26,16.1,13.0,21.0,,,,7.2,,,
1977-08-27,14.6,13.0,16.0,,,,3.6,,,
1977-08-28,14.6,13.0,16.0,,,,5.5,,,
1977-08-29,16.4,14.0,20.0,,,64,13.3,,,
1977-08-30,16.5,12.0,20.0,,,,11.6,,,
1977-08-31,16.8,12.0,22.0,,,,6.0,,,
1977-09-01,16.2,13.0,21.0,,,,6.8,,,
1977-09-02,17.2,13.0,22.0,,,29,8.2,,,
1977-09-03,18.0,14.0,23.0,,,342,8.2,,,
1977-09-04,16.0,13.0,19.0,,,45,9.6,,,
1977-09-05,14.8,10.0,20.0,,,,4.2,,,
1977-09-06,15.5,11.0,22.0,,,,4.3,,,
1977-09-08,18.2,13.0,24.0,,,,10.2,,,
1977-09-09,13.1,9.0,16.0,,,,13.1,,,
1977-09-10,11.5,7.0,18.0,,,,5.8,,,
1977-09-11,15.1,8.0,23.0,,,,5.1,,,
1977-09-12,17.0,9.0,25.0,,,,8.8,,,
1977-09-13,13.8,10.0,16.0,,,,9.3,,,
1977-09-14,11.6,6.0,18.0,,,,9.0,,,
1977-09-16,10.8,7.0,16.0,,,,9.2,,,
1977-09-17,8.5,4.0,13.0,,,,14.6,,,
1977-09-18,7.7,6.0,9.0,,,28,16.4,,,
1977-09-19,7.1,3.0,11.0,,,30,11.7,,,
1977-09-20,6.7,5.0,9.0,,,14,10.6,,,
1977-09-21,8.0,3.0,12.0,,,,4.3,,,
1977-09-22,8.8,4.0,14.0,,,,5.5,,,
1977-09-24,9.5,5.0,15.0,,,,7.6,,,
1977-09-25,11.7,8.0,16.0,,,,5.1,,,
1977-09-26,13.0,10.0,18.0,,,,4.5,,,
1977-09-27,11.6,7.0,18.0,,,,6.1,,,
1977-09-29,12.8,10.0,15.0,,,,7.4,,,
1977-09-30,13.6,10.0,19.0,,,,6.5,,,
1977-10-01,13.6,8.0,20.0,,,,24.1,,,
1977-10-02,8.9,7.0,13.0,,,245,19.6,,,
1977-10-03,7.0,4.0,11.0,,,,9.8,,,
1977-10-04,7.2,0.0,14.0,,,,6.5,,,
1977-10-05,13.5,8.0,21.0,,,,7.8,,,
1977-10-06,15.8,8.0,23.0,,,,14.3,,,
1977-10-07,17.0,11.0,21.0,,,44,16.0,,,
1977-10-08,13.5,10.0,17.0,,,,6.8,,,
1977-10-09,13.3,11.0,16.0,,,,3.1,,,
1977-10-10,11.8,9.0,14.0,,,,8.7,,,
1977-10-11,9.9,7.0,14.0,,,,8.9,,,
1977-10-12,8.8,5.0,15.0,,,,3.2,,,
1977-10-13,7.3,5.0,12.0,,,,4.0,,,
1977-10-15,8.8,8.0,11.0,,,,3.7,,,
1977-10-16,8.5,5.0,12.0,,,,2.1,,,
1977-10-17,7.6,6.0,9.0,,,,4.2,,,
1977-10-19,7.5,4.0,11.0,,,,5.1,,,
1977-10-20,6.6,4.0,12.0,,,,6.3,,,
1977-10-21,8.9,4.0,15.0,,,,4.0,,,
1977-10-22,9.7,6.0,14.0,,,,2.3,,,
1977-10-23,10.7,6.0,16.0,,,,4.5,,,
1977-10-24,13.0,11.0,17.0,,,,1.9,,,
1977-10-25,12.7,10.0,16.0,,,,2.7,,,
1977-10-26,13.3,12.0,15.0,,,,2.9,,,
1977-10-27,12.3,10.0,15.0,,,,3.7,,,
1977-10-28,10.5,7.0,12.0,,,,4.7,,,
1977-10-30,9.3,6.0,14.0,,,,5.2,,,
1977-10-31,8.1,4.0,12.0,,,,3.8,,,
1977-11-01,8.5,4.0,10.0,,,,11.5,,,
1977-11-02,6.5,3.0,12.0,,,197,12.2,,,
1977-11-03,16.2,13.0,19.0,,,236,31.4,,,
1977-11-04,13.2,8.0,18.0,,,244,22.9,,,
1977-11-05,9.5,5.0,14.0,,,,5.0,,,
1977-11-06,7.5,3.0,14.0,,,,3.9,,,
1977-11-07,9.3,3.0,16.0,,,,4.3,,,
1977-11-08,10.3,8.0,15.0,,,,3.9,,,
1977-11-09,10.8,7.0,14.0,,,,6.8,,,
1977-11-10,10.5,7.0,17.0,,,,4.8,,,
1977-11-11,9.1,4.0,16.0,,,137,9.3,,,
1977-11-12,11.4,5.0,17.0,,,228,28.0,,,
1977-11-13,6.7,2.0,10.0,,,260,28.9,,,
1977-11-14,2.6,-1.0,10.0,,,228,22.8,,,
1977-11-16,3.0,2.0,5.0,,,241,25.6,,,
1977-11-17,1.8,0.0,3.0,,,,,,,
1977-11-18,1.5,0.0,2.0,,,253,14.5,,,
1977-11-19,1.7,0.0,4.0,,,,9.7,,,
1977-11-20,0.7,-3.0,6.0,,,139,10.1,,,
1977-11-21,0.7,-2.0,4.0,,,292,10.8,,,
1977-11-22,2.4,0.0,4.0,,,242,21.0,,,
1977-11-23,2.4,1.0,5.0,,,240,20.0,,,
1977-11-24,4.0,1.0,6.0,,,244,26.0,,,
1977-11-25,1.8,0.0,5.0,,,249,21.7,,,
1977-11-26,0.8,0.0,2.0,,,315,11.4,,,
1977-11-27,-0.5,-2.0,1.0,,,9,12.3,,,
1977-11-28,-0.5,-1.0,2.0,,,36,15.7,,,
1977-11-29,-2.1,-3.0,-1.0,,,47,17.5,,,
1977-11-30,-3.2,-4.0,-3.0,,,54,12.6,,,
1977-12-01,-3.2,-5.0,-1.0,,,60,14.3,,,
1977-12-02,-2.3,-5.0,0.0,,,58,10.3,,,
1977-12-03,-2.8,-6.0,0.0,,,41,15.6,,,
1977-12-04,-2.5,-6.0,0.0,,,55,11.0,,,
1977-12-05,-3.0,-4.0,-1.0,,,,9.0,,,
1977-12-07,3.1,0.0,7.0,,,,8.8,,,
1977-12-10,4.0,0.0,6.0,,,,4.9,,,
1977-12-11,1.6,-2.0,4.0,,,,4.8,,,
1977-12-12,3.1,0.0,6.0,,,,3.9,,,
1977-12-13,5.3,2.0,7.0,,,,5.8,,,
1977-12-14,3.3,1.0,6.0,,,346,10.0,,,
1977-12-15,2.1,1.0,3.0,,,31,8.9,,,
1977-12-16,3.1,2.0,4.0,,,117,8.8,,,
1977-12-17,0.2,-1.0,1.0,,,,7.8,,,
1977-12-18,-1.6,-2.0,-1.0,,,,4.8,,,
1977-12-20,-3.4,-4.0,2.0,,,,5.6,,,
1977-12-21,-3.9,-5.0,-3.0,,,,5.0,,,
1977-12-22,-0.6,-3.0,2.0,,,,2.3,,,
1977-12-23,1.9,-1.0,7.0,,,,8.9,,,
1977-12-24,9.3,7.0,15.0,,,189,17.2,,,
1977-12-25,7.0,4.0,9.0,,,255,18.8,,,
1977-12-26,2.3,0.0,4.0,,,144,5.6,,,
1977-12-27,4.6,2.0,9.0,,,200,12.0,,,
1977-12-28,2.0,-1.0,6.0,,,131,7.3,,,
1977-12-29,1.3,0.0,3.0,,,265,9.5,,,
1977-12-30,1.8,0.0,3.0,,,249,30.3,,,
1977-12-31,0.8,0.0,2.0,,,257,19.1,,,
1978-01-01,1.3,-2.0,5.0,,,,4.2,,,
1978-01-02,-0.7,-5.0,5.0,,,203,5.3,,,
1978-01-03,3.5,2.0,6.0,,,243,14.5,,,
1978-01-04,1.1,-2.0,3.0,,,,15.7,,,
1978-01-05,-2.7,-6.0,0.0,,,,6.6,,,
1978-01-06,-5.5,-8.0,-2.0,,,,4.4,,,
1978-01-07,-6.5,-10.0,-4.0,,,,4.6,,,
1978-01-08,-3.4,-5.0,-1.0,,,210,4.9,,,
1978-01-09,-3.0,-4.0,-2.0,,,,7.9,,,
1978-01-10,0.0,-2.0,2.0,,,171,7.0,,,
1978-01-11,-0.2,-2.0,1.0,,,138,7.3,,,
1978-01-12,1.1,0.0,2.0,,,,12.0,,,
1978-01-13,1.0,0.0,2.0,,,50,19.1,,,
1978-01-14,0.9,0.0,2.0,,,64,19.7,,,
1978-01-15,0.3,-1.0,1.0,,,62,14.0,,,
1978-01-16,-0.9,-1.0,0.0,,,,5.3,,,
1978-01-17,-2.0,-4.0,0.0,,,,3.8,,,
1978-01-18,-0.2,-1.0,1.0,,,,6.6,,,
1978-01-19,0.6,-4.0,2.0,,,350,6.2,,,
1978-01-20,1.4,-1.0,3.0,,,,6.3,,,
1978-01-21,0.0,-1.0,1.0,,,,3.8,,,
1978-01-22,-0.4,-2.0,1.0,,,119,6.4,,,
1978-01-23,1.1,-3.0,5.0,,,,6.9,,,
1978-01-24,3.4,0.0,7.0,,,210,20.6,,,
1978-01-25,3.4,2.0,5.0,,,245,21.6,,,
1978-01-26,1.0,-1.0,3.0,,,219,15.4,,,
1978-01-27,1.3,-2.0,4.0,,,214,13.2,,,
1978-01-29,1.2,0.0,3.0,,,211,12.2,,,
1978-01-30,0.9,0.0,1.0,,,242,14.1,,,
1978-01-31,1.0,-2.0,2.0,,,,10.6,,,
1978-02-01,-0.7,-4.0,2.0,,,,9.7,,,
1978-02-02,2.4,1.0,4.0,,,238,26.1,,,
1978-02-03,0.5,-1.0,2.0,,,270,14.0,,,
1978-02-04,-1.6,-3.0,1.0,,,,6.2,,,
1978-02-05,-2.4,-5.0,1.0,,,,6.5,,,
1978-02-07,0.5,0.0,2.0,,,,4.0,,,
1978-02-08,-2.0,-4.0,0.0,,,45,16.0,,,
1978-02-09,-4.0,-5.0,-1.0,,,44,13.6,,,
1978-02-10,-4.7,-6.0,-3.0,,,33,12.0,,,
1978-02-11,-4.4,-6.0,-3.0,,,302,10.2,,,
1978-02-12,-4.8,-8.0,-2.0,,,,5.0,,,
1978-02-13,-3.6,-8.0,0.0,,,261,10.2,,,
1978-02-14,-4.4,-9.0,0.0,,,,4.0,,,
1978-02-15,-3.6,-8.0,2.0,,,,5.2,,,
1978-02-16,-3.8,-8.0,-1.0,,,351,6.4,,,
1978-02-17,-1.5,-3.0,0.0,,,,6.1,,,
1978-02-18,-3.1,-5.0,-1.0,,,15,9.0,,,
1978-02-19,-3.4,-5.0,-1.0,,,338,6.4,,,
1978-02-20,-2.3,-4.0,0.0,,,,9.0,,,
1978-02-21,-1.2,-3.0,1.0,,,,5.5,,,
1978-02-23,1.3,0.0,3.0,,,,5.5,,,
1978-02-24,4.2,1.0,9.0,,,,5.9,,,
1978-02-25,4.2,0.0,10.0,,,,4.7,,,
1978-02-26,3.7,3.0,5.0,,,,6.1,,,
1978-02-27,2.8,0.0,6.0,,,,5.4,,,
1978-02-28,4.9,2.0,9.0,,,,5.1,,,
1978-03-01,1.7,-2.0,6.0,,,,2.9,,,
1978-03-02,5.4,1.0,10.0,,,,5.8,,,
1978-03-03,6.6,1.0,14.0,,,55,8.0,,,
1978-03-04,5.5,2.0,11.0,,,,5.3,,,
1978-03-05,3.7,2.0,5.0,,,,6.3,,,
1978-03-06,2.7,2.0,4.0,,,39,15.4,,,
1978-03-07,2.0,-2.0,5.0,,,,8.6,,,
1978-03-08,1.8,-4.0,8.0,,,,2.6,,,
1978-03-09,7.9,3.0,12.0,,,291,14.0,,,
1978-03-10,4.6,-1.0,10.0,,,,2.5,,,
1978-03-11,7.0,1.0,14.0,,,29,4.7,,,
1978-03-12,8.2,1.0,15.0,,,,6.5,,,
1978-03-13,6.0,1.0,9.0,,,247,12.0,,,
1978-03-14,4.8,0.0,11.0,,,,12.2,,,
1978-03-15,5.4,4.0,7.0,,,241,27.0,,,
1978-03-16,6.2,0.0,11.0,,,239,21.0,,,
1978-03-17,1.8,0.0,4.0,,,234,16.5,,,
1978-03-18,1.3,0.0,4.0,,,264,10.7,,,
1978-03-19,1.9,-1.0,6.0,,,239,11.4,,,
1978-03-20,4.3,0.0,9.0,,,232,26.1,,,
1978-03-21,3.8,0.0,9.0,,,257,32.7,,,
1978-03-22,2.4,-1.0,5.0,,,244,18.2,,,
1978-03-23,3.8,1.0,7.0,,,220,20.4,,,
1978-03-24,2.0,0.0,6.0,,,,13.6,,,
1978-03-25,4.7,1.0,8.0,,,226,17.7,,,
1978-03-26,3.9,0.0,7.0,,,240,23.1,,,
1978-03-27,3.2,1.0,6.0,,,200,14.0,,,
1978-03-28,10.3,4.0,18.0,,,,7.4,,,
1978-03-29,10.9,3.0,19.0,,,209,7.8,,,
1978-03-30,11.3,4.0,19.0,,,,6.2,,,
1978-03-31,8.8,5.0,12.0,,,,7.8,,,
1978-04-01,9.3,6.0,15.0,,,13,5.2,,,
1978-04-02,9.5,6.0,13.0,,,,5.3,,,
1978-04-04,9.3,7.0,12.0,,,29,13.7,,,
1978-04-06,6.0,4.0,8.0,,,51,29.4,,,
1978-04-07,4.4,-1.0,11.0,,,26,18.2,,,
1978-04-09,7.2,-1.0,14.0,,,13,4.8,,,
1978-04-10,7.7,3.0,13.0,,,168,5.8,,,
1978-04-11,3.3,2.0,6.0,,,244,14.6,,,
1978-04-12,3.3,0.0,7.0,,,,8.9,,,
1978-04-14,5.3,-1.0,13.0,,,,13.6,,,
1978-04-15,3.8,2.0,6.0,,,34,15.8,,,
1978-04-16,3.5,2.0,6.0,,,311,9.8,,,
1978-04-17,2.8,-1.0,7.0,,,,6.9,,,
1978-04-18,4.8,-3.0,12.0,,,,7.1,,,
1978-04-19,7.9,5.0,12.0,,,,7.3,,,
1978-04-20,7.7,0.0,16.0,,,,10.6,,,
1978-04-21,8.4,6.0,11.0,,,,9.7,,,
1978-04-22,8.8,2.0,14.0,,,,9.7,,,
1978-04-23,9.7,5.0,16.0,,,,7.6,,,
1978-04-24,10.7,2.0,18.0,,,,5.0,,,
1978-04-25,11.6,4.0,18.0,,,,8.3,,,
1978-04-26,11.4,4.0,18.0,,,,6.1,,,
1978-04-27,9.3,7.0,11.0,,,261,10.5,,,
1978-04-28,11.3,6.0,17.0,,,,6.3,,,
1978-04-29,12.4,4.0,19.0,,,31,9.7,,,
1978-04-30,14.2,10.0,18.0,,,,8.0,,,
1978-05-01,11.0,7.0,14.0,,,277,9.1,,,
1978-05-02,8.5,7.0,10.0,,,245,19.7,,,
1978-05-03,11.2,3.0,19.0,,,,6.3,,,
1978-05-04,14.2,9.0,20.0,,,,5.5,,,
1978-05-05,15.5,10.0,23.0,,,,11.7,,,
1978-05-06,12.0,10.0,15.0,,,,8.6,,,
1978-05-07,8.9,7.0,11.0,,,260,14.0,,,
1978-05-08,8.3,7.0,10.0,,,239,14.3,,,
1978-05-09,10.1,8.0,12.0,,,,3.9,,,
1978-05-10,10.7,6.0,16.0,,,,6.7,,,
1978-05-11,6.8,5.0,9.0,,,15,7.6,,,
1978-05-12,6.5,3.0,10.0,,,215,15.6,,,
1978-05-13,6.7,4.0,10.0,,,,10.0,,,
1978-05-14,8.4,4.0,13.0,,,205,8.6,,,
1978-05-15,9.0,6.0,13.0,,,199,11.6,,,
1978-05-16,11.4,4.0,16.0,,,,6.1,,,
1978-05-17,12.8,8.0,18.0,,,,5.9,,,
1978-05-18,13.2,9.0,19.0,,,,3.6,,,
1978-05-19,12.3,10.0,14.0,,,,8.8,,,
1978-05-20,12.8,9.0,19.0,,,,5.5,,,
1978-05-21,14.0,8.0,20.0,,,,10.8,,,
1978-05-22,13.6,9.0,17.0,,,,11.0,,,
1978-05-23,9.2,7.0,11.0,,,238,14.3,,,
1978-05-24,8.9,8.0,9.0,,,215,11.2,,,
1978-05-25,11.6,8.0,16.0,,,,,,,
1978-05-26,14.5,11.0,19.0,,,37,15.9,,,
1978-05-27,14.0,7.0,20.0,,,,19.4,,,
1978-05-28,15.5,10.0,22.0,,,52,20.7,,,
1978-05-29,15.6,8.0,22.0,,,41,16.9,,,
1978-06-02,17.8,10.0,25.0,,,,6.0,,,
1978-06-03,17.1,10.0,26.0,,,,5.8,,,
1978-06-04,18.3,11.0,25.0,,,,5.8,,,
1978-06-05,19.2,15.0,25.0,,,,5.2,,,
1978-06-06,20.0,13.0,27.0,,,,4.0,,,
1978-06-07,19.7,15.0,24.0,,,,7.2,,,
1978-06-09,18.3,12.0,24.0,,,,7.8,,,
1978-06-10,17.7,15.0,21.0,,,,7.1,,,
1978-06-11,14.7,12.0,18.0,,,30,12.6,,,
1978-06-12,14.1,6.0,21.0,,,,10.1,,,
1978-06-14,12.6,5.0,19.0,,,,9.9,,,
1978-06-16,12.5,11.0,14.0,,,,7.5,,,
1978-06-17,9.7,7.0,12.0,,,,7.3,,,
1978-06-18,11.1,7.0,16.0,,,,5.3,,,
1978-06-19,12.4,6.0,20.0,,,,9.3,,,
1978-06-20,15.0,10.0,20.0,,,,7.8,,,
1978-06-21,14.5,8.0,20.0,,,,7.2,,,
1978-06-22,16.0,12.0,20.0,,,213,11.0,,,
1978-06-23,13.8,11.0,17.0,,,,9.6,,,
1978-06-24,10.5,9.0,14.0,,,,11.2,,,
1978-06-25,10.4,8.0,15.0,,,226,9.6,,,
1978-06-26,11.3,8.0,16.0,,,,9.8,,,
1978-06-27,9.6,8.0,12.0,,,,8.7,,,
1978-06-28,10.5,8.0,14.0,,,234,8.3,,,
1978-06-29,14.7,10.0,21.0,,,15,5.3,,,
1978-06-30,15.6,8.0,23.0,,,,6.6,,,
1978-07-01,14.8,13.0,17.0,,,,6.3,,,
1978-07-02,16.2,11.0,22.0,,,,6.8,,,
1978-07-03,18.0,14.0,22.0,,,250,13.3,,,
1978-07-04,14.2,12.0,17.0,,,,9.0,,,
1978-07-05,12.8,11.0,16.0,,,,14.6,,,
1978-07-06,12.5,11.0,15.0,,,235,11.1,,,
1978-07-08,12.0,9.0,16.0,,,,8.3,,,
1978-07-09,12.0,11.0,14.0,,,256,13.8,,,
1978-07-10,14.1,9.0,20.0,,,,6.2,,,
1978-07-11,14.8,9.0,21.0,,,,5.6,,,
1978-07-12,17.7,13.0,23.0,,,,6.8,,,
1978-07-13,19.4,14.0,25.0,,,,5.9,,,
1978-07-14,19.4,13.0,25.0,,,,5.0,,,
1978-07-15,16.3,14.0,19.0,,,,8.4,,,
1978-07-18,17.1,13.0,20.0,,,254,11.2,,,
1978-07-19,14.6,13.0,17.0,,,,10.0,,,
1978-07-20,15.9,13.0,20.0,,,250,14.6,,,
1978-07-21,13.9,12.0,16.0,,,,11.2,,,
1978-07-22,15.3,10.0,21.0,,,,4.1,,,
1978-07-24,18.4,10.0,25.0,,,,6.1,,,
1978-07-26,18.1,11.0,26.0,,,,7.6,,,
1978-07-28,20.5,12.0,28.0,,,,3.5,,,
1978-07-29,21.5,14.0,29.0,,,,5.0,,,
1978-07-30,21.8,15.0,29.0,,,,5.6,,,
1978-07-31,20.5,15.0,26.0,,,,8.5,,,
1978-08-01,17.4,15.0,20.0,,,,8.5,,,
1978-08-03,19.4,13.0,26.0,,,,8.6,,,
1978-08-04,19.1,16.0,22.0,,,,6.8,,,
1978-08-05,18.8,14.0,24.0,,,,6.2,,,
1978-08-06,20.1,14.0,28.0,,,,5.0,,,
1978-08-07,16.0,12.0,19.0,,,,,,,
1978-08-09,12.7,11.0,15.0,,,,,,,
1978-08-10,13.5,11.0,17.0,,,,6.5,,,
1978-08-11,13.5,9.0,19.0,,,,5.7,,,
1978-08-12,14.5,8.0,21.0,,,,6.2,,,
1978-08-13,13.7,11.0,17.0,,,,6.2,,,
1978-08-14,13.9,8.0,21.0,,,,3.6,,,
1978-08-15,16.8,8.0,25.0,,,,8.9,,,
1978-08-16,16.0,14.0,20.0,,,,7.6,,,
1978-08-17,15.7,11.0,21.0,,,,6.5,,,
1978-08-18,14.9,10.0,21.0,,,,8.0,,,
1978-08-19,15.5,7.0,23.0,,,,7.8,,,
1978-08-20,18.2,9.0,27.0,,,,4.2,,,
1978-08-21,19.0,11.0,26.0,,,,3.5,,,
1978-08-22,19.6,12.0,27.0,,,,3.2,,,
1978-08-23,20.1,15.0,26.0,,,,8.5,,,
1978-08-24,17.8,15.0,21.0,,,,10.2,,,
1978-08-26,14.3,11.0,17.0,,,,8.6,,,
1978-08-27,12.6,5.0,19.0,,,331,8.1,,,
1978-08-28,13.8,11.0,19.0,,,,9.1,,,
1978-08-29,13.3,5.0,22.0,,,,6.2,,,
1978-08-30,12.0,10.0,14.0,,,,6.9,,,
1978-08-31,9.5,8.0,11.0,,,,5.9,,,
1978-09-01,9.6,8.0,12.0,,,,6.5,,,
1978-09-02,10.9,7.0,17.0,,,,7.6,,,
1978-09-03,11.2,4.0,18.0,,,,4.3,,,
1978-09-04,12.3,5.0,20.0,,,,3.1,,,
1978-09-05,14.2,8.0,21.0,,,,5.0,,,
1978-09-06,15.8,14.0,20.0,,,,11.4,,,
1978-09-07,14.8,13.0,17.0,,,236,14.5,,,
1978-09-08,16.2,14.0,19.0,,,278,13.4,,,
1978-09-09,15.4,12.0,20.0,,,,8.3,,,
1978-09-10,17.3,14.0,22.0,,,,10.7,,,
1978-09-11,17.3,11.0,24.0,,,232,14.3,,,
1978-09-12,12.2,8.0,16.0,,,,15.0,,,
1978-09-13,11.3,5.0,18.0,,,,5.0,,,
1978-09-14,14.5,6.0,22.0,,,,7.2,,,
1978-09-15,15.3,10.0,21.0,,,,8.6,,,
1978-09-16,14.0,8.0,21.0,,,,3.5,,,
1978-09-17,14.8,7.0,24.0,,,,5.7,,,
1978-09-18,15.1,11.0,20.0,,,,6.5,,,
1978-09-19,11.4,5.0,17.0,,,,6.4,,,
1978-09-20,10.0,5.0,14.0,,,,8.2,,,
1978-09-23,14.3,12.0,18.0,,,,7.2,,,
1978-09-24,14.8,9.0,23.0,,,,4.6,,,
1978-09-25,16.1,9.0,25.0,,,,7.1,,,
1978-09-26,15.1,8.0,23.0,,,,7.7,,,
1978-09-27,11.3,9.0,14.0,,,,9.2,,,
1978-09-28,9.2,8.0,11.0,,,250,15.0,,,
1978-09-29,12.5,8.0,17.0,,,248,22.4,,,
1978-09-30,9.4,4.0,12.0,,,259,17.1,,,
1978-10-01,7.3,4.0,12.0,,,,7.1,,,
1978-10-02,7.2,3.0,10.0,,,38,11.4,,,
1978-10-05,8.6,7.0,12.0,,,,4.3,,,
1978-10-06,9.7,5.0,16.0,,,,6.0,,,
1978-10-07,9.0,6.0,13.0,,,,3.0,,,
1978-10-08,9.8,6.0,17.0,,,,2.7,,,
1978-10-09,11.2,8.0,18.0,,,,2.4,,,
1978-10-10,11.3,8.0,19.0,,,,2.6,,,
1978-10-11,10.3,7.0,14.0,,,,4.1,,,
1978-10-12,10.6,9.0,12.0,,,,3.3,,,
1978-10-14,9.6,6.0,16.0,,,,1.7,,,
1978-10-15,8.8,6.0,14.0,,,,2.4,,,
1978-10-16,9.7,7.0,13.0,,,,1.3,,,
1978-10-17,7.8,5.0,10.0,,,,5.8,,,
1978-10-18,6.3,5.0,8.0,,,32,10.6,,,
1978-10-19,6.9,5.0,8.0,,,37,13.8,,,
1978-10-20,6.8,6.0,9.0,,,,6.9,,,
1978-10-21,6.8,4.0,10.0,,,,3.5,,,
1978-10-22,5.2,-1.0,10.0,,,,3.5,,,
1978-10-25,8.3,5.0,11.0,,,,4.7,,,
1978-10-27,6.3,3.0,10.0,,,,10.3,,,
1978-10-28,6.4,2.0,12.0,,,,4.3,,,
1978-10-30,6.6,3.0,9.0,,,,3.1,,,
1978-10-31,6.7,5.0,10.0,,,,6.5,,,
1978-11-01,4.8,4.0,6.0,,,,4.5,,,
1978-11-02,5.5,4.0,8.0,,,,3.9,,,
1978-11-03,4.0,3.0,5.0,,,281,5.2,,,
1978-11-04,3.9,3.0,5.0,,,,4.7,,,
1978-11-05,5.3,4.0,7.0,,,,7.1,,,
1978-11-06,5.0,4.0,6.0,,,,5.5,,,
1978-11-07,3.7,3.0,6.0,,,,5.7,,,
1978-11-08,3.4,0.0,7.0,,,,3.0,,,
1978-11-09,1.7,0.0,3.0,,,,5.0,,,
1978-11-10,2.5,0.0,7.0,,,,5.8,,,
1978-11-13,3.7,1.0,10.0,,,,4.4,,,
1978-11-16,5.3,0.0,10.0,,,232,6.7,,,
1978-11-17,4.1,-1.0,8.0,,,,3.4,,,
1978-11-18,4.0,-1.0,10.0,,,,5.0,,,
1978-11-19,1.8,-1.0,6.0,,,,3.3,,,
1978-11-23,3.1,0.0,8.0,,,,3.8,,,
1978-11-24,2.5,-1.0,7.0,,,,5.9,,,
1978-11-25,0.3,-3.0,6.0,,,,5.0,,,
1978-11-26,1.0,-2.0,3.0,,,,7.1,,,
1978-11-27,-1.0,-2.0,2.0,,,,6.9,,,
1978-11-28,-1.9,-3.0,0.0,,,,9.2,,,
1978-11-29,-2.3,-4.0,-1.0,,,35,14.4,,,
1978-11-30,-1.5,-2.0,-1.0,,,38,12.0,,,
1978-12-01,-1.9,-3.0,-1.0,,,52,9.6,,,
1978-12-02,-3.0,-6.0,-1.0,,,,4.2,,,
1978-12-03,-5.0,-7.0,-4.0,,,,5.7,,,
1978-12-04,-4.1,-6.0,-3.0,,,62,8.4,,,
1978-12-05,-3.2,-4.0,-3.0,,,43,12.4,,,
1978-12-07,-4.5,-5.0,-4.0,,,,4.4,,,
1978-12-08,-3.0,-6.0,0.0,,,,5.3,,,
1978-12-09,5.8,2.0,9.0,,,,10.3,,,
1978-12-10,3.2,0.0,8.0,,,,4.8,,,
1978-12-14,4.8,4.0,7.0,,,242,25.4,,,
1978-12-15,4.8,3.0,7.0,,,235,22.4,,,
1978-12-16,3.2,0.0,5.0,,,,7.4,,,
1978-12-17,2.0,0.0,4.0,,,,6.4,,,
1978-12-18,-2.1,-4.0,4.0,,,32,18.0,,,
1978-12-19,-5.0,-6.0,-4.0,,,10,12.6,,,
1978-12-20,-2.8,-6.0,0.0,,,,6.0,,,
1978-12-21,-2.1,-4.0,0.0,,,357,9.1,,,
1978-12-22,-2.6,-4.0,-1.0,,,344,7.3,,,
1978-12-23,-2.6,-4.0,-1.0,,,,7.3,,,
1978-12-24,0.1,-1.0,3.0,,,,6.6,,,
1978-12-25,6.5,2.0,10.0,,,217,17.8,,,
1978-12-26,4.9,0.0,10.0,,,,6.6,,,
1978-12-27,2.7,-1.0,8.0,,,,4.8,,,
1978-12-28,7.6,3.0,11.0,,,227,20.1,,,
1978-12-29,8.1,6.0,10.0,,,,17.4,,,
1978-12-30,7.0,6.0,8.0,,,237,28.7,,,
1978-12-31,7.7,6.0,10.0,,,225,28.3,,,
1979-01-01,-5.0,-12.0,7.0,,,293,24.4,,,
1979-01-02,-9.5,-12.0,-7.0,,,261,11.7,,,
1979-01-03,-7.0,-16.0,-4.0,,,,11.0,,,
1979-01-04,-9.5,-15.0,-5.0,,,26,8.6,,,
1979-01-05,-10.8,-15.0,-9.0,,,,9.6,,,
1979-01-08,-3.1,-6.0,0.0,,,,4.7,,,
1979-01-09,0.9,-1.0,3.0,,,,8.0,,,
1979-01-10,0.2,-2.0,2.0,,,,8.2,,,
1979-01-11,0.0,-1.0,2.0,,,237,19.7,,,
1979-01-12,-1.0,-2.0,0.0,,,242,18.9,,,
1979-01-13,-2.2,-4.0,-1.0,,,251,12.9,,,
1979-01-14,-4.6,-11.0,0.0,,,,4.1,,,
1979-01-15,-11.1,-16.0,-6.0,,,,1.4,,,
1979-01-16,-10.9,-17.0,-6.0,,,,4.7,,,
1979-01-17,-8.2,-12.0,-5.0,,,,6.7,,,
1979-01-18,-6.7,-8.0,-5.0,,,,9.0,,,
1979-01-19,-7.8,-12.0,-5.0,,,,6.7,,,
1979-01-20,-3.5,-7.0,0.0,,,,3.5,,,
1979-01-21,0.0,-1.0,2.0,,,,3.7,,,
1979-01-22,0.7,0.0,1.0,,,,6.1,,,
1979-01-23,1.0,-1.0,3.0,,,,5.7,,,
1979-01-24,1.8,-2.0,4.0,,,262,15.0,,,
1979-01-25,-2.5,-5.0,0.0,,,,3.7,,,
1979-01-26,-2.8,-6.0,0.0,,,,6.2,,,
1979-01-27,0.4,-1.0,2.0,,,,4.1,,,
1979-01-28,0.8,0.0,2.0,,,,5.5,,,
1979-01-29,0.7,-2.0,3.0,,,,6.6,,,
1979-01-30,1.2,0.0,3.0,,,,10.8,,,
1979-01-31,-0.1,-2.0,1.0,,,,14.9,,,
1979-02-01,-2.5,-10.0,3.0,,,,6.6,,,
1979-02-02,4.2,2.0,6.0,,,214,18.9,,,
1979-02-03,3.5,2.0,5.0,,,,4.1,,,
1979-02-04,2.9,1.0,5.0,,,,5.5,,,
1979-02-05,4.8,3.0,7.0,,,168,12.3,,,
1979-02-06,2.5,0.0,6.0,,,26,10.8,,,
1979-02-07,2.3,-1.0,7.0,,,,10.0,,,
1979-02-08,6.0,2.0,8.0,,,247,16.5,,,
1979-02-09,1.9,0.0,5.0,,,,5.7,,,
1979-02-10,3.4,2.0,4.0,,,,5.6,,,
1979-02-11,1.6,0.0,3.0,,,,7.6,,,
1979-02-12,4.3,0.0,11.0,,,,5.6,,,
1979-02-13,4.5,0.0,12.0,,,,4.6,,,
1979-02-14,6.9,4.0,10.0,,,229,16.1,,,
1979-02-15,4.1,-1.0,10.0,,,,8.2,,,
1979-02-16,2.8,1.0,4.0,,,29,14.3,,,
1979-02-17,-0.8,-1.0,1.0,,,,11.0,,,
1979-02-18,-0.6,-1.0,0.0,,,,4.6,,,
1979-02-19,-0.1,-1.0,2.0,,,,6.7,,,
1979-02-20,0.7,0.0,2.0,,,,11.4,,,
1979-02-21,1.3,0.0,3.0,,,,3.6,,,
1979-02-22,0.5,-1.0,2.0,,,,6.4,,,
1979-02-23,-0.2,-1.0,1.0,,,,9.5,,,
1979-02-24,0.2,-1.0,3.0,,,38,13.4,,,
1979-02-25,-1.1,-2.0,1.0,,,44,16.8,,,
1979-02-26,-2.3,-5.0,1.0,,,,15.4,,,
1979-02-27,-2.9,-8.0,2.0,,,,4.0,,,
1979-02-28,-1.8,-8.0,5.0,,,,5.5,,,
1979-03-01,1.4,0.0,3.0,,,,6.2,,,
1979-03-02,1.1,-3.0,6.0,,,,5.6,,,
1979-03-03,4.5,-2.0,12.0,,,,5.7,,,
1979-03-04,7.0,3.0,12.0,,,,8.9,,,
1979-03-05,7.5,5.0,11.0,,,,4.9,,,
1979-03-06,5.7,2.0,10.0,,,,6.1,,,
1979-03-07,4.8,2.0,8.0,,,,11.2,,,
1979-03-08,4.3,0.0,9.0,,,269,12.6,,,
1979-03-10,4.0,1.0,10.0,,,240,20.2,,,
1979-03-11,8.1,1.0,14.0,,,225,23.7,,,
1979-03-12,10.4,9.0,13.0,,,246,23.6,,,
1979-03-13,11.0,6.0,15.0,,,,10.7,,,
1979-03-14,8.1,2.0,15.0,,,,4.5,,,
1979-03-15,8.9,3.0,17.0,,,,8.4,,,
1979-03-16,3.6,1.0,7.0,,,247,18.2,,,
1979-03-17,3.3,0.0,7.0,,,162,9.7,,,
1979-03-18,4.8,0.0,9.0,,,267,10.4,,,
1979-03-19,5.8,-1.0,12.0,,,,4.1,,,
1979-03-20,5.4,3.0,10.0,,,295,12.2,,,
1979-03-21,5.4,0.0,11.0,,,,11.7,,,
1979-03-22,4.8,2.0,8.0,,,204,13.1,,,
1979-03-23,4.9,2.0,7.0,,,224,12.3,,,
1979-03-24,5.6,3.0,10.0,,,,4.7,,,
1979-03-25,4.9,0.0,9.0,,,,4.5,,,
1979-03-26,9.2,6.0,16.0,,,,14.6,,,
1979-03-28,4.6,3.0,8.0,,,,11.7,,,
1979-03-29,3.0,1.0,5.0,,,246,12.6,,,
1979-03-30,3.8,2.0,6.0,,,251,16.0,,,
1979-03-31,3.3,2.0,6.0,,,257,10.3,,,
1979-04-01,4.9,2.0,9.0,,,255,8.3,,,
1979-04-02,6.5,3.0,11.0,,,,11.6,,,
1979-04-04,4.5,0.0,10.0,,,241,13.5,,,
1979-04-05,3.4,-1.0,8.0,,,296,12.5,,,
1979-04-06,1.6,0.0,5.0,,,,5.6,,,
1979-04-07,3.1,0.0,7.0,,,,9.6,,,
1979-04-08,4.0,-3.0,11.0,,,,9.2,,,
1979-04-09,6.4,0.0,14.0,,,33,7.9,,,
1979-04-11,8.9,4.0,15.0,,,278,9.2,,,
1979-04-12,8.9,6.0,13.0,,,,6.6,,,
1979-04-13,8.8,2.0,16.0,,,,9.4,,,
1979-04-14,10.7,3.0,19.0,,,,4.8,,,
1979-04-15,11.7,5.0,19.0,,,,6.9,,,
1979-04-16,10.3,3.0,19.0,,,,9.1,,,
1979-04-17,5.3,3.0,7.0,,,25,9.5,,,
1979-04-18,3.6,1.0,5.0,,,33,14.8,,,
1979-04-19,4.0,0.0,8.0,,,,10.4,,,
1979-04-20,5.7,-3.0,13.0,,,,7.4,,,
1979-04-21,6.2,4.0,8.0,,,219,13.4,,,
1979-04-23,9.7,8.0,12.0,,,,16.2,,,
1979-04-24,8.0,3.0,12.0,,,252,16.1,,,
1979-04-25,5.4,0.0,10.0,,,,12.5,,,
1979-04-26,5.6,3.0,10.0,,,,7.7,,,
1979-04-27,4.4,3.0,5.0,,,,4.0,,,
1979-04-28,5.3,2.0,9.0,,,,5.3,,,
1979-04-29,6.3,0.0,13.0,,,,5.0,,,
1979-04-30,7.5,5.0,9.0,,,255,20.9,,,
1979-05-01,6.0,4.0,8.0,,,,8.9,,,
1979-05-02,4.5,1.0,8.0,,,242,19.7,,,
1979-05-04,2.5,0.0,5.0,,,,11.2,,,
1979-05-06,5.0,0.0,10.0,,,,5.6,,,
1979-05-07,6.6,-1.0,13.0,,,,10.7,,,
1979-05-08,9.3,0.0,16.0,,,,5.3,,,
1979-05-09,11.3,2.0,18.0,,,,3.9,,,
1979-05-10,12.2,8.0,17.0,,,,7.9,,,
1979-05-11,10.0,4.0,16.0,,,,6.9,,,
1979-05-12,13.6,10.0,18.0,,,339,10.4,,,
1979-05-13,13.0,7.0,18.0,,,,10.9,,,
1979-05-14,13.7,6.0,20.0,,,30,16.2,,,
1979-05-15,14.8,7.0,22.0,,,,4.6,,,
1979-05-16,16.9,8.0,24.0,,,,11.4,,,
1979-05-17,15.8,12.0,19.0,,,,9.6,,,
1979-05-18,15.4,11.0,22.0,,,,8.5,,,
1979-05-19,16.1,10.0,22.0,,,,6.9,,,
1979-05-20,15.7,11.0,24.0,,,337,12.6,,,
1979-05-21,14.3,8.0,19.0,,,,11.0,,,
1979-05-24,10.3,7.0,14.0,,,,15.1,,,
1979-05-25,12.5,7.0,18.0,,,194,10.8,,,
1979-05-26,16.6,7.0,24.0,,,,8.5,,,
1979-05-27,12.7,9.0,18.0,,,,9.5,,,
1979-05-28,14.0,7.0,23.0,,,,,,,
1979-05-30,20.4,13.0,29.0,,,,6.3,,,
1979-05-31,20.8,12.0,29.0,,,,5.0,,,
1979-06-01,21.9,16.0,28.0,,,38,11.1,,,
1979-06-02,19.5,13.0,27.0,,,,8.4,,,
1979-06-03,20.0,15.0,26.0,,,,6.7,,,
1979-06-06,16.9,15.0,20.0,,,323,11.2,,,
1979-06-07,15.5,13.0,19.0,,,272,7.6,,,
1979-06-08,15.1,12.0,20.0,,,307,8.4,,,
1979-06-09,17.0,9.0,26.0,,,338,5.4,,,
1979-06-10,18.5,12.0,28.0,,,17,6.7,,,
1979-06-11,18.8,14.0,25.0,,,258,7.5,,,
1979-06-12,19.2,13.0,26.0,,,,,,,
1979-06-13,17.7,15.0,21.0,,,,,,,
1979-06-14,14.5,11.0,18.0,,,,,,,
1979-06-15,11.6,9.0,15.0,,,,,,,
1979-06-16,9.6,7.0,15.0,,,230,7.6,,,
1979-06-17,9.6,9.0,10.0,,,219,8.4,,,
1979-06-18,11.2,8.0,15.0,,,,5.5,,,
1979-06-19,12.0,8.0,16.0,,,37,10.7,,,
1979-06-20,15.6,10.0,22.0,,,27,13.5,,,
1979-06-21,17.5,10.0,24.0,,,,8.9,,,
1979-06-28,19.3,16.0,23.0,,,,5.4,,,
1979-06-29,18.5,12.0,24.0,,,,8.1,,,
1979-06-30,17.3,14.0,20.0,,,297,14.8,,,
1979-07-01,14.2,12.0,17.0,,,13,10.6,,,
1979-07-02,12.7,10.0,15.0,,,25,15.5,,,
1979-07-05,15.4,8.0,22.0,,,26,6.3,,,
1979-07-06,17.0,9.0,24.0,,,,5.4,,,
1979-07-07,18.2,11.0,24.0,,,,10.0,,,
1979-07-08,16.7,13.0,20.0,,,260,17.4,,,
1979-07-09,17.7,12.0,24.0,,,227,15.0,,,
1979-07-10,18.8,16.0,23.0,,,329,11.9,,,
1979-07-11,18.3,9.0,26.0,,,29,7.6,,,
1979-07-13,17.5,15.0,22.0,,,184,10.6,,,
1979-07-15,16.4,9.0,23.0,,,,5.5,,,
1979-07-16,17.8,14.0,23.0,,,318,8.9,,,
1979-07-17,17.2,14.0,21.0,,,36,8.4,,,
1979-07-18,19.3,12.0,26.0,,,,5.5,,,
1979-07-20,19.5,16.0,24.0,,,,10.3,,,
1979-07-21,18.1,15.0,22.0,,,304,13.1,,,
1979-07-23,15.4,8.0,20.0,,,328,9.0,,,
1979-07-24,16.3,12.0,21.0,,,299,9.1,,,
1979-07-25,17.4,9.0,25.0,,,,6.2,,,
1979-07-26,19.5,12.0,26.0,,,347,6.4,,,
1979-07-27,21.1,14.0,29.0,,,,6.8,,,
1979-07-28,22.2,13.0,30.0,,,,9.2,,,
1979-07-29,24.0,17.0,32.0,,,,8.2,,,
1979-07-31,20.3,16.0,26.0,,,116,9.9,,,
1979-08-03,19.6,17.0,23.0,,,,7.4,,,
1979-08-05,18.3,10.0,26.0,,,,4.6,,,
1979-08-06,20.8,13.0,30.0,,,,7.6,,,
1979-08-07,22.0,16.0,28.0,,,156,8.9,,,
1979-08-08,19.4,15.0,23.0,,,258,14.6,,,
1979-08-09,15.3,13.0,20.0,,,249,11.1,,,
1979-08-10,13.8,12.0,15.0,,,,16.0,,,
1979-08-11,12.4,10.0,15.0,,,,6.5,,,
1979-08-12,15.9,12.0,21.0,,,51,5.0,,,
1979-08-13,16.6,10.0,24.0,,,,5.2,,,
1979-08-14,18.3,10.0,27.0,,,,6.4,,,
1979-08-15,20.3,13.0,28.0,,,,9.8,,,
1979-08-16,14.8,12.0,18.0,,,267,14.7,,,
1979-08-17,15.6,11.0,21.0,,,306,8.8,,,
1979-08-18,12.8,12.0,14.0,,,150,7.9,,,
1979-08-19,14.4,12.0,20.0,,,270,8.8,,,
1979-08-20,14.5,12.0,19.0,,,,6.4,,,
1979-08-21,15.4,10.0,21.0,,,,7.1,,,
1979-08-22,17.0,13.0,21.0,,,,7.6,,,
1979-08-23,15.0,13.0,19.0,,,347,7.5,,,
1979-08-24,12.8,9.0,17.0,,,217,10.8,,,
1979-08-25,10.7,8.0,16.0,,,260,8.1,,,
1979-08-26,11.6,10.0,14.0,,,196,12.0,,,
1979-08-27,12.1,10.0,16.0,,,204,8.6,,,
1979-08-28,12.1,8.0,18.0,,,17,6.1,,,
1979-08-29,12.3,5.0,20.0,,,7,10.7,,,
1979-08-30,13.7,6.0,21.0,,,,4.4,,,
1979-08-31,15.2,8.0,24.0,,,,5.0,,,
1979-09-01,16.7,8.0,25.0,,,,5.1,,,
1979-09-02,18.1,11.0,25.0,,,,6.8,,,
1979-09-03,16.0,12.0,20.0,,,226,12.1,,,
1979-09-04,15.1,13.0,18.0,,,304,10.4,,,
1979-09-05,13.8,8.0,20.0,,,7,13.8,,,
1979-09-06,15.0,7.0,23.0,,,,4.6,,,
1979-09-07,17.0,11.0,25.0,,,18,5.7,,,
1979-09-08,17.3,11.0,25.0,,,,4.1,,,
1979-09-09,17.8,12.0,24.0,,,,7.3,,,
1979-09-10,16.4,14.0,19.0,,,201,7.0,,,
1979-09-11,16.0,13.0,21.0,,,28,5.5,,,
1979-09-12,16.1,12.0,22.0,,,35,4.6,,,
1979-09-13,17.8,12.0,25.0,,,,5.2,,,
1979-09-14,17.0,13.0,22.0,,,257,6.6,,,
1979-09-15,14.7,11.0,18.0,,,353,9.4,,,
1979-09-16,11.3,7.0,17.0,,,11,11.8,,,
1979-09-17,12.8,4.0,22.0,,,,7.0,,,
1979-09-18,16.7,11.0,24.0,,,177,12.5,,,
1979-09-19,16.7,11.0,23.0,,,149,7.0,,,
1979-09-20,16.5,13.0,21.0,,,169,8.5,,,
1979-09-21,12.0,8.0,15.0,,,311,9.3,,,
1979-09-22,6.4,4.0,8.0,,,59,12.3,,,
1979-09-23,7.3,6.0,8.0,,,6,9.9,,,
1979-09-24,7.5,7.0,8.0,,,,6.1,,,
1979-09-25,9.0,6.0,14.0,,,51,5.4,,,
1979-09-26,8.3,4.0,15.0,,,,5.0,,,
1979-09-27,9.0,2.0,18.0,,,,3.5,,,
1979-09-28,11.3,5.0,18.0,,,,6.5,,,
1979-09-29,12.9,11.0,15.0,,,24,10.2,,,
1979-09-30,11.6,8.0,14.0,,,,7.4,,,
1979-10-01,10.0,4.0,16.0,,,,3.3,,,
1979-10-02,8.6,6.0,13.0,,,,4.8,,,
1979-10-04,12.6,8.0,20.0,,,,4.7,,,
1979-10-05,13.6,11.0,17.0,,,,8.8,,,
1979-10-06,12.3,11.0,14.0,,,4,7.4,,,
1979-10-07,13.4,11.0,17.0,,,,4.7,,,
1979-10-08,12.0,9.0,16.0,,,,4.1,,,
1979-10-09,13.0,9.0,20.0,,,,3.5,,,
1979-10-10,13.5,10.0,20.0,,,,3.8,,,
1979-10-11,12.6,11.0,15.0,,,346,6.6,,,
1979-10-12,13.2,7.0,19.0,,,38,7.7,,,
1979-10-13,13.8,11.0,18.0,,,,6.0,,,
1979-10-14,13.1,11.0,17.0,,,349,9.0,,,
1979-10-15,11.9,9.0,15.0,,,131,8.1,,,
1979-10-16,11.4,8.0,16.0,,,282,6.0,,,
1979-10-17,11.6,10.0,13.0,,,,7.2,,,
1979-10-18,11.7,9.0,15.0,,,,6.8,,,
1979-10-19,8.6,4.0,15.0,,,,7.2,,,
1979-10-20,6.1,1.0,14.0,,,,2.8,,,
1979-10-21,8.3,3.0,14.0,,,,3.9,,,
1979-10-22,8.8,7.0,10.0,,,,11.0,,,
1979-10-23,7.0,5.0,9.0,,,43,11.3,,,
1979-10-24,7.6,5.0,11.0,,,18,6.8,,,
1979-10-25,5.3,4.0,7.0,,,13,12.3,,,
1979-10-26,4.3,3.0,9.0,,,5,8.1,,,
1979-10-27,4.5,2.0,7.0,,,340,7.8,,,
1979-10-28,5.3,2.0,9.0,,,124,5.0,,,
1979-10-29,7.1,5.0,10.0,,,,5.5,,,
1979-10-30,7.3,6.0,9.0,,,,5.1,,,
1979-10-31,4.0,-1.0,10.0,,,,4.5,,,
1979-11-01,7.0,2.0,10.0,,,157,5.9,,,
1979-11-02,7.5,5.0,11.0,,,,4.2,,,
1979-11-03,3.6,-1.0,9.0,,,2,8.1,,,
1979-11-04,3.3,-2.0,8.0,,,34,6.9,,,
1979-11-05,6.8,4.0,10.0,,,237,18.1,,,
1979-11-06,7.2,4.0,10.0,,,236,29.8,,,
1979-11-07,9.7,8.0,12.0,,,240,17.2,,,
1979-11-08,11.3,9.0,15.0,,,,19.6,,,
1979-11-10,4.0,2.0,6.0,,,,7.7,,,
1979-11-11,1.7,-2.0,5.0,,,,4.8,,,
1979-11-12,-0.3,-5.0,4.0,,,,11.4,,,
1979-11-14,5.8,3.0,9.0,,,129,8.6,,,
1979-11-15,1.9,0.0,4.0,,,280,7.4,,,
1979-11-16,0.6,-2.0,4.0,,,,4.6,,,
1979-11-17,0.0,-2.0,2.0,,,,4.3,,,
1979-11-18,0.3,-1.0,2.0,,,,8.1,,,
1979-11-19,1.5,0.0,4.0,,,,4.0,,,
1979-11-20,2.3,1.0,3.0,,,,5.7,,,
1979-11-21,2.4,2.0,3.0,,,46,11.7,,,
1979-11-22,1.3,0.0,2.0,,,14,8.5,,,
1979-11-23,0.8,-2.0,2.0,,,50,7.3,,,
1979-11-24,-0.1,-3.0,3.0,,,,5.4,,,
1979-11-25,0.5,-2.0,4.0,,,,5.6,,,
1979-11-26,2.3,-2.0,7.0,,,166,8.0,,,
1979-11-27,6.7,5.0,9.0,,,,6.3,,,
1979-11-28,6.0,4.0,7.0,,,188,6.6,,,
1979-11-29,3.5,1.0,5.0,,,138,6.2,,,
1979-11-30,2.2,-1.0,9.0,,,165,10.2,,,
1979-12-01,5.6,0.0,11.0,,,203,11.7,,,
1979-12-02,4.9,0.0,11.0,,,,5.0,,,
1979-12-03,1.6,-2.0,9.0,,,,3.9,,,
1979-12-04,3.9,0.0,11.0,,,,4.9,,,
1979-12-06,7.7,2.0,12.0,,,157,7.6,,,
1979-12-07,6.3,2.0,13.0,,,,5.6,,,
1979-12-08,5.3,1.0,10.0,,,119,6.4,,,
1979-12-09,8.8,6.0,11.0,,,240,19.8,,,
1979-12-10,9.8,8.0,11.0,,,234,29.3,,,
1979-12-11,9.4,6.0,13.0,,,243,30.9,,,
1979-12-12,4.6,4.0,6.0,,,254,22.1,,,
1979-12-13,2.0,-2.0,6.0,,,,5.5,,,
1979-12-14,4.0,2.0,6.0,,,232,16.3,,,
1979-12-15,5.4,3.0,10.0,,,229,27.9,,,
1979-12-16,2.0,1.0,4.0,,,234,21.2,,,
1979-12-17,6.3,2.0,11.0,,,199,22.4,,,
1979-12-18,4.1,1.0,11.0,,,234,24.1,,,
1979-12-19,0.3,0.0,2.0,,,319,6.6,,,
1979-12-20,0.0,-1.0,1.0,,,324,6.0,,,
1979-12-21,-1.4,-3.0,-1.0,,,19,10.2,,,
1979-12-22,0.2,-1.0,2.0,,,37,9.6,,,
1979-12-23,0.1,-1.0,1.0,,,256,9.5,,,
1979-12-24,-0.1,-4.0,3.0,,,,5.7,,,
1979-12-25,0.8,-1.0,2.0,,,,4.8,,,
1979-12-26,0.7,0.0,1.0,,,20,10.1,,,
1979-12-27,-0.2,-3.0,2.0,,,,7.2,,,
1979-12-28,0.6,-5.0,5.0,,,,11.8,,,
1979-12-29,1.7,0.0,3.0,,,222,16.6,,,
1979-12-30,0.9,-2.0,3.0,,,,17.5,,,
1979-12-31,-1.3,-5.0,1.0,,,,10.3,,,
1980-01-01,-1.8,-5.0,0.0,,,228,8.5,,,
1980-01-02,-3.3,-7.0,-1.0,,,261,12.2,,,
1980-01-03,-2.9,-5.0,0.0,,,265,8.9,,,
1980-01-04,-2.1,-5.0,1.0,,,134,10.4,,,
1980-01-05,2.2,0.0,4.0,,,186,9.2,,,
1980-01-06,1.9,0.0,3.0,,,215,12.7,,,
1980-01-07,1.4,1.0,2.0,,,200,8.2,,,
1980-01-08,1.5,0.0,3.0,,,,5.6,,,
1980-01-09,-0.9,-3.0,1.0,,,87,6.4,,,
1980-01-10,-2.0,-2.0,-1.0,,,,10.6,,,
1980-01-11,-3.0,-4.0,-2.0,,,42,13.5,,,
1980-01-12,-5.6,-7.0,-4.0,,,46,20.8,,,
1980-01-13,-5.5,-6.0,-5.0,,,44,9.2,,,
1980-01-14,-4.9,-6.0,-3.0,,,,6.2,,,
1980-01-16,-6.6,-7.0,-5.0,,,40,12.4,,,
1980-01-17,-4.1,-6.0,-3.0,,,93,7.4,,,
1980-01-18,-3.7,-4.0,-3.0,,,75,7.3,,,
1980-01-19,-4.5,-5.0,-3.0,,,,5.2,,,
1980-01-20,-4.6,-6.0,-3.0,,,,4.6,,,
1980-01-21,-3.2,-5.0,-1.0,,,,5.1,,,
1980-01-22,1.8,-1.0,3.0,,,176,10.8,,,
1980-01-23,2.8,0.0,7.0,,,192,12.6,,,
1980-01-24,3.2,0.0,8.0,,,,10.7,,,
1980-01-25,1.9,0.0,6.0,,,172,6.5,,,
1980-01-26,-0.7,-2.0,1.0,,,,4.4,,,
1980-01-27,-0.9,-3.0,2.0,,,295,7.3,,,
1980-01-28,-2.2,-5.0,1.0,,,,6.5,,,
1980-01-29,2.1,-1.0,7.0,,,,6.7,,,
1980-01-30,4.1,0.0,9.0,,,176,12.7,,,
1980-01-31,7.3,5.0,11.0,,,215,20.0,,,
1980-02-01,4.1,1.0,7.0,,,243,25.4,,,
1980-02-02,3.1,0.0,6.0,,,208,17.2,,1016.4,
1980-02-04,6.5,4.0,9.0,,,227,23.4,,1009.6,
1980-02-05,9.4,7.0,12.0,,,251,28.6,,1010.1,
1980-02-06,7.3,5.0,9.0,,,,16.3,,1014.5,
1980-02-07,5.1,4.0,7.0,,,240,18.8,,1016.9,
1980-02-08,3.8,1.0,10.0,,,,4.6,,1024.7,
1980-02-10,5.3,1.0,9.0,,,,6.9,,1020.9,
1980-02-11,5.3,3.0,8.0,,,,8.2,,1027.4,
1980-02-12,3.3,-1.0,9.0,,,,5.0,,1028.9,
1980-02-15,0.8,-4.0,7.0,,,,3.0,,1022.1,
1980-02-16,5.3,0.0,9.0,,,219,11.8,,1020.0,
1980-02-18,2.1,-1.0,4.0,,,32,7.8,,1027.1,
1980-02-20,-0.8,-6.0,5.0,,,,5.7,,1024.4,
1980-02-21,-0.1,-6.0,8.0,,,,4.0,,1025.2,
1980-02-22,1.4,-5.0,10.0,,,,4.9,,1027.4,
1980-02-28,-0.5,-3.0,2.0,,,339,7.2,,1031.3,
1980-03-02,3.5,-3.0,10.0,,,280,7.2,,1019.2,
1980-03-03,1.9,-2.0,4.0,,,,7.9,,1019.5,
1980-03-04,-0.5,-7.0,5.0,,,,6.8,,1023.2,
1980-03-05,1.7,-4.0,9.0,,,,6.5,,1018.7,
1980-03-06,4.9,-1.0,11.0,,,,10.8,,1007.6,
1980-03-07,4.7,1.0,7.0,,,224,17.4,,997.7,
1980-03-10,5.0,2.0,9.0,,,,6.1,,1021.7,
1980-03-12,3.5,0.0,7.0,,,,6.6,,1022.1,
1980-03-13,4.9,1.0,9.0,,,,8.1,,1009.2,
1980-03-14,4.8,2.0,8.0,,,,6.7,,1003.8,
1980-03-15,4.8,3.0,7.0,,,,9.3,,1009.3,
1980-03-17,5.3,1.0,9.0,,,,3.8,,1014.1,
1980-03-18,4.7,-2.0,14.0,,,,5.7,,1010.7,
1980-03-19,6.4,-1.0,14.0,,,,5.3,,1008.8,
1980-03-20,3.0,0.0,7.0,,,357,11.9,,999.1,
1980-03-24,5.6,3.0,9.0,,,149,6.8,,1010.2,
1980-03-25,5.5,-2.0,13.0,,,287,8.8,,1010.3,
1980-03-26,7.2,3.0,12.0,,,179,9.5,,1012.4,
1980-03-27,8.6,6.0,11.0,,,196,14.1,,1010.5,
1980-03-29,10.4,6.0,13.0,,,265,19.1,,1013.0,
1980-03-30,7.0,4.0,10.0,,,252,18.6,,1022.5,
1980-03-31,5.7,4.0,8.0,,,154,11.8,,1020.1,
1980-04-01,11.0,7.0,15.0,,,223,15.7,,1013.5,
1980-04-02,8.8,4.0,13.0,,,270,25.4,,1018.2,
1980-04-03,3.8,1.0,7.0,,,307,12.8,,1022.6,
1980-04-06,1.7,-1.0,4.0,,,47,19.1,,1027.1,
1980-04-07,3.1,0.0,6.0,,,40,10.1,,1026.5,
1980-04-08,1.8,0.0,5.0,,,,7.6,,1019.5,
1980-04-09,2.7,1.0,7.0,,,259,10.8,,1018.9,
1980-04-10,3.6,0.0,7.0,,,236,8.1,,1025.0,
1980-04-11,5.4,0.0,9.0,,,,11.7,,1026.0,
1980-04-12,6.7,-2.0,15.0,,,20,8.3,,1023.1,
1980-04-14,10.5,1.0,18.0,,,,7.2,,1020.1,
1980-04-15,11.2,2.0,19.0,,,,5.0,,1018.0,
1980-04-16,13.1,6.0,19.0,,,,7.2,,1018.6,
1980-04-17,12.8,10.0,16.0,,,233,9.4,,1016.8,
1980-04-18,11.5,9.0,16.0,,,261,12.9,,1013.9,
1980-04-19,8.1,6.0,11.0,,,273,15.8,,1009.1,
1980-04-20,3.3,0.0,6.0,,,274,16.6,,1006.9,
1980-04-21,2.1,0.0,6.0,,,223,7.6,,1013.6,
1980-04-22,2.7,0.0,5.0,,,,7.9,,1021.0,
1980-04-23,4.0,2.0,7.0,,,318,13.4,,1019.1,
1980-04-24,5.0,2.0,9.0,,,253,14.5,,1017.1,
1980-04-25,5.3,4.0,7.0,,,267,17.3,,1014.7,
1980-04-26,5.2,3.0,8.0,,,245,11.0,,1013.3,
1980-04-27,5.3,3.0,8.0,,,163,6.8,,1016.1,
1980-04-28,7.3,3.0,12.0,,,,5.6,,1018.1,
1980-04-30,10.1,1.0,17.0,,,,10.5,,1011.2,
1980-05-01,11.2,3.0,17.0,,,24,9.6,,1007.9,
1980-05-02,10.2,5.0,16.0,,,124,7.9,,1011.0,
1980-05-03,9.2,5.0,14.0,,,15,7.8,,1009.6,
1980-05-04,9.4,8.0,12.0,,,,7.7,,1005.8,
1980-05-05,6.2,5.0,8.0,,,48,14.0,,1007.1,
1980-05-06,9.6,5.0,16.0,,,23,8.5,,1003.7,
1980-05-07,10.5,8.0,12.0,,,,7.8,,1005.7,
1980-05-08,8.4,5.0,11.0,,,,8.7,,1008.1,
1980-05-09,7.9,6.0,12.0,,,4,9.4,,1018.2,
1980-05-10,9.4,4.0,14.0,,,54,17.5,,1025.8,
1980-05-11,12.2,3.0,19.0,,,44,13.1,,1023.1,
1980-05-12,13.9,5.0,21.0,,,24,11.7,,1018.3,
1980-05-13,14.1,6.0,21.0,,,31,16.2,,1014.1,
1980-05-14,10.6,6.0,14.0,,,26,15.5,,1017.6,
1980-05-15,9.2,4.0,14.0,,,40,18.5,,1017.7,
1980-05-16,9.0,3.0,13.0,,,57,16.0,,1018.1,
1980-05-17,9.8,3.0,15.0,,,45,11.9,,1017.7,
1980-05-18,10.9,6.0,16.0,,,,9.9,,1015.2,
1980-05-19,11.0,8.0,15.0,,,15,8.7,,1016.3,
1980-05-20,12.4,4.0,19.0,,,,7.3,,1013.7,
1980-05-21,13.6,5.0,21.0,,,,7.8,,1009.2,
1980-05-22,13.2,10.0,18.0,,,,11.5,,1011.3,
1980-05-23,12.7,6.0,18.0,,,44,12.2,,1013.0,
1980-05-24,11.8,5.0,17.0,,,353,9.3,,1014.4,
1980-05-25,12.7,5.0,19.0,,,335,7.0,,1014.5,
1980-05-26,14.9,5.0,23.0,,,,6.5,,1013.8,
1980-05-27,15.6,10.0,21.0,,,249,8.7,,1011.1,
1980-05-28,12.4,9.0,16.0,,,,6.2,,1007.7,
1980-05-30,9.5,8.0,13.0,,,259,10.3,,1010.2,
1980-05-31,10.5,4.0,17.0,,,,12.1,,1011.0,
1980-06-01,9.0,8.0,12.0,,,238,22.4,,1015.8,
1980-06-02,10.5,8.0,13.0,,,186,10.7,,1025.7,
1980-06-03,13.9,7.0,19.0,,,225,9.5,,1027.4,
1980-06-04,16.2,12.0,21.0,,,,10.1,,1022.4,
1980-06-05,17.4,10.0,24.0,,,31,9.7,,1017.8,
1980-06-06,17.0,12.0,22.0,,,134,6.3,,1014.7,
1980-06-07,15.3,14.0,18.0,,,149,6.5,,1012.1,
1980-06-08,15.5,13.0,20.0,,,17,9.4,,1009.6,
1980-06-09,16.4,13.0,21.0,,,314,6.3,,1006.4,
1980-06-10,14.9,14.0,17.0,,,230,9.6,,1007.4,
1980-06-11,16.9,13.0,23.0,,,267,8.1,,1012.0,
1980-06-12,18.7,10.0,26.0,,,,8.0,,1014.5,
1980-06-13,21.3,14.0,28.0,,,343,9.6,,1015.7,
1980-06-14,21.4,14.0,29.0,,,,10.8,,1012.7,
1980-06-16,16.4,10.0,21.0,,,166,8.0,,1019.5,
1980-06-17,14.4,12.0,19.0,,,210,8.9,,1015.3,
1980-06-18,13.7,11.0,17.0,,,274,12.4,,1015.4,
1980-06-19,15.5,12.0,20.0,,,249,9.1,,1015.3,
1980-06-20,14.2,13.0,16.0,,,261,14.5,,1015.5,
1980-06-21,14.5,10.0,18.0,,,204,7.6,,1014.2,
1980-06-22,13.9,10.0,18.0,,,286,8.1,,1011.6,
1980-06-23,12.3,11.0,15.0,,,205,10.6,,1012.0,
1980-06-24,13.8,10.0,18.0,,,239,15.2,,1011.0,
1980-06-26,12.5,10.0,18.0,,,235,12.3,,1011.8,
1980-06-27,10.2,9.0,13.0,,,250,12.0,,1015.9,
1980-06-29,11.5,9.0,15.0,,,231,15.2,,1011.4,
1980-06-30,13.3,8.0,18.0,,,232,7.3,,1015.1,
1980-07-01,11.6,8.0,16.0,,,,12.3,,1009.7,
1980-07-02,10.6,9.0,12.0,,,247,21.9,,1013.9,
1980-07-03,12.8,11.0,15.0,,,268,12.8,,1018.7,
1980-07-04,13.8,8.0,19.0,,,,5.0,,1018.6,
1980-07-05,13.9,8.0,19.0,,,,7.9,,1014.9,
1980-07-06,14.2,11.0,18.0,,,,8.3,,1015.3,
1980-07-07,17.0,12.0,23.0,,,203,7.9,,1012.5,
1980-07-08,14.3,12.0,16.0,,,,9.6,,1007.2,
1980-07-09,12.3,11.0,14.0,,,175,11.8,,1006.1,
1980-07-10,12.2,10.0,14.0,,,253,18.1,,1013.9,
1980-07-11,12.2,10.0,15.0,,,,10.8,,1022.2,
1980-07-12,13.8,10.0,18.0,,,,9.1,,1022.2,
1980-07-13,13.1,11.0,15.0,,,244,10.1,,1019.6,
1980-07-14,17.3,12.0,24.0,,,203,11.3,,1012.9,
1980-07-15,15.3,14.0,18.0,,,213,10.2,,1010.0,
1980-07-17,13.9,10.0,18.0,,,339,6.6,,1023.1,
1980-07-18,14.3,9.0,19.0,,,,7.6,,1021.2,
1980-07-19,17.7,13.0,23.0,,,226,8.9,,1014.5,
1980-07-20,16.6,12.0,22.0,,,204,12.6,,1005.7,
1980-07-21,13.0,10.0,17.0,,,260,22.5,,1015.0,
1980-07-22,13.4,6.0,19.0,,,58,7.1,,1022.1,
1980-07-23,17.3,8.0,27.0,,,328,6.1,,1017.1,
1980-07-24,20.8,13.0,29.0,,,129,5.9,,1018.3,
1980-07-25,21.6,13.0,29.0,,,20,10.3,,1014.0,
1980-07-26,21.4,14.0,29.0,,,,9.9,,1008.8,
1980-07-27,20.1,15.0,25.0,,,301,10.0,,1013.1,
1980-07-28,21.0,16.0,27.0,,,18,9.3,,1014.0,
1980-07-29,19.5,14.0,28.0,,,352,8.0,,1011.5,
1980-07-30,17.8,14.0,21.0,,,,10.4,,1018.0,
1980-07-31,19.2,14.0,25.0,,,16,7.1,,1021.0,
1980-08-01,20.6,13.0,30.0,,,300,5.0,,1019.7,
1980-08-02,22.8,14.0,32.0,,,,4.8,,1017.7,
1980-08-03,23.9,16.0,31.0,,,320,6.9,,1015.8,
1980-08-04,23.2,18.0,28.0,,,,10.5,,1018.8,
1980-08-05,21.9,17.0,26.0,,,317,12.0,,1020.1,
1980-08-06,20.8,16.0,26.0,,,,8.0,,1021.4,
1980-08-07,20.8,13.0,28.0,,,15,7.3,,1014.4,
1980-08-08,17.8,16.0,20.0,,,234,12.4,,1012.0,
1980-08-09,20.0,16.0,25.0,,,272,8.1,,1017.1,
1980-08-10,20.2,14.0,26.0,,,313,8.4,,1018.0,
1980-08-11,20.3,15.0,26.0,,,322,7.6,,1015.0,
1980-08-12,17.3,14.0,20.0,,,267,17.0,,1013.0,
1980-08-13,14.9,12.0,18.0,,,221,7.5,,1017.1,
1980-08-14,18.8,14.0,24.0,,,,8.6,,1014.0,
1980-08-15,19.0,13.0,27.0,,,,8.9,,1010.6,
1980-08-16,16.6,14.0,18.0,,,241,11.5,,1015.3,
1980-08-17,17.5,14.0,22.0,,,153,5.0,,1020.1,
1980-08-18,18.4,14.0,24.0,,,,7.0,,1019.1,
1980-08-19,18.8,13.0,25.0,,,,5.5,,1019.9,
1980-08-20,19.8,16.0,24.0,,,,9.1,,1023.3,
1980-08-21,20.3,14.0,26.0,,,257,14.8,,1018.9,
1980-08-22,18.0,13.0,22.0,,,299,18.8,,1017.0,
1980-08-24,12.5,5.0,19.0,,,349,7.8,,1021.1,
1980-08-25,13.4,6.0,20.0,,,15,10.0,,1020.1,
1980-08-26,15.1,8.0,23.0,,,273,6.9,,1018.6,
1980-08-27,17.3,14.0,20.0,,,,4.8,,1016.9,
1980-08-28,17.8,16.0,21.0,,,,6.6,,1017.7,
1980-08-29,19.7,16.0,24.0,,,,5.0,,1016.7,
1980-08-30,19.0,16.0,22.0,,,265,15.0,,1012.7,
1980-08-31,14.3,13.0,16.0,,,256,18.0,,1017.9,
1980-09-01,14.1,9.0,17.0,,,341,9.1,,1025.8,
1980-09-02,12.9,6.0,19.0,,,12,11.9,,1026.9,
1980-09-03,15.4,6.0,25.0,,,,7.0,,1023.7,
1980-09-04,18.7,11.0,27.0,,,161,6.9,,1020.9,
1980-09-05,16.8,12.0,24.0,,,200,12.4,,1016.6,
1980-09-06,14.7,10.0,19.0,,,290,7.6,,1023.0,
1980-09-07,14.4,8.0,22.0,,,,4.8,,1022.5,
1980-09-08,16.9,9.0,25.0,,,,5.5,,1018.6,
1980-09-09,14.8,12.0,17.0,,,220,11.8,,1022.1,
1980-09-10,13.8,10.0,17.0,,,233,13.1,,1022.1,
1980-09-11,14.3,12.0,17.0,,,269,20.0,,1019.4,
1980-09-12,16.4,10.0,23.0,,,206,7.4,,1019.9,
1980-09-14,13.9,10.0,19.0,,,,10.4,,1022.7,
1980-09-15,13.3,6.0,22.0,,,,5.0,,1023.3,
1980-09-16,14.5,7.0,23.0,,,,5.9,,1022.3,
1980-09-17,15.5,8.0,23.0,,,,8.1,,1021.5,
1980-09-18,17.1,12.0,22.0,,,,4.8,,1018.7,
1980-09-19,17.1,12.0,25.0,,,,3.9,,1014.8,
1980-09-20,17.3,12.0,25.0,,,,3.0,,1013.2,
1980-09-21,17.2,11.0,24.0,,,344,6.1,,1013.9,
1980-09-22,16.5,11.0,22.0,,,248,7.6,,1017.5,
1980-09-23,15.7,12.0,19.0,,,253,6.1,,1022.8,
1980-09-24,14.3,10.0,20.0,,,,4.1,,1023.9,
1980-09-25,15.4,9.0,21.0,,,,4.8,,1024.7,
1980-09-26,15.3,12.0,21.0,,,0,6.3,,1023.1,
1980-09-27,13.2,9.0,17.0,,,13,5.8,,1019.9,
1980-09-28,12.2,9.0,15.0,,,18,8.1,,1020.8,
1980-09-29,12.6,8.0,19.0,,,,5.1,,1026.0,
1980-10-01,14.4,11.0,19.0,,,,4.5,,1027.7,
1980-10-02,13.7,11.0,17.0,,,156,6.4,,1026.0,
1980-10-03,12.8,9.0,17.0,,,30,10.6,,1023.7,
1980-10-04,12.0,6.0,19.0,,,208,6.7,,1020.9,
1980-10-05,12.0,8.0,18.0,,,339,5.3,,1019.5,
1980-10-06,11.8,7.0,17.0,,,237,8.0,,1016.1,
1980-10-07,13.6,8.0,20.0,,,229,20.7,,1006.0,
1980-10-08,8.7,6.0,12.0,,,254,17.4,,1008.1,
1980-10-09,5.6,3.0,7.0,,,,9.4,,1008.3,
1980-10-10,5.9,2.0,11.0,,,308,7.3,,1011.7,
1980-10-11,6.3,3.0,10.0,,,335,7.8,,996.9,
1980-10-12,6.9,6.0,8.0,,,287,8.7,,1000.8,
1980-10-13,6.2,5.0,8.0,,,281,6.3,,1008.6,
1980-10-14,5.4,3.0,8.0,,,58,6.4,,1010.9,
1980-10-15,5.4,3.0,7.0,,,329,5.9,,1011.4,
1980-10-17,9.3,6.0,15.0,,,242,11.1,,995.6,
1980-10-19,5.7,4.0,7.0,,,,5.7,,1022.5,
1980-10-20,4.2,-1.0,10.0,,,,5.8,,1031.3,
1980-10-23,6.0,1.0,10.0,,,,10.1,,1012.4,
1980-10-24,9.1,6.0,12.0,,,190,11.5,,1006.3,
1980-10-26,6.1,2.0,12.0,,,,4.4,,1025.5,
1980-10-27,6.0,-1.0,15.0,,,,4.4,,1028.4,
1980-10-28,8.3,1.0,19.0,,,,5.2,,1025.0,
1980-10-29,11.5,5.0,19.0,,,237,14.2,,1020.1,
1980-10-30,8.1,3.0,13.0,,,,6.3,,1023.9,
1980-11-01,2.7,0.0,4.0,,,30,16.5,,1027.1,
1980-11-02,-1.2,-2.0,0.0,,,36,18.4,,1024.8,
1980-11-03,-2.2,-3.0,-1.0,,,51,20.9,,1022.8,
1980-11-04,-1.5,-3.0,-1.0,,,54,20.1,,1021.1,
1980-11-05,-1.7,-2.0,-1.0,,,46,19.4,,1015.8,
1980-11-06,-0.8,-2.0,0.0,,,14,10.9,,1010.0,
1980-11-07,1.5,-1.0,5.0,,,,4.7,,1014.4,
1980-11-08,2.8,1.0,6.0,,,,3.3,,,
1980-11-09,3.7,1.0,7.0,,,,5.8,,,
1980-11-10,1.5,0.0,5.0,,,37,12.1,,1012.3,
1980-11-11,0.0,-3.0,2.0,,,332,6.9,,1013.3,
1980-11-13,-2.7,-5.0,-1.0,,,,4.7,,1022.9,
1980-11-15,4.0,-2.0,10.0,,,217,16.0,,1018.7,
1980-11-16,10.6,7.0,15.0,,,234,13.3,,1018.3,
1980-11-17,7.2,3.0,14.0,,,,5.2,,1020.6,
1980-11-18,8.8,4.0,11.0,,,238,21.0,,1016.6,
1980-11-19,7.6,6.0,10.0,,,251,12.6,,1027.6,
1980-11-20,6.0,1.0,12.0,,,,5.2,,1027.1,
1980-11-21,6.1,1.0,15.0,,,154,8.0,,1027.1,
1980-11-22,4.5,-1.0,13.0,,,,5.3,,1030.4,
1980-11-23,4.7,0.0,15.0,,,172,5.0,,1032.9,
1980-11-25,3.8,-1.0,11.0,,,182,8.5,,1019.3,
1980-11-26,4.0,2.0,7.0,,,355,10.5,,1010.7,
1980-11-27,1.6,-1.0,3.0,,,13,10.7,,1013.6,
1980-11-28,0.3,-1.0,3.0,,,240,11.7,,1006.9,
1980-11-29,-2.1,-4.0,-1.0,,,257,10.3,,1011.7,
1980-11-30,-1.8,-4.0,0.0,,,28,18.5,,1024.3,
1980-12-01,-5.9,-10.0,-3.0,,,63,26.9,,1032.0,
1980-12-02,-8.7,-15.0,-4.0,,,,8.4,,1022.0,
1980-12-03,-3.5,-8.0,-2.0,,,,4.7,,1010.5,
1980-12-04,-4.3,-11.0,-1.0,,,219,14.5,,1010.6,
1980-12-05,-1.0,-4.0,4.0,,,254,23.4,,1008.7,
1980-12-06,2.3,0.0,5.0,,,260,30.7,,1000.1,
1980-12-07,-3.8,-9.0,-1.0,,,343,6.8,,1015.9,
1980-12-08,-7.7,-12.0,-4.0,,,,6.3,,1036.2,
1980-12-09,-9.7,-14.0,-6.0,,,,4.1,,1044.9,
1980-12-10,-5.2,-11.0,0.0,,,157,8.2,,1042.0,
1980-12-12,-3.0,-6.0,2.0,,,,4.3,,1033.4,
1980-12-13,-1.3,-7.0,4.0,,,,8.4,,1028.4,
1980-12-14,6.1,3.0,10.0,,,208,14.6,,1022.3,
1980-12-15,7.0,4.0,11.0,,,251,18.6,,1013.8,
1980-12-16,1.9,0.0,5.0,,,183,5.9,,1025.0,
1980-12-17,-0.1,-3.0,2.0,,,17,7.1,,1031.4,
1980-12-18,-0.2,-4.0,3.0,,,208,14.0,,1016.0,
1980-12-19,-0.5,-3.0,1.0,,,311,6.7,,1008.0,
1980-12-20,-1.4,-5.0,2.0,,,141,12.4,,994.3,
1980-12-21,2.0,1.0,4.0,,,235,10.5,,1000.8,
1980-12-22,2.3,1.0,5.0,,,258,14.7,,1024.1,
1980-12-23,4.3,1.0,6.0,,,197,11.2,,1030.6,
1980-12-24,5.8,2.0,10.0,,,166,7.7,,1031.2,
1980-12-25,1.9,-1.0,5.0,,,192,7.0,,,
1980-12-26,2.4,0.0,4.0,,,254,14.4,,1022.8,
1980-12-27,-1.0,-3.0,2.0,,,24,13.8,,1020.5,
1980-12-28,-2.2,-4.0,-1.0,,,57,13.0,,1036.8,
1980-12-29,-4.0,-7.0,-2.0,,,,7.6,,1042.1,
1980-12-30,-5.7,-9.0,-3.0,,,,4.1,,1041.5,
1981-01-01,2.0,-2.0,5.0,,,256,20.4,,,
1981-01-02,1.9,0.0,6.0,,,245,23.1,,,
1981-01-03,5.6,2.0,8.0,,,249,40.7,,,
1981-01-04,2.5,0.0,5.0,,,260,17.0,,,
1981-01-06,0.3,-2.0,4.0,,,265,19.4,,,
1981-01-07,-4.0,-9.0,-2.0,,,336,8.1,,,
1981-01-09,-6.8,-11.0,-4.0,,,,3.2,,,
1981-01-10,-2.4,-4.0,-1.0,,,,4.5,,,
1981-01-11,-0.9,-2.0,1.0,,,36,14.5,,,
1981-01-12,-1.6,-4.0,0.0,,,298,9.0,,,
1981-01-13,-2.3,-10.0,0.0,,,,5.1,,,
1981-01-14,-5.9,-12.0,1.0,,,,12.2,,,
1981-01-15,0.7,-1.0,2.0,,,257,24.2,,,
1981-01-16,-1.8,-5.0,1.0,,,248,16.8,,,
1981-01-17,2.4,-1.0,4.0,,,243,23.2,,,
1981-01-18,1.4,0.0,2.0,,,255,16.1,,,
1981-01-19,2.0,0.0,4.0,,,245,21.6,,,
1981-01-20,0.5,-1.0,2.0,,,,9.6,,,
1981-01-21,-3.1,-7.0,0.0,,,,4.1,,,
1981-01-22,-6.1,-10.0,-4.0,,,,4.6,,,
1981-01-23,-7.0,-10.0,-5.0,,,,6.8,,,
1981-01-24,-6.5,-9.0,-4.0,,,,4.3,,,
1981-01-25,-4.7,-8.0,-1.0,,,,5.0,,,
1981-01-26,0.0,-4.0,3.0,,,,3.8,,,
1981-01-27,-2.6,-4.0,-1.0,,,,5.0,,,
1981-01-28,-3.6,-6.0,-2.0,,,,6.8,,,
1981-01-29,-5.3,-7.0,-4.0,,,56,7.3,,,
1981-01-30,-6.6,-9.0,-3.0,,,,5.2,,,
1981-02-01,-6.2,-10.0,-2.0,,,,3.1,,1043.0,
1981-02-02,-5.0,-8.0,0.0,,,,2.3,,1041.8,
1981-02-03,-0.7,-7.0,4.0,,,221,13.0,,1023.8,
1981-02-04,2.9,0.0,5.0,,,262,21.3,,1001.4,
1981-02-05,0.4,-1.0,2.0,,,265,19.0,,1011.7,
1981-02-06,1.4,-1.0,3.0,,,236,16.4,,1024.1,
1981-02-07,4.5,3.0,6.0,,,203,8.9,,1031.5,
1981-02-08,4.9,3.0,8.0,,,184,7.9,,1030.4,
1981-02-09,2.6,-1.0,6.0,,,,7.4,,1020.7,
1981-02-10,2.3,-1.0,5.0,,,236,13.4,,1021.8,
1981-02-11,-0.3,-3.0,3.0,,,,6.3,,1027.0,
1981-02-12,-1.9,-4.0,1.0,,,19,11.7,,1020.8,
1981-02-13,-2.8,-6.0,1.0,,,52,13.9,,1022.1,
1981-02-14,-3.7,-8.0,1.0,,,34,8.7,,1025.5,
1981-02-15,-3.5,-9.0,3.0,,,,4.1,,1024.6,
1981-02-16,-1.9,-7.0,4.0,,,23,10.2,,1023.1,
1981-02-17,-1.7,-4.0,1.0,,,86,10.7,,1023.9,
1981-02-18,-1.4,-3.0,1.0,,,49,16.2,,1018.1,
1981-02-19,-3.0,-5.0,-2.0,,,26,11.4,,1015.8,
1981-02-20,-2.3,-4.0,-1.0,,,321,5.9,,1017.4,
1981-02-22,-3.7,-10.0,1.0,,,31,7.0,,1017.8,
1981-02-23,-3.3,-7.0,1.0,,,,3.8,,1016.9,
1981-02-24,-1.8,-6.0,4.0,,,,6.1,,1019.8,
1981-02-25,-1.5,-5.0,2.0,,,40,11.8,,1025.5,
1981-02-26,-0.1,-4.0,2.0,,,,7.6,,1025.1,
1981-02-27,-2.2,-7.0,4.0,,,26,8.3,,1019.5,
1981-02-28,-2.0,-6.0,1.0,,,,5.1,,1014.7,
1981-03-01,3.5,0.0,7.0,,,178,8.1,,1015.4,
1981-03-02,2.9,-1.0,8.0,,,,6.6,,1012.7,
1981-03-03,2.5,0.0,6.0,,,184,7.8,,1005.2,
1981-03-04,1.8,0.0,3.0,,,,4.2,,1011.6,
1981-03-06,2.6,-2.0,8.0,,,,8.5,,1017.1,
1981-03-07,8.1,4.0,14.0,,,186,11.5,,1021.9,
1981-03-08,8.5,5.0,12.0,,,193,15.4,,1020.2,
1981-03-10,11.6,9.0,15.0,,,179,9.3,,1022.2,
1981-03-11,13.5,9.0,18.0,,,212,12.5,,1013.4,
1981-03-12,11.0,8.0,14.0,,,256,12.6,,1007.5,
1981-03-13,7.7,6.0,10.0,,,245,18.3,,1007.5,
1981-03-14,7.7,5.0,12.0,,,260,19.7,,1009.3,
1981-03-15,4.2,0.0,7.0,,,,7.5,,1012.2,
1981-03-16,4.2,1.0,8.0,,,217,11.0,,1013.7,
1981-03-17,2.5,1.0,5.0,,,207,10.2,,1012.8,
1981-03-18,1.8,0.0,5.0,,,,8.2,,1013.2,
1981-03-19,3.1,-3.0,10.0,,,186,9.3,,1014.9,
1981-03-20,5.7,-2.0,14.0,,,197,6.0,,1011.3,
1981-03-21,9.4,2.0,17.0,,,171,10.3,,1012.6,
1981-03-22,8.0,-1.0,14.0,,,265,14.0,,1008.4,
1981-03-23,10.8,7.0,15.0,,,214,13.5,,1011.6,
1981-03-24,14.3,11.0,18.0,,,250,26.9,,1013.2,
1981-03-25,15.3,12.0,21.0,,,171,12.7,,1015.0,
1981-03-26,11.8,10.0,15.0,,,274,14.2,,1014.3,
1981-03-27,9.1,2.0,15.0,,,,12.0,,1016.7,
1981-03-28,9.6,2.0,18.0,,,26,7.5,,1010.0,
1981-03-29,13.7,8.0,21.0,,,50,9.7,,1003.5,
1981-03-30,10.0,7.0,13.0,,,308,9.2,,1010.4,
1981-03-31,10.9,9.0,14.0,,,37,7.3,,1009.6,
1981-04-01,11.0,8.0,14.0,,,,5.6,,,
1981-04-02,12.0,9.0,18.0,,,38,8.1,,,
1981-04-03,12.5,10.0,15.0,,,,6.7,,,
1981-04-05,9.3,7.0,13.0,,,357,9.7,,,
1981-04-06,8.1,5.0,13.0,,,350,9.1,,,
1981-04-08,13.6,9.0,18.0,,,76,5.9,,,
1981-04-09,13.0,6.0,20.0,,,1,7.7,,,
1981-04-10,14.2,6.0,21.0,,,19,10.5,,,
1981-04-11,14.0,6.0,21.0,,,347,6.4,,,
1981-04-12,16.9,13.0,22.0,,,172,6.2,,,
1981-04-13,16.2,8.0,24.0,,,,7.1,,,
1981-04-14,14.9,8.0,22.0,,,39,12.2,,,
1981-04-15,13.5,7.0,20.0,,,344,8.7,,,
1981-04-16,13.2,6.0,19.0,,,53,17.8,,,
1981-04-17,6.2,1.0,11.0,,,57,25.0,,,
1981-04-18,2.9,-2.0,7.0,,,55,19.8,,,
1981-04-19,2.0,-5.0,8.0,,,,9.7,,,
1981-04-20,5.8,0.0,11.0,,,66,14.2,,,
1981-04-21,7.4,-1.0,14.0,,,24,9.4,,,
1981-04-22,7.3,-1.0,15.0,,,,8.9,,,
1981-04-23,7.3,0.0,15.0,,,356,10.3,,,
1981-04-24,6.6,1.0,13.0,,,52,14.0,,,
1981-04-25,9.0,1.0,17.0,,,,6.2,,,
1981-04-26,7.7,2.0,12.0,,,278,15.9,,,
1981-04-27,3.4,1.0,6.0,,,261,13.2,,,
1981-04-28,4.0,2.0,7.0,,,270,13.4,,,
1981-04-29,5.4,3.0,8.0,,,,9.3,,,
1981-05-01,10.2,9.0,13.0,,,265,14.5,,,
1981-05-02,5.7,4.0,8.0,,,57,7.2,,,
1981-05-03,5.6,3.0,8.0,,,355,10.7,,,
1981-05-04,5.3,3.0,10.0,,,242,17.8,,,
1981-05-05,4.7,3.0,8.0,,,250,17.8,,,
1981-05-06,8.3,4.0,15.0,,,172,9.8,,,
1981-05-07,11.5,1.0,21.0,,,,7.9,,,
1981-05-08,14.8,10.0,20.0,,,,7.5,,,
1981-05-09,15.6,7.0,24.0,,,,7.5,,,
1981-05-10,16.8,5.0,27.0,,,105,8.8,,,
1981-05-11,11.8,8.0,15.0,,,276,12.5,,,
1981-05-14,12.9,10.0,17.0,,,,9.0,,,
1981-05-15,13.4,7.0,20.0,,,353,8.4,,,
1981-05-16,13.3,8.0,21.0,,,,9.4,,,
1981-05-17,11.4,8.0,17.0,,,221,8.7,,,
1981-05-19,17.1,8.0,25.0,,,318,5.8,,,
1981-05-20,17.4,7.0,25.0,,,335,5.9,,,
1981-05-21,19.7,13.0,27.0,,,,6.9,,,
1981-05-22,12.9,9.0,18.0,,,229,14.2,,,
1981-05-23,14.1,9.0,21.0,,,,7.2,,,
1981-05-24,12.9,10.0,17.0,,,,7.8,,,
1981-05-25,11.6,9.0,16.0,,,323,8.1,,,
1981-05-26,9.1,7.0,11.0,,,,4.6,,,
1981-05-27,8.8,7.0,13.0,,,218,11.3,,,
1981-05-28,11.7,6.0,17.0,,,202,10.3,,,
1981-05-29,14.6,10.0,19.0,,,,11.7,,,
1981-05-30,16.5,9.0,24.0,,,,4.5,,,
1981-05-31,18.3,11.0,26.0,,,,4.2,,,
1981-06-01,20.5,14.0,27.0,,,46,6.7,,,
1981-06-02,20.9,13.0,28.0,,,,7.3,,,
1981-06-03,20.0,15.0,25.0,,,74,9.8,,,
1981-06-04,12.8,11.0,18.0,,,254,17.5,,,
1981-06-05,15.5,10.0,21.0,,,34,5.9,,,
1981-06-06,17.4,9.0,25.0,,,,5.1,,,
1981-06-07,19.7,15.0,25.0,,,,6.5,,,
1981-06-08,18.7,16.0,21.0,,,,7.0,,,
1981-06-09,19.3,15.0,23.0,,,,7.4,,,
1981-06-10,15.3,12.0,20.0,,,256,7.9,,,
1981-06-11,18.2,9.0,26.0,,,,5.5,,,
1981-06-12,19.6,13.0,25.0,,,,11.0,,,
1981-06-13,18.5,15.0,22.0,,,25,11.4,,,
1981-06-14,19.0,11.0,28.0,,,,5.5,,,
1981-06-15,21.6,13.0,29.0,,,342,5.8,,,
1981-06-16,19.3,14.0,23.0,,,291,14.7,,,
1981-06-17,13.3,9.0,16.0,,,301,13.5,,,
1981-06-19,10.0,7.0,13.0,,,,5.2,,,
1981-06-20,11.0,4.0,18.0,,,,5.7,,,
1981-06-21,11.3,9.0,13.0,,,313,7.1,,,
1981-06-22,9.6,5.0,14.0,,,33,11.7,,,
1981-06-23,13.4,9.0,19.0,,,52,16.2,,,
1981-06-24,15.2,9.0,21.0,,,339,8.2,,,
1981-06-25,16.1,10.0,23.0,,,,6.2,,,
1981-06-26,15.3,13.0,19.0,,,237,8.3,,,
1981-06-27,17.5,11.0,24.0,,,1,9.1,,,
1981-06-28,18.0,13.0,23.0,,,358,8.8,,,
1981-06-30,11.5,6.0,16.0,,,,10.4,,,
1981-07-01,15.7,9.0,23.0,,,317,5.9,,,
1981-07-03,16.4,11.0,20.0,,,,10.2,,,
1981-07-04,15.7,11.0,22.0,,,270,9.3,,,
1981-07-05,17.8,10.0,25.0,,,342,5.9,,,
1981-07-06,19.3,13.0,25.0,,,221,8.3,,,
1981-07-07,20.2,12.0,27.0,,,17,7.4,,,
1981-07-08,21.0,13.0,29.0,,,,5.5,,,
1981-07-09,21.8,14.0,29.0,,,,6.1,,,
1981-07-10,20.8,17.0,28.0,,,,7.4,,,
1981-07-11,19.4,16.0,23.0,,,262,7.9,,,
1981-07-12,18.4,16.0,21.0,,,234,10.1,,,
1981-07-13,17.1,14.0,21.0,,,229,8.5,,,
1981-07-14,16.3,11.0,20.0,,,,8.1,,,
1981-07-15,18.0,13.0,23.0,,,238,10.2,,,
1981-07-16,19.5,16.0,24.0,,,290,10.6,,,
1981-07-17,17.5,14.0,20.0,,,,9.0,,,
1981-07-18,12.4,10.0,15.0,,,,6.7,,,
1981-07-19,10.8,10.0,12.0,,,292,12.5,,,
1981-07-20,11.4,9.0,13.0,,,,10.4,,,
1981-07-22,18.6,12.0,25.0,,,202,9.5,,,
1981-07-23,14.7,12.0,17.0,,,,9.4,,,
1981-07-24,12.5,11.0,14.0,,,132,7.3,,,
1981-07-25,11.8,10.0,16.0,,,204,7.6,,,
1981-07-26,12.3,10.0,16.0,,,213,8.9,,,
1981-07-27,12.8,10.0,17.0,,,195,9.5,,,
1981-07-28,16.3,10.0,22.0,,,84,6.7,,,
1981-07-29,18.6,11.0,27.0,,,23,7.0,,,
1981-07-30,20.4,11.0,29.0,,,321,5.8,,,
1981-07-31,21.2,15.0,29.0,,,,4.8,,,
1981-08-01,23.0,19.0,27.0,,,163,11.1,,,
1981-08-02,20.5,15.0,26.0,,,,7.5,,,
1981-08-03,22.4,17.0,29.0,,,326,5.5,,,
1981-08-04,22.0,15.0,29.0,,,,7.1,,,
1981-08-05,22.0,14.0,30.0,,,,5.3,,,
1981-08-06,22.7,16.0,30.0,,,310,7.3,,,
1981-08-07,21.1,17.0,27.0,,,37,5.9,,,
1981-08-08,20.0,15.0,28.0,,,,7.4,,,
1981-08-09,17.0,15.0,20.0,,,217,8.4,,,
1981-08-10,15.4,13.0,18.0,,,266,9.1,,,
1981-08-11,16.2,11.0,23.0,,,,6.1,,,
1981-08-12,18.7,15.0,23.0,,,27,13.2,,,
1981-08-13,18.8,15.0,24.0,,,23,10.2,,,
1981-08-14,18.9,11.0,26.0,,,,6.8,,,
1981-08-15,20.2,13.0,28.0,,,,3.1,,,
1981-08-16,21.4,14.0,28.0,,,,9.3,,,
1981-08-17,17.5,14.0,22.0,,,36,14.3,,,
1981-08-18,14.6,7.0,22.0,,,,8.3,,,
1981-08-19,16.7,9.0,24.0,,,309,7.7,,,
1981-08-20,16.3,13.0,22.0,,,,13.7,,,
1981-08-22,13.2,6.0,20.0,,,,9.0,,,
1981-08-23,14.7,11.0,17.0,,,255,9.0,,,
1981-08-24,13.0,6.0,19.0,,,,5.7,,,
1981-08-25,14.6,9.0,20.0,,,19,10.2,,,
1981-08-26,14.4,7.0,22.0,,,346,5.6,,,
1981-08-27,17.5,13.0,23.0,,,,5.4,,,
1981-08-28,16.0,8.0,24.0,,,,5.3,,,
1981-08-29,17.0,10.0,24.0,,,,5.3,,,
1981-08-30,16.7,10.0,24.0,,,,4.7,,,
1981-08-31,17.0,10.0,25.0,,,,5.3,,,
1981-09-01,15.6,14.0,19.0,,,153,9.3,,,
1981-09-02,14.9,13.0,17.0,,,3,5.7,,,
1981-09-03,15.3,13.0,19.0,,,22,10.6,,,
1981-09-04,13.8,10.0,18.0,,,45,16.0,,,
1981-09-05,13.0,7.0,19.0,,,,6.5,,,
1981-09-06,14.2,9.0,22.0,,,,5.8,,,
1981-09-07,15.3,7.0,24.0,,,,4.1,,,
1981-09-08,18.0,13.0,24.0,,,,6.9,,,
1981-09-09,17.9,15.0,22.0,,,,5.6,,,
1981-09-10,14.7,10.0,20.0,,,,6.3,,,
1981-09-11,16.4,15.0,21.0,,,,5.8,,,
1981-09-12,16.9,12.0,23.0,,,,5.1,,,
1981-09-13,15.1,12.0,17.0,,,260,8.1,,,
1981-09-14,12.4,9.0,16.0,,,222,7.8,,,
1981-09-15,12.4,10.0,15.0,,,201,8.0,,,
1981-09-16,15.3,13.0,20.0,,,207,7.7,,,
1981-09-17,15.9,12.0,22.0,,,,4.3,,,
1981-09-19,14.2,13.0,16.0,,,232,6.8,,,
1981-09-20,17.6,13.0,23.0,,,160,7.6,,,
1981-09-21,17.2,12.0,23.0,,,345,7.9,,,
1981-09-22,17.2,12.0,23.0,,,,9.7,,,
1981-09-24,11.8,10.0,13.0,,,,6.8,,,
1981-09-25,13.3,9.0,17.0,,,176,7.7,,,
1981-09-26,13.5,9.0,19.0,,,,7.5,,,
1981-09-27,10.8,7.0,12.0,,,289,7.7,,,
1981-09-28,9.0,7.0,11.0,,,,6.3,,,
1981-09-29,9.6,6.0,14.0,,,,9.7,,,
1981-09-30,10.5,5.0,16.0,,,,10.5,,,
1981-10-01,10.3,7.0,16.0,,,,4.5,,,
1981-10-02,10.2,8.0,14.0,,,,5.4,,,
1981-10-03,11.3,9.0,13.0,,,204,8.9,,,
1981-10-04,10.7,8.0,16.0,,,242,10.5,,,
1981-10-05,14.5,10.0,22.0,,,,7.2,,,
1981-10-06,14.3,8.0,22.0,,,,6.7,,,
1981-10-08,10.9,4.0,19.0,,,,5.3,,,
1981-10-10,12.2,10.0,15.0,,,243,16.7,,,
1981-10-11,11.2,6.0,14.0,,,255,21.3,,,
1981-10-12,8.8,6.0,14.0,,,219,16.3,,,
1981-10-13,7.3,5.0,10.0,,,259,16.6,,,
1981-10-14,5.5,1.0,9.0,,,163,7.1,,,
1981-10-15,14.2,9.0,17.0,,,240,26.2,,,
1981-10-16,11.9,4.0,16.0,,,314,7.5,,,
1981-10-17,10.8,9.0,15.0,,,,6.3,,,
1981-10-19,11.4,8.0,14.0,,,227,7.8,,,
1981-10-20,9.8,5.0,15.0,,,,9.4,,,
1981-10-21,6.7,4.0,9.0,,,192,9.9,,,
1981-10-22,3.8,3.0,6.0,,,155,8.7,,,
1981-10-23,4.0,2.0,6.0,,,220,12.8,,,
1981-10-24,3.9,-1.0,7.0,,,,8.0,,,
1981-10-25,2.8,-2.0,8.0,,,,6.6,,,
1981-10-26,2.9,1.0,5.0,,,342,7.1,,,
1981-10-27,1.6,0.0,3.0,,,,6.2,,,
1981-10-28,5.5,2.0,10.0,,,217,11.1,,,
1981-10-29,7.6,2.0,13.0,,,191,17.4,,,
1981-10-30,8.7,7.0,10.0,,,207,14.2,,,
1981-10-31,12.6,10.0,15.0,,,261,18.0,,,
1981-11-01,11.9,7.0,17.0,,,,6.4,,,
1981-11-02,11.8,8.0,17.0,,,187,8.2,,,
1981-11-03,9.4,4.0,18.0,,,,3.8,,,
1981-11-04,9.0,3.0,19.0,,,,3.5,,,
1981-11-05,7.1,4.0,10.0,,,,5.3,,,
1981-11-06,3.5,-2.0,8.0,,,,7.5,,,
1981-11-07,-0.2,-4.0,6.0,,,,5.7,,,
1981-11-08,-1.3,-4.0,3.0,,,10,11.9,,,
1981-11-09,-2.2,-6.0,2.0,,,7,8.0,,,
1981-11-10,-2.2,-5.0,2.0,,,10,7.6,,,
1981-11-11,-2.7,-8.0,3.0,,,,5.0,,,
1981-11-12,2.6,0.0,5.0,,,169,7.3,,,
1981-11-13,4.7,3.0,7.0,,,194,8.9,,,
1981-11-14,3.8,1.0,6.0,,,271,13.9,,,
1981-11-15,1.2,-1.0,4.0,,,,8.1,,,
1981-11-16,-1.2,-4.0,3.0,,,,9.8,,,
1981-11-17,-1.2,-7.0,6.0,,,,4.1,,,
1981-11-18,5.7,1.0,12.0,,,142,7.1,,,
1981-11-19,8.4,6.0,11.0,,,,5.6,,,
1981-11-20,8.8,5.0,16.0,,,161,7.6,,,
1981-11-21,9.1,4.0,14.0,,,213,9.5,,,
1981-11-22,9.3,5.0,16.0,,,,5.7,,,
1981-11-24,8.9,5.0,12.0,,,266,21.7,,,
1981-11-25,2.7,0.0,5.0,,,276,15.8,,,
1981-11-26,0.7,-3.0,3.0,,,223,7.1,,,
1981-11-27,3.3,0.0,8.0,,,187,13.5,,,
1981-11-28,3.0,0.0,5.0,,,242,18.2,,,
1981-11-29,1.0,0.0,2.0,,,251,15.1,,,
1981-11-30,1.5,0.0,4.0,,,244,23.2,,,
1981-12-01,0.8,-1.0,4.0,,,260,19.8,,,
1981-12-02,0.7,0.0,2.0,,,,6.8,,,
1981-12-03,-1.0,-3.0,0.0,,,,7.7,,,
1981-12-04,0.1,-3.0,3.0,,,234,14.0,,,
1981-12-05,1.5,0.0,3.0,,,256,11.5,,,
1981-12-06,0.7,-1.0,2.0,,,207,12.6,,,
1981-12-07,2.0,1.0,4.0,,,232,20.6,,,
1981-12-08,6.5,5.0,11.0,,,247,36.3,,,
1981-12-09,0.5,-2.0,6.0,,,255,14.8,,,
1981-12-11,4.1,1.0,9.0,,,168,12.9,,,
1981-12-12,2.4,-1.0,7.0,,,282,19.4,,,
1981-12-13,-2.5,-4.0,-1.0,,,51,11.0,,,
1981-12-14,2.5,-4.0,6.0,,,240,23.8,,,
1981-12-15,2.7,1.0,5.0,,,225,22.9,,,
1981-12-16,3.1,0.0,10.0,,,265,20.3,,,
1981-12-17,1.4,0.0,5.0,,,,7.6,,,
1981-12-18,0.8,-1.0,2.0,,,312,8.0,,,
1981-12-19,-5.6,-14.0,0.0,,,295,11.8,,,
1981-12-21,-5.7,-9.0,-3.0,,,327,6.1,,,
1981-12-22,-3.3,-6.0,-1.0,,,,4.7,,,
1981-12-23,0.0,-2.0,2.0,,,113,7.2,,,
1981-12-24,1.5,-1.0,5.0,,,,9.3,,,
1981-12-25,0.4,-1.0,2.0,,,261,13.6,,,
1981-12-26,-2.0,-7.0,0.0,,,,5.1,,,
1981-12-27,-4.8,-7.0,-3.0,,,,5.0,,,
1981-12-28,-1.5,-3.0,3.0,,,339,6.3,,,
1981-12-29,0.9,-4.0,6.0,,,255,9.0,,,
1981-12-31,4.5,0.0,8.0,,,166,9.6,,,
1982-01-01,3.4,1.0,7.0,,,215,10.7,,,
1982-01-02,3.9,1.0,7.0,,,237,12.4,,,
1982-01-03,4.3,0.0,10.0,,,150,7.1,,,
1982-01-04,6.3,1.0,8.7,,,214,13.5,,,
1982-01-05,8.6,7.0,10.0,,,245,24.3,,,
1982-01-07,-6.1,-8.0,-4.0,,,42,16.3,,,
1982-01-08,-6.9,-7.5,-5.0,,,44,10.5,,,
1982-01-09,2.4,-5.0,7.0,,,,8.5,,,
1982-01-10,-3.4,-6.6,2.6,,,19,9.3,,,
1982-01-11,-2.3,-6.1,0.7,,,11,5.6,,,
1982-01-12,-0.5,-4.0,1.1,,,40,11.4,,,
1982-01-13,-5.8,-8.0,-3.5,,,12,12.2,,,
1982-01-14,-7.1,-8.0,-5.9,,,357,9.7,,,
1982-01-15,-6.9,-8.0,-4.4,,,343,6.2,,,
1982-01-16,-6.6,-9.0,-4.0,,,,4.4,,,
1982-01-17,-5.0,-6.0,-3.7,,,,3.4,,,
1982-01-18,-5.3,-7.0,-2.8,,,,3.5,,,
1982-01-19,-6.1,-8.0,-3.9,,,,3.9,,,
1982-01-20,-6.9,-8.0,-5.0,,,,5.4,,,
1982-01-21,-5.0,-8.0,-2.0,,,,3.8,,,
1982-01-23,1.0,0.0,4.0,,,,4.6,,,
1982-01-24,0.6,0.0,2.0,,,,5.8,,,
1982-01-25,-1.2,-6.0,1.0,,,28,7.8,,,
1982-01-27,1.9,1.0,3.0,,,128,8.3,,,
1982-01-28,1.1,0.0,2.2,,,317,10.5,,,
1982-01-29,1.2,0.0,2.0,,,253,20.7,,,
1982-01-30,4.4,2.0,6.1,,,255,21.6,,,
1982-01-31,4.8,3.0,6.0,,,256,16.8,,,
1982-02-01,2.1,-1.0,4.7,,,44,11.0,,,
1982-02-02,-1.4,-4.0,2.1,,,34,9.6,,,
1982-02-03,-2.1,-4.0,1.0,,,28,7.4,,,
1982-02-04,-1.6,-5.0,2.0,,,,5.3,,,
1982-02-05,0.1,-4.0,7.0,,,,4.7,,,
1982-02-06,1.1,-3.0,5.1,,,,7.2,,,
1982-02-07,4.3,0.0,11.0,,,,4.8,,,
1982-02-08,3.1,-1.0,7.3,,,,9.7,,,
1982-02-09,3.5,0.0,9.0,,,,5.2,,,
1982-02-10,3.1,-3.0,12.0,,,,5.3,,,
1982-02-11,2.0,-3.0,9.4,,,319,4.6,,,
1982-02-12,2.8,-1.0,10.0,,,,6.2,,,
1982-02-14,1.4,-2.0,5.6,,,,4.2,,,
1982-02-15,2.1,1.0,3.5,,,22,8.8,,,
1982-02-16,1.1,0.0,2.2,,,50,10.5,,,
1982-02-17,0.4,-2.0,2.0,,,43,10.4,,,
1982-02-18,0.4,-2.0,2.0,,,41,6.5,,,
1982-02-19,0.6,-1.0,2.1,,,33,8.6,,,
1982-02-20,-0.4,-3.0,0.7,,,44,11.4,,,
1982-02-21,-2.2,-5.0,2.1,,,70,12.6,,,
1982-02-22,-3.2,-6.0,0.2,,,40,8.5,,,
1982-02-23,-4.3,-6.0,-2.5,,,,6.4,,,
1982-02-24,-3.3,-5.0,-2.1,,,,6.4,,,
1982-02-26,-4.2,-9.0,0.0,,,10,6.8,,,
1982-02-27,-6.0,-15.0,2.0,,,,4.1,,,
1982-02-28,-2.1,-9.1,4.0,,,154,7.6,,,
1982-03-02,4.1,2.0,7.7,,,247,20.5,,,
1982-03-03,6.1,0.0,10.8,,,231,19.6,,,
1982-03-04,4.8,1.0,10.0,,,232,17.3,,,
1982-03-05,2.2,-2.0,6.2,,,42,10.9,,,
1982-03-06,0.6,-2.0,5.3,,,47,19.7,,,
1982-03-07,0.3,-3.0,4.4,,,56,11.1,,,
1982-03-08,1.5,-4.0,9.0,,,,5.3,,,
1982-03-09,2.5,-3.0,9.2,,,152,8.5,,,
1982-03-10,4.4,-2.0,10.3,,,,14.1,,,
1982-03-11,2.4,0.0,6.9,,,265,26.7,,,
1982-03-12,2.8,-1.0,7.0,,,223,14.3,,,
1982-03-13,2.0,0.0,4.7,,,246,18.9,,,
1982-03-14,1.7,-2.0,6.1,,,192,8.6,,,
1982-03-15,2.7,-4.0,11.3,,,159,6.8,,,
1982-03-16,3.6,-1.0,8.0,,,159,10.5,,,
1982-03-17,3.0,1.0,4.5,,,,9.5,,,
1982-03-18,2.4,1.0,5.1,,,,8.8,,,
1982-03-19,2.2,0.0,5.2,,,225,10.1,,,
1982-03-20,2.4,0.0,5.5,,,203,14.1,,,
1982-03-21,3.6,0.0,7.0,,,288,8.2,,,
1982-03-22,2.4,-1.0,7.0,,,,5.4,,,
1982-03-23,3.5,0.0,7.9,,,28,13.2,,,
1982-03-24,4.7,1.0,10.1,,,68,21.0,,,
1982-03-25,4.7,-3.0,12.3,,,39,10.9,,,
1982-03-26,5.4,-2.0,14.0,,,,6.2,,,
1982-03-27,7.1,-1.0,16.2,,,,6.1,,,
1982-03-28,7.2,1.0,14.4,,,,8.1,,,
1982-03-29,7.6,5.0,11.0,,,227,11.1,,,
1982-03-30,2.2,0.0,5.0,,,267,12.1,,,
1982-04-01,6.9,1.0,16.3,,,6,8.5,,,
1982-04-02,8.1,2.0,15.0,,,240,14.8,,,
1982-04-03,7.7,5.0,11.0,,,212,7.6,,,
1982-04-04,7.9,1.0,16.4,,,,6.8,,,
1982-04-05,10.1,1.0,19.0,,,33,5.7,,,
1982-04-06,11.3,6.0,19.0,,,,9.0,,,
1982-04-07,10.6,8.0,16.0,,,,11.3,,,
1982-04-08,10.8,6.0,17.0,,,253,23.8,,,
1982-04-09,4.3,2.0,7.0,,,31,9.6,,,
1982-04-10,5.1,1.0,11.0,,,,12.8,,,
1982-04-11,6.4,2.0,11.0,,,289,11.1,,,
1982-04-12,4.3,1.9,8.0,,,64,11.3,,,
1982-04-13,2.9,0.0,7.0,,,37,12.9,,,
1982-04-14,4.0,-1.0,8.0,,,57,23.5,,,
1982-04-15,6.6,2.0,11.9,,,62,28.6,,,
1982-04-16,7.7,2.0,14.0,,,,13.2,,,
1982-04-18,8.8,0.0,15.0,,,33,13.6,,,
1982-04-19,8.2,1.0,13.6,,,59,18.8,,,
1982-04-20,6.5,-1.0,12.0,,,50,12.8,,,
1982-04-23,7.8,-1.0,14.5,,,45,7.2,,,
1982-04-25,6.8,2.0,13.0,,,43,16.4,,,
1982-04-26,7.6,0.0,14.0,,,25,9.2,,,
1982-04-27,9.0,4.0,13.0,,,61,12.2,,,
1982-04-28,8.9,2.0,14.0,,,,7.0,,,
1982-05-01,6.2,3.0,11.0,,,237,12.5,,,
1982-05-02,8.8,5.0,15.0,,,341,7.4,,,
1982-05-03,12.1,2.3,21.0,,,215,16.8,,,
1982-05-05,7.7,4.9,11.0,,,,11.0,,,
1982-05-06,5.7,3.0,11.0,,,290,8.9,,,
1982-05-08,7.4,-1.0,14.0,,,12,9.4,,,
1982-05-09,9.5,6.8,14.4,,,358,9.5,,,
1982-05-10,6.5,4.8,9.3,,,237,8.9,,,
1982-05-11,8.3,1.7,16.0,,,,6.9,,,
1982-05-12,12.1,3.0,19.2,,,44,9.3,,,
1982-05-13,13.2,4.0,20.0,,,43,12.2,,,
1982-05-14,14.5,4.0,22.2,,,46,11.7,,,
1982-05-15,15.8,6.0,24.5,,,,5.7,,,
1982-05-16,16.9,8.0,25.0,,,360,7.3,,,
1982-05-17,16.6,12.7,22.0,,,328,6.9,,,
1982-05-18,16.9,9.0,25.0,,,,7.6,,,
1982-05-19,16.5,12.7,21.0,,,258,8.2,,,
1982-05-20,16.2,11.0,23.0,,,235,9.9,,,
1982-05-21,16.3,13.0,22.0,,,199,7.0,,,
1982-05-22,14.2,9.3,19.0,,,287,9.9,,,
1982-05-23,13.9,10.0,18.0,,,239,12.6,,,
1982-05-24,10.6,8.1,13.0,,,246,13.7,,,
1982-05-25,13.5,6.0,21.0,,,132,11.3,,,
1982-05-26,16.6,7.0,26.0,,,,6.0,,,
1982-05-27,18.3,8.9,26.0,,,,8.1,,,
1982-05-28,17.1,14.8,22.0,,,313,9.5,,,
1982-05-29,16.8,12.3,21.0,,,35,18.4,,,
1982-05-30,17.7,11.0,24.0,,,37,15.1,,,
1982-05-31,18.7,9.7,27.0,,,349,7.0,,,
1982-06-01,21.5,13.0,28.0,,,,8.0,,,
1982-06-02,21.6,14.3,29.0,,,253,6.8,,,
1982-06-03,22.1,14.1,30.0,,,42,7.0,,,
1982-06-04,22.6,15.0,31.0,,,38,7.8,,,
1982-06-05,22.7,16.1,28.0,,,253,8.8,,,
1982-06-06,20.1,14.3,26.0,,,243,8.0,,,
1982-06-07,20.4,16.0,25.0,,,85,11.7,,,
1982-06-08,20.0,13.0,26.5,,,15,11.5,,,
1982-06-09,20.9,14.4,27.0,,,62,7.1,,,
1982-06-10,19.6,14.0,27.0,,,,6.1,,,
1982-06-11,16.9,14.0,20.0,,,,6.5,,,
1982-06-12,14.3,11.6,16.4,,,204,10.4,,,
1982-06-13,11.1,8.2,13.0,,,233,14.4,,,
1982-06-14,11.6,9.1,14.0,,,234,12.0,,,
1982-06-15,13.3,7.3,19.0,,,312,7.5,,,
1982-06-16,14.2,11.5,16.0,,,201,9.6,,,
1982-06-17,17.7,12.2,23.0,,,99,6.4,,,
1982-06-18,15.1,12.0,18.0,,,247,8.0,,,
1982-06-19,15.5,12.2,20.0,,,256,10.9,,,
1982-06-20,16.9,11.4,22.0,,,338,5.4,,,
1982-06-21,15.7,11.0,20.4,,,195,8.1,,,
1982-06-22,19.7,14.8,26.0,,,,7.0,,,
1982-06-23,17.5,14.9,21.0,,,184,11.8,,,
1982-06-24,18.0,13.5,23.0,,,273,7.5,,,
1982-06-25,19.0,12.7,27.0,,,317,7.9,,,
1982-06-26,16.9,15.0,20.0,,,209,8.7,,,
1982-06-27,14.5,12.7,17.0,,,234,11.2,,,
1982-06-29,16.4,13.5,20.0,,,244,12.6,,,
1982-06-30,16.1,11.0,21.0,,,277,9.4,,,
1982-07-01,17.9,11.0,25.0,,,339,4.7,,,
1982-07-02,20.7,11.3,28.0,,,30,6.3,,,
1982-07-03,22.6,18.4,28.0,,,178,12.3,,,
1982-07-04,17.7,12.2,22.0,,,232,13.6,,,
1982-07-05,17.9,11.0,25.1,,,,5.7,,,
1982-07-06,18.7,12.3,25.0,,,,7.0,,,
1982-07-07,21.7,16.2,27.0,,,279,11.2,,,
1982-07-08,20.7,14.0,27.0,,,3,10.3,,,
1982-07-09,22.6,14.2,30.0,,,335,7.2,,,
1982-07-10,22.9,17.1,29.0,,,27,7.7,,,
1982-07-11,23.7,18.0,30.0,,,21,14.1,,,
1982-07-12,21.6,13.0,29.0,,,,9.9,,,
1982-07-13,22.9,17.0,29.0,,,9,9.9,,,
1982-07-14,22.8,16.0,30.0,,,,6.9,,,
1982-07-15,22.0,16.2,29.0,,,284,8.3,,,
1982-07-16,22.5,16.0,30.0,,,,7.8,,,
1982-07-17,20.7,17.1,27.0,,,65,8.2,,,
1982-07-18,19.4,14.0,25.0,,,,9.5,,,
1982-07-19,18.0,15.2,21.0,,,16,12.0,,,
1982-07-21,22.0,16.1,28.6,,,,8.1,,,
1982-07-22,19.8,17.2,24.0,,,246,10.0,,,
1982-07-23,19.0,13.7,24.4,,,50,8.5,,,
1982-07-24,15.8,13.7,18.0,,,250,8.9,,,
1982-07-25,14.4,13.4,15.0,,,220,13.2,,,
1982-07-26,14.6,12.1,16.0,,,276,7.0,,,
1982-07-27,13.0,12.0,14.0,,,343,5.9,,,
1982-07-28,14.4,10.0,19.0,,,,9.4,,,
1982-07-29,18.1,12.6,25.0,,,28,10.5,,,
1982-08-01,17.6,10.0,25.0,,,30,7.1,,,
1982-08-02,18.7,13.8,24.0,,,16,6.9,,,
1982-08-03,19.2,16.3,23.0,,,252,10.7,,,
1982-08-04,17.6,14.8,20.0,,,181,8.2,,,
1982-08-05,19.4,16.0,24.0,,,222,6.1,,,
1982-08-06,16.5,13.7,21.0,,,,7.3,,,
1982-08-07,15.8,12.9,20.0,,,292,5.3,,,
1982-08-08,18.1,14.9,24.0,,,,5.8,,,
1982-08-09,19.3,16.6,24.0,,,,6.1,,,
1982-08-10,19.3,16.0,24.0,,,,7.0,,,
1982-08-11,19.0,13.0,25.2,,,25,7.4,,,
1982-08-12,21.7,14.0,30.0,,,,9.7,,,
1982-08-13,20.3,17.0,25.0,,,119,9.3,,,
1982-08-14,19.9,16.4,24.0,,,,6.6,,,
1982-08-15,18.7,13.3,26.0,,,,5.1,,,
1982-08-16,19.9,16.4,23.0,,,,5.8,,,
1982-08-17,18.2,14.7,22.0,,,233,12.3,,,
1982-08-18,19.3,13.8,25.0,,,190,8.1,,,
1982-08-19,19.3,14.5,24.0,,,312,10.1,,,
1982-08-20,14.8,11.2,18.0,,,254,8.0,,,
1982-08-21,13.0,8.2,19.0,,,,7.2,,,
1982-08-22,13.6,7.2,20.0,,,,4.0,,,
1982-08-23,15.3,8.0,23.0,,,,5.3,,,
1982-08-24,15.5,12.0,18.0,,,,9.9,,,
1982-08-25,16.2,12.0,21.0,,,157,9.8,,,
1982-08-26,17.6,11.2,26.0,,,,7.6,,,
1982-08-27,15.2,11.8,18.0,,,231,8.4,,,
1982-08-28,13.5,11.2,16.0,,,,6.5,,,
1982-08-30,15.6,8.8,23.0,,,,5.8,,,
1982-08-31,12.9,10.1,15.0,,,,6.5,,,
1982-09-01,14.0,10.2,19.0,,,,6.3,,,
1982-09-02,15.5,9.6,22.0,,,23,6.9,,,
1982-09-03,16.2,11.0,22.0,,,12,9.4,,,
1982-09-04,17.2,10.0,26.0,,,,5.4,,,
1982-09-05,20.2,12.9,28.0,,,184,6.7,,,
1982-09-06,16.8,12.8,20.0,,,179,9.3,,,
1982-09-07,13.7,11.7,15.0,,,169,7.0,,,
1982-09-08,15.6,12.0,20.0,,,33,7.6,,,
1982-09-10,16.3,11.6,23.0,,,,4.8,,,
1982-09-11,18.0,13.3,25.0,,,,4.3,,,
1982-09-12,17.9,12.8,24.4,,,,5.5,,,
1982-09-13,17.4,12.0,24.0,,,,5.5,,,
1982-09-14,17.1,10.4,24.0,,,,4.8,,,
1982-09-15,18.2,12.1,25.0,,,,3.2,,,
1982-09-17,18.3,14.3,25.0,,,,2.9,,,
1982-09-19,17.4,11.3,25.0,,,,4.9,,,
1982-09-20,17.8,11.9,25.0,,,,6.8,,,
1982-09-21,19.1,15.0,25.0,,,202,10.6,,,
1982-09-22,17.0,14.6,20.0,,,,9.6,,,
1982-09-23,13.1,11.0,15.0,,,271,9.6,,,
1982-09-24,11.4,6.0,16.0,,,,5.3,,,
1982-09-25,15.2,10.9,22.0,,,,5.9,,,
1982-09-26,14.5,11.0,22.0,,,297,9.8,,,
1982-09-27,13.7,9.2,19.0,,,72,6.9,,,
1982-09-28,12.6,9.0,19.0,,,,5.0,,,
1982-09-29,11.7,7.0,17.0,,,,4.9,,,
1982-09-30,13.5,11.7,16.0,,,242,8.6,,,
1982-10-01,13.8,11.0,18.0,,,219,6.7,,,
1982-10-02,14.0,10.8,18.0,,,31,9.1,,,
1982-10-04,12.0,10.0,15.0,,,,5.8,,,
1982-10-05,10.9,9.0,14.0,,,198,9.0,,,
1982-10-06,6.4,3.0,9.0,,,264,14.4,,,
1982-10-07,9.8,5.9,13.0,,,243,24.9,,,
1982-10-08,9.9,7.5,14.0,,,242,19.3,,,
1982-10-09,9.3,7.4,13.0,,,,13.0,,,
1982-10-10,9.9,7.5,14.0,,,160,6.6,,,
1982-10-11,10.7,8.5,14.0,,,218,14.8,,,
1982-10-12,9.5,7.0,12.0,,,235,15.9,,,
1982-10-13,10.9,8.7,15.0,,,205,16.4,,,
1982-10-14,11.0,7.6,16.6,,,242,26.6,,,
1982-10-15,7.5,6.0,9.2,,,243,14.9,,,
1982-10-17,8.6,6.0,10.1,,,152,6.6,,,
1982-10-18,10.5,8.0,14.2,,,,4.9,,,
1982-10-20,11.0,8.0,16.0,,,,4.1,,,
1982-10-21,10.6,8.0,16.0,,,,4.9,,,
1982-10-22,10.1,7.7,13.0,,,2,5.9,,,
1982-10-23,9.6,8.0,12.0,,,246,8.8,,,
1982-10-24,9.0,7.9,10.0,,,239,8.1,,,
1982-10-25,7.5,4.0,10.0,,,,6.0,,,
1982-10-26,6.9,4.0,10.0,,,313,5.9,,,
1982-10-27,7.9,4.0,11.0,,,,5.6,,,
1982-10-29,7.2,6.4,8.0,,,46,8.1,,,
1982-10-30,7.1,4.0,12.0,,,,4.0,,,
1982-10-31,6.6,4.0,13.0,,,,4.1,,,
1982-11-01,5.0,3.0,9.1,,,,4.1,,,
1982-11-02,7.2,4.0,13.0,,,,3.2,,,
1982-11-03,6.0,4.0,11.0,,,,4.2,,,
1982-11-04,4.7,3.0,9.0,,,,4.1,,,
1982-11-06,5.4,3.0,8.0,,,51,11.6,,,
1982-11-07,3.5,1.0,8.0,,,340,6.7,,,
1982-11-08,14.0,3.0,20.1,,,202,18.5,,,
1982-11-09,10.7,9.0,12.0,,,,6.0,,,
1982-11-10,8.1,6.0,11.0,,,,4.9,,,
1982-11-11,7.8,5.0,10.0,,,,6.0,,,
1982-11-12,8.4,6.0,12.0,,,205,8.3,,,
1982-11-13,7.2,5.7,12.0,,,263,11.3,,,
1982-11-14,4.2,1.0,7.0,,,217,12.0,,,
1982-11-15,2.2,0.0,4.0,,,106,6.4,,,
1982-11-16,2.3,0.0,5.0,,,280,6.7,,,
1982-11-17,2.4,1.0,4.0,,,252,17.0,,,
1982-11-18,5.1,2.0,8.5,,,226,18.6,,,
1982-11-19,8.2,6.0,11.2,,,247,16.4,,,
1982-11-20,5.4,-1.0,10.0,,,254,6.9,,,
1982-11-21,0.1,-2.0,2.0,,,,5.1,,,
1982-11-22,3.6,-1.0,12.0,,,134,8.7,,,
1982-11-23,3.5,-2.0,14.0,,,,4.8,,,
1982-11-24,5.3,2.0,12.0,,,186,13.7,,,
1982-11-25,1.6,-1.0,4.0,,,,4.4,,,
1982-11-26,3.5,2.0,6.0,,,71,6.5,,,
1982-11-27,3.4,2.0,5.0,,,301,6.2,,,
1982-11-28,4.2,3.4,5.0,,,349,7.7,,,
1982-11-29,3.3,2.0,4.0,,,42,14.5,,,
1982-11-30,5.0,4.0,6.0,,,50,17.6,,,
1982-12-01,3.4,2.0,5.0,,,32,14.6,,,
1982-12-02,2.1,1.0,3.0,,,346,7.0,,,
1982-12-03,2.3,1.9,3.1,,,332,4.8,,,
1982-12-04,2.4,2.0,3.0,,,288,5.3,,,
1982-12-05,1.6,0.8,3.0,,,269,5.9,,,
1982-12-06,3.4,-0.1,8.1,,,177,10.9,,,
1982-12-07,7.8,6.7,10.0,,,167,10.6,,,
1982-12-08,9.0,6.0,11.2,,,238,10.0,,,
1982-12-09,7.0,5.0,9.3,,,213,14.9,,,
1982-12-10,8.5,4.0,11.9,,,241,25.0,,,
1982-12-11,1.9,0.0,4.0,,,236,19.1,,,
1982-12-12,1.8,-0.5,5.5,,,175,14.9,,,
1982-12-13,3.1,2.0,5.0,,,,7.6,,,
1982-12-14,2.1,1.0,3.4,,,290,5.9,,,
1982-12-16,10.0,8.0,11.0,,,247,38.4,,,
1982-12-17,5.9,3.0,11.0,,,304,18.4,,,
1982-12-18,1.0,-1.0,3.0,,,,10.4,,,
1982-12-19,-0.3,-2.0,2.0,,,,7.0,,,
1982-12-20,4.0,0.4,9.0,,,182,17.0,,,
1982-12-21,3.6,2.0,6.0,,,237,18.3,,,
1982-12-22,1.1,-1.0,4.0,,,174,8.9,,,
1982-12-23,-0.9,-3.0,1.0,,,308,6.6,,,
1982-12-24,-1.3,-4.0,1.1,,,8,7.6,,,
1982-12-25,-1.0,-4.0,1.5,,,,4.0,,,
1982-12-26,1.5,-1.0,5.0,,,,4.0,,,
1982-12-27,3.3,1.0,5.0,,,218,8.6,,,
1982-12-28,3.8,3.0,4.9,,,272,15.1,,,
1982-12-29,1.3,-2.0,3.1,,,7,12.1,,,
1982-12-30,-2.7,-6.0,0.1,,,,7.3,,,
1982-12-31,-2.5,-6.0,2.0,,,,4.6,,,
1983-01-01,-1.4,-5.0,4.0,,,,6.2,,,
1983-01-02,-0.9,-4.0,1.3,,,187,6.6,,,
1983-01-03,2.5,0.0,5.0,,,165,7.8,,,
1983-01-04,6.7,3.0,9.0,,,240,23.5,,,
1983-01-05,9.0,7.0,10.6,,,241,23.6,,,
1983-01-06,7.6,4.0,12.0,,,211,8.8,,,
1983-01-07,4.1,0.0,6.2,,,231,8.8,,,
1983-01-08,0.4,-2.4,3.5,,,177,9.0,,,
1983-01-09,1.5,-1.0,4.2,,,201,8.2,,,
1983-01-10,0.9,-2.0,6.0,,,154,7.6,,,
1983-01-12,-3.1,-7.0,1.0,,,333,4.9,,,
1983-01-13,-0.4,-6.0,5.0,,,,7.6,,,
1983-01-14,1.4,0.0,4.0,,,251,20.9,,,
1983-01-15,2.2,0.9,5.0,,,241,21.6,,,
1983-01-16,5.7,5.0,7.0,,,254,23.2,,,
1983-01-17,6.4,3.0,9.2,,,248,19.7,,,
1983-01-18,2.7,0.0,6.0,,,300,10.8,,,
1983-01-19,0.8,-1.1,3.5,,,269,19.8,,,
1983-01-20,-0.9,-2.0,0.0,,,267,12.0,,,
1983-01-22,-0.1,-3.0,4.0,,,,6.5,,,
1983-01-24,-2.3,-3.6,-1.0,,,,3.8,,,
1983-01-25,-0.2,-3.9,3.0,,,193,6.6,,,
1983-01-26,5.4,3.0,9.0,,,154,8.9,,,
1983-01-27,7.5,4.0,11.0,,,193,11.2,,,
1983-01-28,9.0,6.0,12.0,,,257,18.0,,,
1983-01-29,8.7,6.7,11.0,,,255,24.2,,,
1983-01-30,6.6,0.0,9.0,,,248,29.2,,,
1983-01-31,0.9,-0.2,2.4,,,237,20.4,,,
1983-02-01,7.4,1.0,12.0,,,242,34.5,,,
1983-02-02,1.9,-1.0,7.0,,,249,21.8,,,
1983-02-04,-1.5,-7.0,1.3,,,,5.8,,,
1983-02-05,-2.2,-8.0,2.4,,,189,13.8,,,
1983-02-06,1.1,0.0,3.0,,,206,9.0,,,
1983-02-07,-0.1,-4.0,2.3,,,,7.8,,,
1983-02-08,-2.8,-6.0,0.0,,,,5.0,,,
1983-02-09,-1.7,-3.0,0.0,,,342,4.8,,,
1983-02-10,-2.1,-5.0,-1.0,,,,7.2,,,
1983-02-11,-2.8,-4.0,-2.0,,,26,15.9,,,
1983-02-12,-3.7,-9.0,5.0,,,24,8.4,,,
1983-02-13,-3.8,-8.0,-1.4,,,57,17.5,,,
1983-02-14,-2.8,-4.0,-1.7,,,51,8.3,,,
1983-02-15,-2.6,-5.0,-1.2,,,50,14.2,,,
1983-02-16,-5.6,-8.4,-1.8,,,50,18.8,,,
1983-02-17,-6.6,-12.0,-0.9,,,47,14.7,,,
1983-02-18,-5.5,-12.0,2.0,,,,5.5,,,
1983-02-19,-5.6,-12.0,2.0,,,146,5.0,,,
1983-02-20,-5.0,-11.0,1.0,,,28,5.7,,,
1983-02-21,-3.7,-9.0,1.0,,,,9.7,,,
1983-02-22,-5.1,-10.0,-0.3,,,30,12.9,,,
1983-02-23,-6.9,-12.0,-2.0,,,,7.0,,,
1983-02-24,-4.0,-11.5,4.0,,,,3.7,,,
1983-02-25,-0.5,-4.0,3.0,,,,5.7,,,
1983-02-26,4.9,3.0,7.0,,,179,13.3,,,
1983-02-27,4.7,3.0,8.0,,,239,14.9,,,
1983-02-28,3.6,1.0,6.5,,,242,16.3,,,
1983-03-02,1.1,-1.0,3.0,,,,6.3,,,
1983-03-03,1.9,0.0,4.3,,,59,13.9,,,
1983-03-04,1.7,-1.0,7.0,,,,5.2,,,
1983-03-05,1.7,-3.0,10.0,,,,3.8,,,
1983-03-06,2.4,-3.0,11.0,,,307,7.6,,,
1983-03-07,4.2,0.0,11.0,,,,5.0,,,
1983-03-08,4.7,-2.0,13.0,,,,5.4,,,
1983-03-09,7.4,0.0,17.0,,,167,9.6,,,
1983-03-10,7.8,0.0,17.0,,,,5.0,,,
1983-03-11,7.2,0.0,15.0,,,345,5.8,,,
1983-03-12,6.9,3.0,10.0,,,36,14.1,,,
1983-03-13,5.6,-2.0,15.0,,,,5.5,,,
1983-03-14,8.7,4.0,13.0,,,,7.3,,,
1983-03-15,8.2,6.0,12.0,,,341,9.0,,,
1983-03-17,7.6,6.0,10.0,,,292,6.3,,,
1983-03-18,7.0,4.0,9.0,,,,7.6,,,
1983-03-19,9.2,7.6,11.0,,,238,8.3,,,
1983-03-20,10.1,6.0,15.0,,,126,5.9,,,
1983-03-21,8.3,4.0,12.0,,,227,11.7,,,
1983-03-22,6.3,3.0,11.0,,,260,30.3,,,
1983-03-23,6.6,3.0,12.5,,,242,19.8,,,
1983-03-24,10.3,4.0,15.0,,,253,18.0,,,
1983-03-25,2.8,0.0,7.0,,,247,11.3,,,
1983-03-26,0.7,-0.1,2.3,,,237,20.7,,,
1983-03-27,2.3,-1.0,6.0,,,222,8.5,,,
1983-03-28,5.4,2.0,9.0,,,286,13.3,,,
1983-03-29,3.3,-0.3,7.2,,,31,9.5,,,
1983-03-30,4.2,-2.0,9.0,,,192,12.1,,,
1983-03-31,6.4,5.0,9.0,,,,6.6,,,
1983-04-01,7.6,3.0,13.0,,,,10.1,,,
1983-04-02,6.1,3.3,8.0,,,296,13.7,,,
1983-04-03,3.1,0.6,5.0,,,243,10.2,,,
1983-04-04,3.0,0.0,8.0,,,231,9.4,,,
1983-04-05,3.8,1.0,7.0,,,241,14.3,,,
1983-04-06,5.3,4.0,6.7,,,228,20.0,,,
1983-04-07,7.0,4.0,11.0,,,242,15.5,,,
1983-04-08,12.3,9.0,16.3,,,241,24.3,,,
1983-04-09,11.9,10.2,13.0,,,253,18.9,,,
1983-04-11,10.2,6.0,17.0,,,282,11.9,,,
1983-04-12,4.8,3.0,6.3,,,251,22.0,,,
1983-04-13,2.3,0.0,5.0,,,260,14.1,,,
1983-04-15,5.1,3.0,8.4,,,223,11.5,,,
1983-04-16,7.6,0.0,16.5,,,,9.2,,,
1983-04-17,10.6,2.0,19.0,,,,6.0,,,
1983-04-18,13.0,8.0,19.8,,,50,8.7,,,
1983-04-19,12.4,7.0,20.0,,,284,11.8,,,
1983-04-20,11.6,5.0,17.4,,,78,11.5,,,
1983-04-21,14.6,7.0,24.0,,,39,13.7,,,
1983-04-22,12.1,7.0,18.0,,,230,10.8,,,
1983-04-23,11.3,4.0,19.0,,,311,8.9,,,
1983-04-25,11.4,4.0,19.0,,,324,6.6,,,
1983-04-26,10.0,4.0,14.3,,,60,9.4,,,
1983-04-27,10.9,7.0,16.0,,,231,10.8,,,
1983-04-28,11.9,5.0,18.0,,,357,7.4,,,
1983-04-29,12.2,7.9,17.0,,,271,8.8,,,
1983-04-30,11.9,6.0,17.0,,,,6.6,,,
1983-05-01,9.9,7.3,12.6,,,280,12.5,,,
1983-05-02,10.8,6.0,16.5,,,245,21.1,,,
1983-05-03,10.0,7.4,13.0,,,255,15.7,,,
1983-05-04,10.1,7.0,16.0,,,,11.7,,,
1983-05-05,11.5,5.0,19.0,,,355,5.8,,,
1983-05-06,13.4,6.0,22.0,,,,4.8,,,
1983-05-07,13.1,11.0,16.0,,,213,7.6,,,
1983-05-08,10.0,8.4,11.6,,,,8.4,,,
1983-05-09,10.2,7.0,15.0,,,214,9.4,,,
1983-05-10,8.4,5.0,11.0,,,186,9.6,,,
1983-05-11,8.7,5.8,12.0,,,169,8.7,,,
1983-05-12,11.3,3.0,20.0,,,,9.6,,,
1983-05-13,11.1,8.0,16.0,,,321,9.1,,,
1983-05-14,14.1,8.0,20.0,,,14,9.1,,,
1983-05-15,15.1,11.9,21.4,,,325,9.9,,,
1983-05-16,14.2,10.0,18.0,,,308,10.1,,,
1983-05-17,13.7,7.0,23.0,,,,12.3,,,
1983-05-18,12.3,7.4,18.0,,,217,8.0,,,
1983-05-19,11.4,6.8,18.0,,,186,10.3,,,
1983-05-20,13.5,5.0,21.0,,,16,8.6,,,
1983-05-21,12.5,9.0,17.3,,,265,10.5,,,
1983-05-22,7.9,4.9,10.0,,,50,8.6,,,
1983-05-23,6.4,5.0,8.0,,,162,7.7,,,
1983-05-25,5.7,4.0,7.0,,,241,18.3,,,
1983-05-26,5.8,4.0,7.0,,,238,15.2,,,
1983-05-27,7.5,6.0,9.4,,,260,9.9,,,
1983-05-28,10.8,5.0,17.0,,,,7.9,,,
1983-05-29,12.0,7.0,17.0,,,272,10.8,,,
1983-05-30,14.1,6.0,22.0,,,134,6.9,,,
1983-05-31,16.9,8.0,26.0,,,,5.4,,,
1983-06-03,18.3,9.0,27.0,,,354,4.9,,,
1983-06-04,20.2,11.0,29.0,,,,4.0,,,
1983-06-05,21.6,13.0,29.4,,,,7.0,,,
1983-06-07,17.2,10.0,24.0,,,19,12.9,,,
1983-06-08,20.6,11.0,31.0,,,,5.2,,,
1983-06-09,21.6,17.0,27.0,,,258,7.9,,,
1983-06-10,19.0,14.0,24.0,,,286,10.6,,,
1983-06-11,17.7,13.0,24.0,,,319,6.3,,,
1983-06-12,18.6,13.0,26.0,,,359,6.6,,,
1983-06-13,15.3,13.6,17.0,,,244,9.8,,,
1983-06-14,15.2,13.0,19.0,,,259,11.4,,,
1983-06-15,14.4,11.0,18.0,,,294,13.2,,,
1983-06-16,12.0,7.0,17.0,,,,6.9,,,
1983-06-17,11.8,7.0,16.0,,,19,11.7,,,
1983-06-18,13.2,9.0,17.5,,,34,20.7,,,
1983-06-19,15.1,10.0,20.1,,,48,20.4,,,
1983-06-20,16.0,11.5,21.0,,,49,11.9,,,
1983-06-21,17.8,13.0,24.0,,,,6.1,,,
1983-06-22,18.3,14.0,23.8,,,5,7.0,,,
1983-06-23,19.0,12.0,25.0,,,,7.1,,,
1983-06-24,18.8,14.9,26.0,,,,6.0,,,
1983-06-27,16.6,14.6,19.0,,,229,10.4,,,
1983-06-29,15.8,9.0,22.0,,,333,6.9,,,
1983-06-30,17.0,12.0,22.0,,,259,7.6,,,
1983-07-01,16.2,14.0,19.0,,,278,10.3,,,
1983-07-02,16.4,9.9,22.0,,,27,9.7,,,
1983-07-03,18.1,10.0,25.0,,,20,8.3,,,
1983-07-04,20.1,12.0,27.0,,,10,9.8,,,
1983-07-05,20.9,15.0,28.0,,,293,6.3,,,
1983-07-06,20.9,15.0,28.0,,,42,9.2,,,
1983-07-07,19.4,16.5,23.0,,,242,8.0,,,
1983-07-09,21.1,15.0,28.0,,,,10.3,,,
1983-07-10,22.1,16.0,29.0,,,23,8.9,,,
1983-07-11,21.8,14.0,29.0,,,,7.5,,,
1983-07-12,22.4,15.0,29.0,,,12,8.9,,,
1983-07-13,21.7,15.0,29.0,,,107,8.8,,,
1983-07-14,20.5,16.0,26.0,,,,6.8,,,
1983-07-15,20.1,12.0,28.0,,,11,7.2,,,
1983-07-16,20.5,11.0,29.0,,,,6.3,,,
1983-07-17,22.5,11.0,32.0,,,,3.6,,,
1983-07-18,24.2,16.0,32.0,,,,7.9,,,
1983-07-19,24.1,15.0,31.3,,,295,8.7,,,
1983-07-20,23.6,17.0,30.5,,,,9.6,,,
1983-07-22,22.0,13.0,32.0,,,9,6.7,,,
1983-07-23,24.9,17.0,32.0,,,,7.7,,,
1983-07-24,21.2,15.0,27.3,,,202,12.8,,,
1983-07-25,23.0,15.0,31.0,,,,9.1,,,
1983-07-26,25.2,17.0,36.0,,,,4.6,,,
1983-07-27,25.8,17.0,36.0,,,,6.1,,,
1983-07-28,25.9,19.0,34.0,,,320,6.5,,,
1983-07-29,24.1,18.4,29.0,,,339,8.6,,,
1983-07-31,25.3,16.0,36.0,,,,5.1,,,
1983-08-01,22.9,17.8,29.0,,,259,10.9,,,
1983-08-02,16.7,14.4,18.4,,,168,10.4,,,
1983-08-03,13.3,11.0,15.0,,,286,10.2,,,
1983-08-04,15.1,10.9,21.0,,,,6.4,,,
1983-08-05,15.1,12.0,19.0,,,,8.9,,,
1983-08-06,14.4,12.8,16.4,,,,,,,
1983-08-07,15.9,12.0,21.0,,,61,11.5,,,
1983-08-08,18.1,11.0,25.0,,,29,12.9,,,
1983-08-09,20.1,12.0,28.0,,,11,7.1,,,
1983-08-10,20.6,16.0,27.0,,,359,5.6,,,
1983-08-11,18.7,15.3,25.0,,,8,7.5,,,
1983-08-12,18.1,13.0,24.0,,,,5.3,,,
1983-08-13,18.3,15.0,22.0,,,307,13.0,,,
1983-08-14,16.1,8.0,23.0,,,18,9.8,,,
1983-08-15,18.5,9.0,28.0,,,,7.1,,,
1983-08-16,20.0,14.0,27.0,,,,8.7,,,
1983-08-17,18.5,14.0,24.0,,,,6.9,,,
1983-08-18,19.4,12.0,26.1,,,,10.6,,,
1983-08-19,21.1,14.0,29.0,,,,5.5,,,
1983-08-20,21.3,16.0,28.0,,,237,10.3,,,
1983-08-21,20.3,15.0,27.0,,,196,8.7,,,
1983-08-22,20.0,15.0,27.0,,,51,7.1,,,
1983-08-23,20.7,16.0,27.0,,,344,5.9,,,
1983-08-24,18.7,15.0,23.0,,,1,8.3,,,
1983-08-25,19.6,16.0,24.0,,,,8.6,,,
1983-08-26,19.5,16.0,23.0,,,20,9.5,,,
1983-08-27,19.8,13.0,27.0,,,,8.2,,,
1983-08-28,20.9,14.0,28.0,,,,8.2,,,
1983-08-29,18.6,16.8,21.0,,,,7.2,,,
1983-08-30,18.6,14.0,24.1,,,34,10.4,,,
1983-08-31,19.2,12.0,27.0,,,,5.4,,,
1983-09-01,18.8,14.0,24.0,,,242,9.3,,,
1983-09-02,17.8,14.9,22.3,,,,7.2,,,
1983-09-03,16.3,11.0,18.8,,,263,19.1,,,
1983-09-04,14.2,10.0,19.0,,,250,10.3,,,
1983-09-05,16.9,13.7,21.0,,,,9.8,,,
1983-09-06,17.7,15.7,22.0,,,,11.3,,,
1983-09-07,15.5,12.0,19.0,,,307,11.6,,,
1983-09-08,13.8,6.0,23.0,,,,4.8,,,
1983-09-09,17.3,11.0,24.0,,,167,8.1,,,
1983-09-10,16.7,10.7,24.0,,,261,11.7,,,
1983-09-11,12.2,9.7,16.0,,,200,15.3,,,
1983-09-12,10.4,9.1,13.0,,,234,13.4,,,
1983-09-13,11.5,7.0,16.0,,,235,11.3,,,
1983-09-14,15.3,10.0,23.0,,,162,8.7,,,
1983-09-15,17.7,11.0,26.0,,,171,11.1,,,
1983-09-16,12.5,10.0,16.0,,,233,12.2,,,
1983-09-17,9.5,6.0,12.0,,,,10.0,,,
1983-09-18,13.0,9.0,18.0,,,210,8.5,,,
1983-09-19,14.5,8.0,23.0,,,158,6.5,,,
1983-09-20,13.3,10.0,17.0,,,125,8.5,,,
1983-09-21,13.4,7.0,20.0,,,,6.4,,,
1983-09-22,17.3,11.9,21.0,,,280,12.4,,,
1983-09-23,14.0,8.0,22.0,,,4,6.1,,,
1983-09-24,15.6,9.0,25.1,,,,5.2,,,
1983-09-25,16.6,14.0,22.0,,,63,10.4,,,
1983-09-26,13.8,8.6,20.0,,,16,9.7,,,
1983-09-27,12.6,6.0,20.0,,,,5.3,,,
1983-09-28,13.0,6.0,22.0,,,,4.1,,,
1983-09-29,13.8,7.6,22.0,,,,3.8,,,
1983-09-30,15.3,10.0,22.0,,,,5.5,,,
1983-10-01,14.7,10.9,19.0,,,,7.6,,,
1983-10-02,14.6,10.0,20.0,,,,5.8,,,
1983-10-03,14.6,9.0,23.0,,,140,5.3,,,
1983-10-04,15.2,8.0,24.0,,,,6.4,,,
1983-10-05,16.3,10.0,23.0,,,,11.0,,,
1983-10-06,13.5,10.0,17.0,,,,7.8,,,
1983-10-07,11.4,5.0,18.0,,,,4.9,,,
1983-10-08,12.2,8.0,17.0,,,233,9.8,,,
1983-10-09,11.8,9.8,14.0,,,248,16.6,,,
1983-10-10,13.7,10.7,18.0,,,256,9.7,,,
1983-10-11,10.9,6.0,15.0,,,244,15.4,,,
1983-10-12,8.3,5.0,14.0,,,216,6.6,,,
1983-10-13,8.8,1.0,18.1,,,186,6.2,,,
1983-10-16,9.0,6.0,14.6,,,176,13.7,,,
1983-10-17,7.4,6.0,10.0,,,237,10.4,,,
1983-10-18,9.0,6.0,12.0,,,229,9.5,,,
1983-10-19,11.0,8.8,14.0,,,203,8.1,,,
1983-10-20,12.4,10.3,16.0,,,,5.4,,,
1983-10-21,8.5,5.0,10.0,,,20,13.5,,,
1983-10-22,5.7,2.0,11.0,,,33,14.3,,,
1983-10-23,3.8,-1.0,10.0,,,84,6.8,,,
1983-10-24,4.1,0.0,11.0,,,,4.5,,,
1983-10-25,4.3,2.0,8.0,,,,7.1,,,
1983-10-26,6.4,1.0,13.0,,,,4.4,,,
1983-10-27,6.9,0.2,15.0,,,,6.4,,,
1983-10-28,5.7,-0.7,15.0,,,,5.0,,,
1983-10-29,4.8,-0.7,9.0,,,,8.9,,,
1983-10-30,6.6,5.7,8.0,,,29,13.5,,,
1983-10-31,6.4,5.0,9.0,,,288,6.6,,,
1983-11-01,5.9,1.0,12.0,,,,4.2,,,
1983-11-02,4.8,0.0,12.0,,,,6.7,,,
1983-11-03,4.0,-0.2,10.0,,,,5.3,,,
1983-11-04,4.7,2.9,7.0,,,,2.0,,,
1983-11-05,7.5,5.0,13.0,,,,3.1,,,
1983-11-07,6.2,5.0,7.0,,,58,6.0,,,
1983-11-08,4.6,2.0,9.0,,,,4.5,,,
1983-11-09,2.8,1.0,5.0,,,,3.5,,,
1983-11-10,3.4,2.0,5.0,,,,3.9,,,
1983-11-11,3.8,3.0,5.0,,,350,7.6,,,
1983-11-12,3.6,3.0,5.0,,,38,13.0,,,
1983-11-13,2.0,0.0,3.0,,,12,5.8,,,
1983-11-14,-1.2,-3.0,0.0,,,45,18.1,,,
1983-11-15,-2.2,-7.0,1.0,,,309,6.9,,,
1983-11-16,0.2,-3.0,6.0,,,,3.6,,,
1983-11-17,-1.0,-7.0,4.0,,,,6.7,,,
1983-11-18,-0.6,-4.0,1.0,,,23,8.3,,,
1983-11-19,-1.7,-4.0,-1.0,,,8,9.5,,,
1983-11-20,-0.7,-4.0,3.0,,,,5.1,,,
1983-11-21,-0.9,-4.0,3.0,,,,5.5,,,
1983-11-23,-2.2,-5.0,-1.0,,,7,7.9,,,
1983-11-24,-0.6,-2.1,1.0,,,31,5.1,,,
1983-11-25,7.1,0.8,10.0,,,180,11.0,,,
1983-11-26,10.3,8.0,13.0,,,215,18.5,,,
1983-11-27,10.1,5.3,15.0,,,239,32.7,,,
1983-11-28,6.4,4.9,8.0,,,242,22.1,,,
1983-11-29,4.7,3.0,7.0,,,,12.7,,,
1983-12-01,-1.6,-4.2,0.0,,,50,14.6,,,
1983-12-02,-4.0,-6.4,-1.0,,,44,19.1,,,
1983-12-03,-5.7,-6.4,-5.0,,,49,14.4,,,
1983-12-04,-6.2,-8.3,-4.0,,,13,6.4,,,
1983-12-05,-5.1,-9.0,-3.0,,,,4.2,,,
1983-12-06,-1.9,-4.2,0.3,,,,6.3,,,
1983-12-07,-0.6,-3.0,2.0,,,,3.2,,,
1983-12-08,-2.7,-6.0,0.0,,,,4.1,,,
1983-12-09,-0.1,-5.0,4.0,,,142,6.9,,,
1983-12-10,2.6,0.0,4.0,,,193,9.9,,,
1983-12-11,-2.3,-6.0,2.0,,,,4.7,,,
1983-12-13,-0.9,-4.0,1.0,,,,4.5,,,
1983-12-14,-0.9,-2.2,0.0,,,75,5.5,,,
1983-12-15,-3.7,-5.0,-3.0,,,49,6.4,,,
1983-12-16,-3.5,-5.0,0.0,,,0,6.1,,,
1983-12-17,0.1,-3.0,4.0,,,75,6.2,,,
1983-12-18,0.5,-2.0,4.0,,,,4.4,,,
1983-12-20,0.8,-1.0,2.6,,,,6.4,,,
1983-12-21,1.9,0.0,4.0,,,141,6.3,,,
1983-12-22,3.2,1.9,6.0,,,198,6.6,,,
1983-12-23,5.9,1.0,10.0,,,189,13.9,,,
1983-12-24,10.9,6.0,14.0,,,232,17.9,,,
1983-12-25,6.8,2.0,14.0,,,139,8.6,,,
1983-12-26,8.0,3.0,12.0,,,249,21.5,,,
1983-12-27,4.3,1.0,7.0,,,214,8.1,,,
1983-12-28,4.7,1.0,12.0,,,,4.9,,,
1983-12-29,2.0,-2.0,9.0,,,,4.0,,,
1983-12-31,4.7,1.0,7.0,,,,6.8,,,
1984-01-01,1.9,-1.0,7.0,,,199,9.0,,,
1984-01-02,0.0,-3.0,5.0,,,169,8.7,,,
1984-01-03,2.6,-4.0,10.0,,,217,17.6,,,
1984-01-04,1.4,0.0,4.0,,,245,18.7,,,
1984-01-05,0.0,-3.0,2.0,,,256,10.3,,,
1984-01-06,-0.2,-2.0,1.0,,,166,9.7,,,
1984-01-07,2.3,0.0,5.0,,,192,12.3,,,
1984-01-08,1.9,-0.3,4.3,,,245,11.6,,,
1984-01-09,0.3,-1.0,2.0,,,245,10.2,,,
1984-01-10,-0.5,-2.0,2.0,,,,4.0,,,
1984-01-11,-2.7,-5.0,1.0,,,119,6.2,,,
1984-01-12,-0.5,-5.0,2.0,,,190,10.0,,,
1984-01-13,1.5,0.0,5.0,,,225,18.0,,,
1984-01-14,7.8,4.8,12.0,,,240,31.1,,,
1984-01-15,3.6,2.0,6.0,,,247,25.5,,,
1984-01-16,3.4,1.0,5.6,,,241,21.0,,,
1984-01-17,5.9,1.0,9.0,,,251,28.9,,,
1984-01-18,1.6,-1.0,4.0,,,244,15.9,,,
1984-01-19,-2.5,-5.0,-0.7,,,353,4.4,,,
1984-01-20,0.1,-3.0,1.2,,,,5.2,,,
1984-01-21,-2.1,-3.4,-0.8,,,2,8.3,,,
1984-01-22,0.0,-3.0,5.0,,,,10.1,,,
1984-01-23,1.9,0.0,3.8,,,215,16.9,,,
1984-01-24,1.2,0.0,3.0,,,245,25.9,,,
1984-01-25,-0.3,-4.0,1.4,,,234,14.6,,,
1984-01-26,-5.3,-12.0,-2.0,,,,4.1,,,
1984-01-27,-0.4,-4.0,5.0,,,214,5.3,,,
1984-01-28,0.8,-3.0,6.0,,,,5.0,,,
1984-01-29,1.2,-2.5,4.0,,,,5.9,,,
1984-01-30,1.6,-1.0,4.0,,,169,10.1,,,
1984-01-31,1.2,-3.0,5.0,,,180,10.7,,,
1984-02-01,2.4,0.9,4.2,,,212,11.9,,,
1984-02-02,3.7,1.7,6.0,,,205,8.7,,,
1984-02-03,3.5,1.0,6.3,,,224,13.2,,,
1984-02-04,4.4,1.0,7.0,,,205,10.0,,,
1984-02-05,7.4,5.0,10.0,,,240,15.9,,,
1984-02-06,3.3,1.0,5.5,,,233,23.4,,,
1984-02-07,5.0,2.0,7.0,,,249,34.4,,,
1984-02-08,2.5,1.0,5.0,,,255,24.4,,,
1984-02-09,1.4,0.0,3.0,,,302,18.6,,,
1984-02-10,0.7,-2.0,4.0,,,351,8.8,,,
1984-02-11,-0.3,-1.1,1.4,,,,6.1,,,
1984-02-12,-2.1,-5.0,1.0,,,53,27.6,,,
1984-02-14,-4.2,-8.0,-0.6,,,60,13.4,,,
1984-02-15,-4.7,-8.0,-1.8,,,53,12.8,,,
1984-02-16,-5.2,-7.0,-2.0,,,48,10.8,,,
1984-02-17,-5.9,-9.0,-2.5,,,28,9.6,,,
1984-02-18,-5.7,-9.0,-1.9,,,,8.2,,,
1984-02-19,-3.5,-6.0,2.0,,,,5.1,,,
1984-02-20,-3.7,-8.0,0.0,,,,4.9,,,
1984-02-21,-1.9,-8.0,2.0,,,,4.6,,,
1984-02-22,2.0,0.0,6.0,,,149,7.6,,,
1984-02-23,-0.2,-4.0,4.4,,,,6.8,,,
1984-02-24,0.3,-1.0,1.3,,,54,15.6,,,
1984-02-25,0.5,-1.0,1.3,,,47,16.8,,,
1984-02-27,-0.5,-1.0,0.5,,,,8.1,,,
1984-02-28,0.4,-1.0,4.0,,,,7.0,,,
1984-03-01,0.4,-0.1,1.0,,,,6.5,,,
1984-03-02,1.9,0.0,4.0,,,,15.7,,,
1984-03-03,-0.3,-2.0,1.2,,,235,14.0,,,
1984-03-04,0.3,-4.0,3.7,,,,11.7,,,
1984-03-05,-1.6,-8.0,4.0,,,,5.2,,,
1984-03-06,0.4,-5.0,4.3,,,3,9.1,,,
1984-03-07,1.1,-5.0,6.0,,,26,7.1,,,
1984-03-08,0.4,-3.0,3.0,,,,10.8,,,
1984-03-09,-1.7,-6.0,2.0,,,,14.2,,,
1984-03-10,-1.1,-2.5,1.0,,,42,14.7,,,
1984-03-11,-1.2,-5.0,2.0,,,29,8.7,,,
1984-03-12,-2.0,-7.0,4.0,,,,6.8,,,
1984-03-13,-0.4,-6.0,7.0,,,,4.0,,,
1984-03-14,0.2,-5.0,7.0,,,,8.6,,,
1984-03-15,2.4,-2.0,8.0,,,,6.2,,,
1984-03-17,3.1,-3.0,11.0,,,,5.3,,,
1984-03-18,3.4,-3.0,10.0,,,,5.5,,,
1984-03-19,2.8,-1.0,8.0,,,15,9.0,,,
1984-03-20,2.5,-3.1,10.0,,,338,5.7,,,
1984-03-21,4.1,-3.0,12.0,,,16,7.9,,,
1984-03-22,4.5,-1.0,11.3,,,12,7.4,,,
1984-03-23,4.5,-2.0,13.0,,,,4.7,,,
1984-03-24,4.4,-3.0,12.0,,,,7.3,,,
1984-03-25,4.7,2.8,12.0,,,277,5.8,,,
1984-03-26,5.0,0.0,11.0,,,252,12.9,,,
1984-03-27,8.1,4.7,13.0,,,241,15.4,,,
1984-03-28,10.1,7.0,16.0,,,246,8.8,,,
1984-03-29,6.3,4.7,9.0,,,,14.4,,,
1984-03-30,4.0,2.0,7.5,,,214,7.7,,,
1984-03-31,5.1,0.0,11.0,,,112,6.3,,,
1984-04-01,6.1,4.0,8.0,,,236,6.2,,,
1984-04-02,3.5,1.0,7.2,,,271,15.0,,,
1984-04-03,1.2,-1.0,4.1,,,,10.7,,,
1984-04-04,1.5,-2.0,5.2,,,11,4.8,,,
1984-04-05,1.7,-2.0,4.0,,,,6.6,,,
1984-04-06,3.5,0.7,7.0,,,191,8.5,,,
1984-04-07,5.9,2.0,10.0,,,313,7.0,,,
1984-04-08,5.6,4.6,7.0,,,338,9.6,,,
1984-04-09,5.6,2.4,9.0,,,12,9.2,,,
1984-04-10,5.2,-1.0,11.0,,,21,7.3,,,
1984-04-11,5.1,3.9,7.0,,,285,8.3,,,
1984-04-12,5.9,3.0,10.4,,,204,8.4,,,
1984-04-13,6.8,2.8,11.4,,,56,13.3,,,
1984-04-14,8.6,0.0,18.0,,,166,6.6,,,
1984-04-15,11.6,1.0,21.0,,,323,5.5,,,
1984-04-16,7.7,2.7,13.0,,,207,11.8,,,
1984-04-17,4.3,1.8,8.0,,,35,13.4,,,
1984-04-18,5.0,0.0,11.0,,,45,17.7,,,
1984-04-19,6.5,-1.0,13.5,,,23,12.4,,,
1984-04-20,9.3,-1.0,19.0,,,,5.4,,,
1984-04-21,12.8,4.0,21.0,,,,5.3,,,
1984-04-22,13.6,3.0,22.0,,,,4.8,,,
1984-04-23,15.2,6.0,24.0,,,,6.2,,,
1984-04-24,14.3,8.0,19.1,,,35,17.6,,,
1984-04-25,12.9,7.0,19.3,,,53,26.1,,,
1984-04-27,10.8,5.0,15.0,,,45,16.0,,,
1984-04-28,7.6,2.0,14.0,,,35,16.9,,,
1984-04-29,5.4,-0.1,11.0,,,55,24.6,,,
1984-04-30,7.1,3.2,13.0,,,25,11.5,,,
1984-05-01,8.0,-1.0,17.0,,,,5.2,,,
1984-05-02,10.8,4.0,21.0,,,,10.2,,,
1984-05-03,10.2,4.5,16.0,,,308,10.3,,,
1984-05-04,11.4,8.7,14.0,,,29,8.0,,,
1984-05-05,13.7,10.9,19.0,,,,6.7,,,
1984-05-06,14.0,8.0,22.0,,,,5.4,,,
1984-05-07,12.1,5.4,16.0,,,308,10.5,,,
1984-05-08,6.2,3.9,9.0,,,36,14.9,,,
1984-05-09,7.6,1.0,13.1,,,39,23.1,,,
1984-05-10,7.9,2.0,12.0,,,26,14.7,,,
1984-05-11,8.1,5.7,11.2,,,42,16.4,,,
1984-05-12,7.3,4.0,9.0,,,26,15.5,,,
1984-05-13,7.2,5.9,9.0,,,2,8.5,,,
1984-05-14,8.8,6.3,13.0,,,,6.3,,,
1984-05-15,9.6,1.8,18.0,,,,7.3,,,
1984-05-16,12.5,7.0,19.0,,,,9.6,,,
1984-05-17,12.5,7.9,18.0,,,218,10.9,,,
1984-05-18,13.5,6.0,20.0,,,,11.9,,,
1984-05-19,12.4,8.0,18.0,,,,12.1,,,
1984-05-21,9.7,7.8,12.0,,,250,15.8,,,
1984-05-22,12.3,6.2,18.0,,,242,10.5,,,
1984-05-23,11.1,8.0,14.0,,,262,12.8,,,
1984-05-24,12.0,9.0,16.0,,,252,12.8,,,
1984-05-25,10.4,8.8,13.0,,,226,11.4,,,
1984-05-26,13.2,9.0,19.0,,,289,9.2,,,
1984-05-27,9.3,7.0,11.0,,,206,9.5,,,
1984-05-28,8.3,5.7,12.0,,,266,11.1,,,
1984-05-29,8.3,4.0,13.0,,,265,8.7,,,
1984-05-30,8.1,5.9,10.0,,,,15.0,,,
1984-05-31,12.3,8.9,18.0,,,266,12.2,,,
1984-06-01,14.7,7.0,22.1,,,43,8.1,,,
1984-06-02,15.1,12.0,20.0,,,,8.7,,,
1984-06-04,11.1,6.9,16.0,,,285,13.5,,,
1984-06-05,11.7,9.2,15.0,,,299,10.1,,,
1984-06-06,11.1,7.9,16.0,,,230,12.3,,,
1984-06-07,12.0,7.0,17.0,,,,11.3,,,
1984-06-08,11.3,6.0,15.0,,,234,13.9,,,
1984-06-09,14.6,10.0,20.0,,,278,13.3,,,
1984-06-10,14.6,6.0,23.0,,,,6.2,,,
1984-06-11,15.8,9.0,22.0,,,329,8.7,,,
1984-06-12,16.4,10.0,23.0,,,,7.0,,,
1984-06-13,17.6,9.0,25.0,,,,8.1,,,
1984-06-14,18.0,11.0,23.0,,,220,10.1,,,
1984-06-15,18.1,13.7,22.0,,,337,13.1,,,
1984-06-17,16.2,9.0,23.0,,,40,13.1,,,
1984-06-18,18.0,9.0,26.0,,,,7.1,,,
1984-06-19,19.9,11.0,27.0,,,36,9.2,,,
1984-06-20,19.6,11.0,27.0,,,,7.0,,,
1984-06-21,17.2,14.0,20.0,,,,7.6,,,
1984-06-22,19.0,16.0,23.0,,,228,14.2,,,
1984-06-23,15.4,13.6,18.0,,,260,16.4,,,
1984-06-24,13.9,11.2,17.0,,,279,14.5,,,
1984-06-25,13.3,6.0,18.0,,,284,11.0,,,
1984-06-26,18.2,14.4,23.0,,,284,11.3,,,
1984-06-27,18.0,9.0,26.0,,,,6.9,,,
1984-06-28,16.4,14.4,21.8,,,195,14.6,,,
1984-06-29,14.3,11.5,17.0,,,264,11.6,,,
1984-06-30,15.2,9.0,20.0,,,,10.7,,,
1984-07-01,17.4,8.0,25.0,,,349,7.7,,,
1984-07-02,16.6,13.0,19.0,,,261,17.7,,,
1984-07-04,12.8,9.0,16.0,,,,7.7,,,
1984-07-05,13.9,10.0,18.0,,,332,6.2,,,
1984-07-06,15.1,6.0,23.0,,,,5.0,,,
1984-07-07,17.4,9.0,24.5,,,,10.9,,,
1984-07-08,20.0,10.0,29.0,,,285,6.6,,,
1984-07-09,23.0,14.4,31.0,,,,5.1,,,
1984-07-10,24.9,18.0,33.0,,,99,8.0,,,
1984-07-11,25.0,16.0,34.8,,,347,7.1,,,
1984-07-12,21.6,18.1,25.0,,,292,11.8,,,
1984-07-13,19.5,17.0,23.0,,,271,13.8,,,
1984-07-14,19.1,14.0,25.0,,,276,12.8,,,
1984-07-15,16.7,15.0,19.0,,,242,15.4,,,
1984-07-16,14.5,10.0,18.0,,,275,14.0,,,
1984-07-17,12.7,8.0,17.0,,,,7.2,,,
1984-07-18,14.3,6.0,22.0,,,329,4.9,,,
1984-07-19,16.7,10.0,24.0,,,331,8.2,,,
1984-07-20,18.8,12.0,25.0,,,342,9.1,,,
1984-07-21,19.1,10.0,27.0,,,334,8.3,,,
1984-07-22,19.9,12.0,27.2,,,325,8.4,,,
1984-07-23,21.3,13.0,28.0,,,346,8.7,,,
1984-07-24,19.4,12.0,27.0,,,,8.0,,,
1984-07-25,20.3,15.0,26.1,,,,9.7,,,
1984-07-26,15.8,13.0,18.0,,,,9.6,,,
1984-07-27,15.6,12.0,21.0,,,,7.1,,,
1984-07-28,14.5,12.7,18.0,,,159,10.2,,,
1984-07-29,20.6,13.9,29.0,,,,8.2,,,
1984-07-30,23.0,14.0,32.0,,,,5.1,,,
1984-07-31,24.4,16.0,32.0,,,,6.7,,,
1984-08-01,17.7,14.5,21.0,,,244,13.4,,,
1984-08-02,18.3,11.0,27.0,,,20,6.0,,,
1984-08-03,20.8,11.0,31.0,,,,7.2,,,
1984-08-04,19.7,16.5,25.0,,,284,8.0,,,
1984-08-05,16.6,15.0,19.0,,,259,8.4,,,
1984-08-06,16.7,13.0,21.0,,,60,7.5,,,
1984-08-07,16.9,11.0,22.0,,,,8.5,,,
1984-08-08,14.5,10.0,17.1,,,301,7.5,,,
1984-08-09,15.8,13.0,18.0,,,8,11.6,,,
1984-08-10,15.9,14.0,18.0,,,341,12.9,,,
1984-08-11,15.2,14.0,17.0,,,248,12.5,,,
1984-08-12,16.9,13.8,21.0,,,,7.2,,,
1984-08-13,17.3,15.0,21.0,,,41,11.5,,,
1984-08-14,16.5,12.0,23.0,,,,5.9,,,
1984-08-15,17.1,12.0,25.0,,,,7.3,,,
1984-08-16,17.2,11.0,23.0,,,,9.0,,,
1984-08-17,17.0,10.0,24.0,,,,8.1,,,
1984-08-18,17.5,10.0,25.0,,,,5.5,,,
1984-08-19,17.9,11.0,25.0,,,29,11.3,,,
1984-08-20,17.8,10.0,25.0,,,20,13.4,,,
1984-08-21,18.0,10.0,26.2,,,16,6.7,,,
1984-08-22,19.2,11.0,28.0,,,,6.0,,,
1984-08-23,19.6,12.0,28.0,,,,7.8,,,
1984-08-24,17.6,14.0,22.0,,,243,10.3,,,
1984-08-25,17.2,13.6,22.0,,,246,9.7,,,
1984-08-26,16.0,14.8,18.3,,,233,10.0,,,
1984-08-27,17.5,14.0,22.0,,,,9.5,,,
1984-08-28,16.9,10.0,23.6,,,,10.8,,,
1984-08-29,17.1,9.0,25.0,,,,4.9,,,
1984-08-30,18.0,12.0,25.0,,,,6.6,,,
1984-08-31,19.2,12.0,26.0,,,,7.4,,,
1984-09-01,19.6,13.4,27.0,,,,6.2,,,
1984-09-02,20.0,12.0,28.0,,,157,8.0,,,
1984-09-03,19.7,13.5,26.0,,,241,12.4,,,
1984-09-04,20.3,15.6,26.1,,,190,11.4,,,
1984-09-05,13.5,9.0,19.0,,,,11.6,,,
1984-09-06,8.4,6.8,11.0,,,,8.6,,,
1984-09-07,9.5,6.0,14.0,,,,10.7,,,
1984-09-08,10.6,7.0,14.0,,,239,8.9,,,
1984-09-09,13.7,11.0,16.0,,,241,21.7,,,
1984-09-10,12.8,8.3,16.0,,,243,29.1,,,
1984-09-11,12.5,10.0,17.0,,,262,12.8,,,
1984-09-12,14.2,10.8,19.0,,,240,9.3,,,
1984-09-13,16.5,11.0,23.0,,,,4.6,,,
1984-09-14,15.9,10.4,24.0,,,,8.6,,,
1984-09-15,13.2,11.8,15.0,,,156,9.3,,,
1984-09-16,10.8,10.0,11.2,,,143,8.4,,,
1984-09-17,13.5,11.0,17.0,,,204,7.9,,,
1984-09-18,12.4,11.0,14.0,,,324,6.8,,,
1984-09-19,14.3,12.0,19.0,,,,6.3,,,
1984-09-20,14.5,11.9,20.0,,,238,5.6,,,
1984-09-21,14.8,10.9,21.0,,,243,12.3,,,
1984-09-22,10.1,7.0,13.0,,,241,15.2,,,
1984-09-23,10.8,8.3,14.0,,,205,14.4,,,
1984-09-24,9.1,7.0,12.0,,,241,18.8,,,
1984-09-25,8.8,7.0,12.0,,,252,11.9,,,
1984-09-26,8.7,6.9,12.0,,,231,16.4,,,
1984-09-27,11.6,8.0,16.0,,,156,7.2,,,
1984-09-28,12.2,7.0,19.0,,,,4.4,,,
1984-09-29,12.5,7.0,21.0,,,,5.3,,,
1984-09-30,14.0,9.0,20.0,,,143,6.5,,,
1984-10-01,13.4,9.0,20.0,,,330,6.8,,,
1984-10-02,10.6,8.0,15.0,,,222,14.8,,,
1984-10-03,8.0,5.0,11.0,,,273,8.9,,,
1984-10-05,11.2,8.0,17.0,,,247,12.5,,,
1984-10-06,10.6,9.0,13.0,,,259,18.1,,,
1984-10-07,9.7,6.0,12.0,,,,5.8,,,
1984-10-08,9.1,5.0,14.0,,,203,7.5,,,
1984-10-09,13.5,9.9,18.0,,,,4.8,,,
1984-10-10,14.5,11.0,19.0,,,,5.5,,,
1984-10-11,12.3,8.0,17.0,,,,3.5,,,
1984-10-12,13.3,11.0,16.7,,,4,6.8,,,
1984-10-13,10.8,7.0,15.2,,,,8.6,,,
1984-10-14,8.9,5.0,16.0,,,,3.7,,,
1984-10-15,9.0,7.4,11.4,,,2,5.2,,,
1984-10-16,10.1,6.6,15.0,,,41,12.8,,,
1984-10-17,10.6,6.0,18.0,,,209,6.7,,,
1984-10-18,12.2,6.0,19.0,,,,13.0,,,
1984-10-19,13.9,8.4,21.0,,,148,8.3,,,
1984-10-20,11.2,8.6,15.0,,,247,12.7,,,
1984-10-21,10.5,8.0,13.0,,,277,7.5,,,
1984-10-22,8.9,4.0,14.0,,,,7.3,,,
1984-10-23,12.3,10.1,15.0,,,237,9.9,,,
1984-10-24,13.3,9.0,19.0,,,,6.7,,,
1984-10-25,12.1,7.0,19.0,,,150,11.1,,,
1984-10-26,10.5,9.0,13.0,,,198,9.4,,,
1984-10-27,9.0,7.0,12.0,,,35,7.8,,,
1984-10-28,7.8,3.0,11.0,,,3,7.4,,,
1984-10-29,4.3,1.0,9.0,,,,4.6,,,
1984-10-30,6.2,2.0,13.0,,,,5.1,,,
1984-10-31,4.7,1.9,11.0,,,,2.7,,,
1984-11-03,5.9,3.0,9.0,,,,6.3,,,
1984-11-04,7.6,2.0,11.0,,,,4.8,,,
1984-11-05,4.7,1.9,7.0,,,,5.8,,,
1984-11-06,6.7,4.0,11.0,,,,5.5,,,
1984-11-07,4.9,1.0,9.3,,,345,6.7,,,
1984-11-08,6.5,2.0,13.0,,,,5.3,,,
1984-11-09,4.9,1.0,9.5,,,,5.8,,,
1984-11-11,3.4,0.0,7.0,,,,4.2,,,
1984-11-12,5.4,4.8,6.1,,,,6.8,,,
1984-11-14,4.1,3.0,5.1,,,,4.0,,,
1984-11-16,6.0,4.8,7.0,,,41,11.0,,,
1984-11-17,6.0,3.0,9.0,,,215,9.6,,,
1984-11-18,4.8,-1.0,10.0,,,91,6.7,,,
1984-11-19,3.2,-1.0,7.0,,,,3.9,,,
1984-11-21,5.6,3.0,8.0,,,,13.7,,,
1984-11-22,7.2,4.0,11.0,,,185,15.5,,,
1984-11-23,13.8,10.3,16.5,,,239,30.8,,,
1984-11-24,12.8,9.0,18.0,,,257,28.0,,,
1984-11-25,8.4,5.0,13.0,,,171,7.3,,,
1984-11-26,7.0,4.0,8.0,,,350,6.8,,,
1984-11-27,3.5,0.0,7.0,,,,7.2,,,
1984-11-29,-1.3,-4.0,2.0,,,,4.2,,,
1984-12-02,3.5,-1.0,7.0,,,242,7.2,,,
1984-12-03,5.1,4.0,7.0,,,,6.0,,,
1984-12-04,4.3,1.0,7.0,,,304,5.5,,,
1984-12-05,2.3,1.0,3.1,,,,4.2,,,
1984-12-09,2.0,-1.0,4.0,,,217,7.7,,,
1984-12-11,4.9,1.0,11.0,,,,3.4,,,
1984-12-12,1.8,-0.7,4.1,,,,3.7,,,
1984-12-13,2.1,1.0,3.0,,,239,6.6,,,
1984-12-16,3.0,1.0,4.2,,,,4.2,,,
1984-12-17,4.4,0.0,8.0,,,,6.0,,,
1984-12-19,1.4,-0.3,4.0,,,219,10.2,,,
1984-12-21,3.3,-0.1,7.0,,,,11.9,,,
1984-12-22,0.2,-4.0,4.0,,,,6.6,,,
1984-12-23,-1.3,-4.0,1.0,,,357,4.7,,,
1984-12-24,0.5,-1.0,2.3,,,,3.3,,,
1984-12-25,1.3,0.0,3.0,,,,6.9,,,
1984-12-26,-0.5,-2.0,1.0,,,,3.6,,,
1984-12-29,-1.6,-2.0,-0.7,,,37,15.0,,,
1984-12-30,-1.9,-3.0,-0.8,,,44,11.2,,,
1984-12-31,-4.5,-8.0,-2.8,,,,9.4,,,
1985-01-01,-2.1,-5.0,0.2,,,227,13.9,,,
1985-01-02,-1.4,-4.0,0.0,,,266,15.0,,,
1985-01-03,-5.5,-7.0,-3.9,,,269,7.7,,,
1985-01-05,-14.4,-20.0,21.0,,,,3.1,,,
1985-01-06,-15.9,-20.0,-11.0,,,,2.5,,,
1985-01-07,-16.1,-21.0,-12.0,,,,4.7,,,
1985-01-09,-19.5,-25.0,-13.4,,,,3.5,,,
1985-01-10,-14.4,-19.0,-9.0,,,,3.0,,,
1985-01-12,-8.9,-11.0,-7.0,,,,6.4,,,
1985-01-13,-9.8,-14.0,-8.0,,,,8.6,,,
1985-01-14,-11.4,-12.0,-10.0,,,12,13.2,,,
1985-01-15,-11.3,-14.0,-8.0,,,,5.1,,,
1985-01-16,-11.1,-16.0,-7.9,,,,4.0,,,
1985-01-20,0.4,-1.0,2.0,,,,5.0,,,
1985-01-21,-1.0,-5.0,1.0,,,346,5.4,,,
1985-01-22,2.1,0.0,4.6,,,,6.9,,,
1985-01-26,2.1,-2.0,4.4,,,163,12.1,,,
1985-01-27,1.9,-0.1,3.2,,,260,10.7,,,
1985-01-28,-0.1,-4.0,3.0,,,,6.6,,,
1985-01-31,4.4,1.5,7.0,,,,12.6,,,
1985-02-01,7.8,7.0,9.2,,,255,18.3,,,
1985-02-02,8.0,6.0,10.0,,,249,18.0,,,
1985-02-03,6.9,4.0,10.0,,,,8.9,,,
1985-02-04,2.0,-1.0,7.0,,,27,10.3,,,
1985-02-05,1.9,-4.0,7.3,,,,5.6,,,
1985-02-06,5.9,3.0,9.0,,,186,7.1,,,
1985-02-07,5.4,3.0,10.0,,,99,8.0,,,
1985-02-09,7.0,5.0,9.0,,,192,13.0,,,
1985-02-10,-0.3,-6.1,7.0,,,11,14.9,,,
1985-02-11,-7.2,-9.6,-5.0,,,43,17.3,,,
1985-02-16,-7.4,-13.0,-1.5,,,22,9.7,,,
1985-02-17,-5.4,-7.3,-2.9,,,48,10.3,,,
1985-02-18,-7.4,-10.0,-4.7,,,44,14.0,,,
1985-02-19,-9.0,-14.0,-3.8,,,,11.8,,,
1985-02-25,2.4,-3.0,9.0,,,62,5.3,,,
1985-02-26,2.0,-4.0,9.0,,,,2.8,,,
1985-02-28,4.4,1.8,9.0,,,,3.2,,,
1985-03-01,4.8,-1.0,12.0,,,,8.3,,,
1985-03-02,3.1,1.5,6.0,,,189,8.5,,,
1985-03-03,2.4,-1.0,7.4,,,180,5.8,,,
1985-03-04,2.9,-1.0,10.0,,,,6.5,,,
1985-03-05,4.2,2.0,8.0,,,2,8.2,,,
1985-03-06,4.6,1.0,8.0,,,,4.8,,,
1985-03-07,4.8,3.0,7.0,,,30,9.9,,,
1985-03-08,3.8,3.0,4.1,,,52,18.3,,,
1985-03-09,3.7,-1.0,7.1,,,28,11.8,,,
1985-03-11,2.0,0.0,4.3,,,36,11.1,,,
1985-03-12,1.0,-1.1,3.0,,,39,17.6,,,
1985-03-13,1.6,0.0,3.0,,,,4.6,,,
1985-03-14,3.2,1.0,5.4,,,,8.6,,,
1985-03-15,1.8,-1.0,5.0,,,247,9.2,,,
1985-03-16,0.7,-2.2,5.0,,,210,13.0,,,
1985-03-17,0.0,-1.2,2.0,,,256,11.5,,,
1985-03-19,-1.5,-4.0,1.0,,,,6.9,,,
1985-03-22,4.8,1.0,10.0,,,29,8.1,,,
1985-03-23,5.4,2.0,11.0,,,224,13.0,,,
1985-03-24,5.0,-1.0,10.0,,,206,11.7,,,
1985-03-25,8.2,1.6,14.0,,,,9.1,,,
1985-03-26,10.0,4.0,15.0,,,254,18.7,,,
1985-03-27,7.0,3.0,9.0,,,258,19.2,,,
1985-03-28,2.5,0.0,5.0,,,285,11.1,,,
1985-03-29,3.7,-2.0,9.0,,,,11.7,,,
1985-03-30,8.5,1.0,16.0,,,173,12.0,,,
1985-03-31,10.4,6.0,14.0,,,217,20.9,,,
1985-04-01,11.3,4.0,20.0,,,,7.2,,,
1985-04-02,12.6,8.5,17.0,,,259,17.0,,,
1985-04-04,13.0,3.8,23.0,,,177,7.4,,,
1985-04-05,13.4,5.0,19.4,,,,8.5,,,
1985-04-06,9.2,7.0,13.0,,,245,12.5,,,
1985-04-07,11.0,5.4,18.0,,,211,12.9,,,
1985-04-08,8.6,6.6,12.0,,,200,12.9,,,
1985-04-09,7.2,4.6,11.0,,,219,9.5,,,
1985-04-10,6.6,4.5,9.1,,,214,10.6,,,
1985-04-11,7.9,3.8,12.1,,,216,14.9,,,
1985-04-12,4.7,2.0,7.5,,,243,21.8,,,
1985-04-14,6.1,3.9,10.0,,,245,23.6,,,
1985-04-15,5.8,3.1,10.0,,,250,15.4,,,
1985-04-16,5.9,2.0,10.0,,,165,9.0,,,
1985-04-17,8.2,6.0,12.0,,,,13.3,,,
1985-04-19,9.8,2.0,17.0,,,38,11.2,,,
1985-04-21,14.1,5.0,22.0,,,,7.7,,,
1985-04-22,13.4,7.0,21.0,,,,5.6,,,
1985-04-23,12.3,8.8,15.0,,,300,9.3,,,
1985-04-25,6.8,-1.0,16.0,,,317,6.5,,,
1985-04-26,4.5,3.0,6.0,,,,,,,
1985-04-27,7.0,0.0,12.0,,,,12.5,,,
1985-04-28,3.9,0.6,9.0,,,276,21.7,,,
1985-04-29,3.9,0.8,7.5,,,260,15.4,,,
1985-04-30,7.4,4.3,9.0,,,258,15.6,,,
1985-05-01,10.5,7.8,14.0,,,263,19.8,,,
1985-05-03,5.7,3.9,9.0,,,266,14.1,,,
1985-05-04,5.7,-1.0,12.0,,,,6.3,,,
1985-05-05,10.7,6.0,16.0,,,,7.4,,,
1985-05-07,11.9,7.0,16.0,,,261,9.1,,,
1985-05-08,8.8,7.4,11.0,,,214,19.3,,,
1985-05-09,8.6,7.8,10.0,,,233,16.9,,,
1985-05-11,13.1,7.0,20.0,,,,6.8,,,
1985-05-12,13.1,10.0,17.2,,,295,9.6,,,
1985-05-13,14.7,9.0,22.0,,,334,7.7,,,
1985-05-14,15.0,10.9,20.0,,,,15.4,,,
1985-05-15,14.2,11.0,19.0,,,351,8.1,,,
1985-05-16,15.6,10.0,22.0,,,10,10.4,,,
1985-05-17,16.2,10.7,22.0,,,,8.3,,,
1985-05-18,15.3,13.0,18.0,,,313,9.4,,,
1985-05-20,15.4,11.0,22.0,,,55,7.7,,,
1985-05-21,13.8,11.6,17.0,,,244,10.2,,,
1985-05-22,11.2,9.0,14.0,,,238,8.4,,,
1985-05-23,12.2,8.0,16.4,,,,10.5,,,
1985-05-25,17.1,8.0,25.0,,,,8.7,,,
1985-05-26,19.4,11.0,27.0,,,,4.2,,,
1985-05-27,18.0,11.0,27.0,,,,6.0,,,
1985-05-28,15.2,13.0,19.0,,,,6.7,,,
1985-05-29,13.8,12.4,15.0,,,,4.4,,,
1985-05-30,14.7,11.0,19.0,,,26,8.9,,,
1985-05-31,17.6,13.0,24.0,,,38,11.3,,,
1985-06-01,18.1,11.0,24.0,,,36,14.5,,,
1985-06-02,17.1,10.0,22.3,,,32,15.2,,,
1985-06-03,17.2,10.0,25.0,,,28,10.2,,,
1985-06-04,19.3,10.8,27.0,,,,6.8,,,
1985-06-05,21.3,16.0,29.0,,,278,7.2,,,
1985-06-06,18.9,15.0,26.3,,,162,8.9,,,
1985-06-07,16.2,12.6,19.0,,,230,11.4,,,
1985-06-08,11.1,7.1,13.1,,,270,15.7,,,
1985-06-09,10.5,5.0,15.0,,,251,14.3,,,
1985-06-10,12.0,9.6,14.9,,,250,21.9,,,
1985-06-12,12.7,5.9,19.0,,,208,12.3,,,
1985-06-13,14.9,12.0,18.8,,,269,16.6,,,
1985-06-14,14.9,6.0,23.0,,,317,6.8,,,
1985-06-15,12.3,10.3,14.0,,,183,9.4,,,
1985-06-16,13.1,7.0,19.0,,,11,9.0,,,
1985-06-17,13.6,9.0,18.0,,,,8.3,,,
1985-06-18,13.8,8.0,19.0,,,,5.6,,,
1985-06-20,12.6,11.0,15.0,,,252,19.2,,,
1985-06-21,15.4,8.0,22.0,,,,5.7,,,
1985-06-22,13.2,10.8,15.0,,,204,8.8,,,
1985-06-23,13.9,9.0,18.0,,,273,10.2,,,
1985-06-25,14.1,11.8,18.0,,,250,13.5,,,
1985-06-26,15.0,11.0,20.0,,,167,8.5,,,
1985-06-27,14.6,12.0,19.0,,,275,13.4,,,
1985-06-29,17.3,11.0,23.0,,,300,7.5,,,
1985-06-30,18.6,10.0,27.0,,,,4.8,,,
1985-07-01,19.6,16.0,24.0,,,269,12.9,,,
1985-07-02,19.0,14.0,24.0,,,,,,,
1985-07-03,19.3,11.0,26.0,,,21,11.1,,,
1985-07-04,19.8,13.0,26.1,,,343,9.0,,,
1985-07-05,17.2,15.9,20.0,,,232,8.2,,,
1985-07-06,17.8,16.0,21.0,,,237,6.8,,,
1985-07-07,19.1,15.8,24.0,,,,7.6,,,
1985-07-08,18.2,12.0,23.3,,,321,8.9,,,
1985-07-09,17.7,11.0,24.0,,,334,6.2,,,
1985-07-10,18.5,13.0,24.0,,,335,9.2,,,
1985-07-11,18.5,13.0,25.0,,,345,7.6,,,
1985-07-12,19.4,12.0,26.0,,,,5.1,,,
1985-07-13,21.2,14.0,29.0,,,339,5.6,,,
1985-07-14,23.0,14.0,31.1,,,320,6.9,,,
1985-07-15,21.6,17.9,25.6,,,245,8.9,,,
1985-07-16,19.0,16.0,24.0,,,186,7.8,,,
1985-07-17,20.1,15.0,27.0,,,5,6.1,,,
1985-07-19,21.6,17.0,25.3,,,275,13.5,,,
1985-07-20,18.0,15.0,20.0,,,307,9.6,,,
1985-07-21,17.2,14.0,20.4,,,290,13.2,,,
1985-07-22,18.6,11.0,26.0,,,,7.7,,,
1985-07-23,21.1,14.0,28.0,,,278,11.0,,,
1985-07-24,21.5,14.0,29.0,,,349,5.7,,,
1985-07-25,22.7,14.0,31.1,,,,4.3,,,
1985-07-26,24.7,15.0,34.0,,,275,6.8,,,
1985-07-27,21.8,18.8,27.0,,,299,10.6,,,
1985-07-28,21.1,13.0,30.0,,,354,7.9,,,
1985-07-29,17.5,14.8,22.6,,,,9.8,,,
1985-07-30,16.6,13.5,22.0,,,248,8.8,,,
1985-07-31,15.3,13.9,19.0,,,,10.3,,,
1985-08-01,17.2,11.0,23.0,,,,8.9,,,
1985-08-02,18.3,14.0,24.0,,,279,8.6,,,
1985-08-03,17.9,11.0,25.0,,,,9.6,,,
1985-08-04,17.0,13.0,22.0,,,269,10.8,,,
1985-08-05,19.6,12.0,31.0,,,218,16.3,,,
1985-08-06,13.1,10.8,17.0,,,246,10.2,,,
1985-08-07,12.6,9.8,17.0,,,256,11.9,,,
1985-08-08,15.8,9.5,23.0,,,200,8.7,,,
1985-08-09,18.8,10.0,28.0,,,81,4.6,,,
1985-08-11,17.7,10.0,27.0,,,304,4.8,,,
1985-08-12,22.4,16.0,30.0,,,,6.9,,,
1985-08-13,21.6,14.0,30.0,,,67,5.5,,,
1985-08-14,23.8,15.0,34.0,,,,5.0,,,
1985-08-15,23.8,17.0,31.0,,,26,10.0,,,
1985-08-17,17.1,15.0,20.0,,,262,8.6,,,
1985-08-18,16.3,10.0,23.0,,,310,6.8,,,
1985-08-19,18.3,11.0,27.0,,,271,8.2,,,
1985-08-20,19.5,16.4,24.0,,,281,12.8,,,
1985-08-21,19.2,11.0,29.0,,,,3.1,,,
1985-08-22,20.5,12.0,29.0,,,,7.5,,,
1985-08-23,20.9,16.8,26.0,,,27,5.8,,,
1985-08-24,21.6,14.9,30.0,,,,8.2,,,
1985-08-25,13.9,11.4,18.0,,,90,7.5,,,
1985-08-26,11.1,9.4,12.0,,,204,9.8,,,
1985-08-27,13.5,10.0,18.4,,,98,5.1,,,
1985-08-28,13.5,7.0,20.8,,,25,11.9,,,
1985-08-29,14.3,7.0,21.0,,,21,11.9,,,
1985-09-01,18.6,15.4,23.0,,,252,8.9,,,
1985-09-02,17.6,12.3,23.0,,,,5.5,,,
1985-09-03,15.2,13.0,19.0,,,,10.3,,,
1985-09-04,15.1,12.3,18.2,,,267,14.8,,,
1985-09-05,16.5,11.5,22.0,,,222,11.8,,,
1985-09-06,15.0,11.0,18.0,,,271,11.7,,,
1985-09-07,10.8,4.0,18.0,,,,4.2,,,
1985-09-08,11.7,4.0,19.0,,,284,6.0,,,
1985-09-09,14.9,11.5,18.1,,,353,7.1,,,
1985-09-10,12.0,6.0,18.0,,,31,10.5,,,
1985-09-11,13.7,6.0,23.0,,,,4.5,,,
1985-09-12,15.4,8.0,24.0,,,,6.6,,,
1985-09-13,15.8,8.0,25.0,,,,6.9,,,
1985-09-14,15.7,12.5,20.0,,,,7.1,,,
1985-09-15,12.9,10.5,15.0,,,,6.8,,,
1985-09-16,12.2,9.7,16.0,,,,4.9,,,
1985-09-17,14.3,8.0,22.0,,,183,8.1,,,
1985-09-18,16.3,9.0,24.3,,,,6.0,,,
1985-09-20,18.1,12.0,25.3,,,,5.7,,,
1985-09-21,18.4,12.0,26.3,,,,5.5,,,
1985-09-23,18.7,11.7,27.0,,,,4.5,,,
1985-09-24,17.9,11.0,27.0,,,,4.3,,,
1985-09-25,16.9,11.0,26.0,,,,5.1,,,
1985-09-26,15.7,10.0,22.3,,,,6.7,,,
1985-09-27,15.2,10.0,23.0,,,,4.7,,,
1985-09-30,13.9,7.0,23.0,,,,2.1,,,
1985-10-01,14.5,8.6,23.0,,,,4.9,,,
1985-10-02,18.0,13.0,25.0,,,139,6.6,,,
1985-10-03,16.6,9.6,26.0,,,,4.3,,,
1985-10-04,17.0,10.0,25.5,,,,5.2,,,
1985-10-05,17.3,13.0,23.0,,,330,6.6,,,
1985-10-06,16.0,13.0,19.3,,,0,6.4,,,
1985-10-07,15.8,11.0,23.0,,,144,5.3,,,
1985-10-08,12.9,10.0,16.0,,,256,10.8,,,
1985-10-09,10.4,7.0,15.1,,,316,5.9,,,
1985-10-10,12.1,7.0,18.0,,,,8.8,,,
1985-10-11,10.6,4.0,20.0,,,,2.4,,,
1985-10-12,11.4,5.0,20.0,,,,2.8,,,
1985-10-13,10.7,6.0,15.0,,,,9.9,,,
1985-10-14,8.9,3.0,15.0,,,,4.5,,,
1985-10-15,9.9,4.0,15.0,,,,5.6,,,
1985-10-17,7.5,3.0,13.0,,,18,5.6,,,
1985-10-18,7.6,3.0,15.0,,,,3.0,,,
1985-10-19,9.6,7.0,12.0,,,28,11.6,,,
1985-10-20,7.3,3.0,11.0,,,25,8.7,,,
1985-10-21,4.6,0.0,7.0,,,,6.0,,,
1985-10-22,6.2,4.8,8.0,,,355,8.1,,,
1985-10-23,7.5,5.0,13.0,,,51,14.9,,,
1985-10-24,5.0,0.0,10.0,,,45,10.0,,,
1985-10-25,3.2,-2.0,11.0,,,,3.2,,,
1985-10-27,3.1,1.5,5.0,,,,4.0,,,
1985-10-28,3.9,2.0,8.0,,,,4.8,,,
1985-10-29,2.0,1.3,3.6,,,18,12.9,,,
1985-10-30,2.6,1.0,6.0,,,,3.8,,,
1985-10-31,6.0,2.0,14.0,,,,2.7,,,
1985-11-02,5.9,3.0,9.0,,,231,12.5,,,
1985-11-03,5.5,0.0,11.0,,,,4.9,,,
1985-11-04,1.4,-3.0,8.0,,,,3.9,,,
1985-11-05,9.9,3.7,16.0,,,200,15.0,,,
1985-11-06,5.4,1.0,10.0,,,251,16.7,,,
1985-11-09,11.7,8.0,18.0,,,167,11.9,,,
1985-11-11,2.1,-2.0,6.0,,,270,8.5,,,
1985-11-12,0.0,-4.0,5.0,,,61,5.7,,,
1985-11-16,-0.4,-1.0,0.0,,,355,5.7,,,
1985-11-17,-2.7,-4.0,-1.0,,,61,14.3,,,
1985-11-18,-3.4,-4.4,-2.0,,,61,21.1,,,
1985-11-19,-3.4,-4.1,-2.9,,,55,14.1,,,
1985-11-20,-2.2,-3.0,-1.0,,,,8.5,,,
1985-11-21,-2.0,-3.0,2.0,,,274,6.9,,,
1985-11-23,-2.9,-4.0,0.0,,,,4.6,,,
1985-11-24,-2.2,-4.0,-1.0,,,348,6.0,,,
1985-11-25,-1.3,-2.0,0.0,,,31,8.8,,,
1985-11-26,-1.5,-2.0,-1.0,,,359,5.7,,,
1985-11-27,-3.7,-7.0,1.0,,,,6.3,,,
1985-11-28,-0.9,-7.0,1.9,,,226,17.3,,,
1985-11-29,-0.6,-3.1,2.4,,,,5.8,,,
1985-11-30,3.2,1.0,6.0,,,,5.3,,,
1985-12-01,2.1,0.0,3.1,,,,4.1,,,
1985-12-02,3.1,-0.6,11.0,,,,5.9,,,
1985-12-03,4.1,-2.0,14.0,,,162,6.3,,,
1985-12-04,5.5,1.0,13.0,,,,6.7,,,
1985-12-05,3.0,-4.0,11.0,,,,6.0,,,
1985-12-06,7.9,3.0,10.2,,,244,13.0,,,
1985-12-07,6.1,2.0,10.0,,,183,9.7,,,
1985-12-08,5.1,1.0,10.0,,,,5.7,,,
1985-12-09,4.2,0.0,9.0,,,212,7.5,,,
1985-12-10,3.7,0.0,6.0,,,229,7.2,,,
1985-12-12,1.1,-2.0,3.0,,,6,7.2,,,
1985-12-13,-0.6,-2.0,2.0,,,,6.1,,,
1985-12-14,2.0,-1.2,5.0,,,,4.5,,,
1985-12-15,4.5,-1.0,8.0,,,,5.4,,,
1985-12-16,6.2,3.0,11.0,,,179,5.6,,,
1985-12-17,4.2,3.0,6.0,,,275,8.4,,,
1985-12-18,3.7,2.0,6.0,,,238,8.3,,,
1985-12-19,3.6,0.0,5.0,,,,9.7,,,
1985-12-20,3.2,0.0,5.0,,,231,9.4,,,
1985-12-21,1.9,-3.0,9.0,,,,6.7,,,
1985-12-22,-2.5,-7.0,3.0,,,,2.8,,,
1985-12-23,-0.5,-5.0,5.0,,,,5.5,,,
1985-12-24,-0.8,-4.0,1.0,,,,3.8,,,
1985-12-25,4.0,0.0,7.0,,,153,9.7,,,
1985-12-26,4.7,1.0,8.0,,,203,15.8,,,
1985-12-27,5.5,3.5,8.0,,,231,16.7,,,
1985-12-28,3.4,2.0,5.0,,,323,5.8,,,
1985-12-29,0.5,-4.0,6.0,,,267,14.5,,,
1985-12-30,-4.5,-8.0,-2.0,,,347,7.5,,,
1985-12-31,-3.7,-4.1,-3.0,,,37,11.4,,,
1986-01-01,-2.9,-5.0,1.0,,,,7.0,,,
1986-01-02,1.7,-4.0,5.0,,,185,10.9,,,
1986-01-03,3.0,0.0,8.0,,,,7.1,,,
1986-01-04,0.1,-4.0,3.0,,,253,10.0,,,
1986-01-05,-1.1,-5.0,2.0,,,157,8.7,,,
1986-01-06,1.1,0.0,2.4,,,217,10.5,,,
1986-01-07,-0.7,-4.0,3.0,,,,6.2,,,
1986-01-08,-1.8,-4.0,0.0,,,,3.3,,,
1986-01-09,0.6,-1.0,2.0,,,,2.7,,,
1986-01-10,2.0,1.0,3.0,,,,6.0,,,
1986-01-11,5.3,3.0,7.0,,,240,18.7,,,
1986-01-12,2.1,0.5,3.4,,,239,14.5,,,
1986-01-13,2.5,0.5,6.0,,,241,24.2,,,
1986-01-14,6.9,4.8,9.0,,,247,38.4,,,
1986-01-15,3.5,1.8,5.0,,,251,29.6,,,
1986-01-16,1.6,-0.2,3.0,,,254,13.6,,,
1986-01-17,0.1,-1.0,1.0,,,,10.1,,,
1986-01-18,0.1,-3.3,3.4,,,201,15.0,,,
1986-01-19,7.8,3.0,12.0,,,236,23.7,,,
1986-01-20,3.2,0.0,6.3,,,228,18.1,,,
1986-01-21,0.1,-4.0,5.0,,,164,7.1,,,
1986-01-22,3.8,1.7,6.0,,,213,17.7,,,
1986-01-23,5.4,4.0,9.0,,,231,24.4,,,
1986-01-24,2.0,-1.3,7.0,,,257,25.3,,,
1986-01-25,-1.2,-2.0,0.0,,,245,18.0,,,
1986-01-26,-2.9,-7.0,-1.0,,,,5.7,,,
1986-01-27,-6.4,-10.0,-3.0,,,,5.9,,,
1986-01-28,-3.1,-8.0,0.6,,,,9.2,,,
1986-01-29,-2.9,-5.0,0.2,,,,5.1,,,
1986-01-30,-1.9,-7.0,3.0,,,,8.1,,,
1986-01-31,1.4,-2.0,5.0,,,327,8.4,,,
1986-02-01,-1.4,-4.0,1.0,,,,5.2,,,
1986-02-02,-1.0,-4.0,1.0,,,,7.1,,,
1986-02-03,-0.1,-1.0,1.0,,,61,9.4,,,
1986-02-04,-0.4,-1.0,1.0,,,63,9.9,,,
1986-02-05,-1.6,-2.5,-1.0,,,,5.8,,,
1986-02-06,-1.5,-3.0,0.0,,,,3.1,,,
1986-02-07,-2.6,-5.0,-1.0,,,23,11.0,,,
1986-02-08,-7.0,-11.0,-5.0,,,28,12.6,,,
1986-02-09,-10.8,-13.0,-8.0,,,,7.0,,,
1986-02-10,-12.9,-17.0,-9.0,,,,5.0,,,
1986-02-11,-10.5,-16.0,-6.0,,,,2.6,,,
1986-02-12,-6.2,-9.0,-4.0,,,,9.0,,,
1986-02-13,-8.0,-13.0,-3.0,,,,6.9,,,
1986-02-14,-6.4,-11.0,-3.4,,,,6.8,,,
1986-02-15,-5.0,-9.0,-1.0,,,,4.5,,,
1986-02-16,-0.7,-3.0,5.0,,,,4.0,,,
1986-02-17,-2.2,-4.3,1.0,,,21,11.1,,,
1986-02-18,-1.2,-3.0,2.0,,,,6.1,,,
1986-02-19,-3.5,-5.0,-1.6,,,337,9.9,,,
1986-02-20,-5.7,-9.0,-3.0,,,,4.5,,,
1986-02-21,-5.6,-12.0,-2.9,,,,6.0,,,
1986-02-22,-7.6,-16.0,-1.0,,,,3.0,,,
1986-02-23,-4.7,-6.0,-3.0,,,337,5.7,,,
1986-02-24,-5.0,-6.0,-3.8,,,14,8.8,,,
1986-02-25,-7.4,-9.2,-5.0,,,35,18.7,,,
1986-02-26,-8.6,-11.1,-5.8,,,32,19.7,,,
1986-02-28,-6.0,-8.2,-3.7,,,10,9.3,,,
1986-03-01,-4.4,-9.0,-1.6,,,,7.5,,,
1986-03-02,-2.6,-7.0,3.0,,,,4.2,,,
1986-03-03,-1.3,-3.0,1.0,,,,5.1,,,
1986-03-05,4.2,0.7,10.0,,,,5.7,,,
1986-03-06,4.6,-1.0,11.0,,,,6.0,,,
1986-03-07,3.2,-2.0,6.0,,,,5.5,,,
1986-03-08,0.5,-4.0,3.0,,,4,8.3,,,
1986-03-09,2.1,-1.0,6.0,,,,4.0,,,
1986-03-10,-0.1,-4.0,3.0,,,348,5.4,,,
1986-03-11,-0.3,-7.0,6.0,,,,2.4,,,
1986-03-12,1.5,0.0,2.3,,,22,7.1,,,
1986-03-13,2.8,-1.0,8.0,,,,3.6,,,
1986-03-14,1.6,-4.0,9.0,,,,4.1,,,
1986-03-16,3.1,-2.0,13.0,,,,2.9,,,
1986-03-17,4.7,-2.2,14.0,,,,3.5,,,
1986-03-18,5.3,-1.0,13.0,,,,2.6,,,
1986-03-19,4.9,0.0,10.0,,,,3.7,,,
1986-03-21,3.9,1.0,6.4,,,249,14.0,,,
1986-03-22,3.1,-1.0,8.3,,,141,6.3,,,
1986-03-23,5.9,3.0,9.0,,,219,19.3,,,
1986-03-24,8.2,5.0,13.0,,,222,18.4,,,
1986-03-26,3.9,0.0,7.0,,,239,15.4,,,
1986-03-27,7.0,1.0,14.0,,,207,12.9,,,
1986-03-28,7.1,3.0,16.1,,,195,14.4,,,
1986-03-29,7.5,4.0,12.0,,,,20.7,,,
1986-03-30,5.0,2.0,8.0,,,239,23.8,,,
1986-04-01,7.8,4.0,12.0,,,253,14.7,,,
1986-04-02,9.6,5.0,16.0,,,,6.2,,,
1986-04-03,7.4,4.2,10.0,,,309,7.4,,,
1986-04-04,4.0,2.6,6.0,,,235,8.5,,,
1986-04-06,3.0,0.5,6.0,,,15,9.5,,,
1986-04-07,9.7,4.0,19.0,,,349,7.8,,,
1986-04-08,11.3,5.0,17.0,,,44,10.9,,,
1986-04-09,10.1,6.4,13.4,,,296,12.9,,,
1986-04-10,3.6,1.6,7.0,,,264,12.0,,,
1986-04-11,-0.4,-2.0,2.0,,,31,16.0,,,
1986-04-12,-1.9,-3.4,0.0,,,,11.1,,,
1986-04-13,-0.9,-6.0,4.0,,,,6.2,,,
1986-04-14,4.9,-1.0,10.0,,,,10.8,,,
1986-04-15,7.9,1.3,14.8,,,147,8.0,,,
1986-04-16,8.2,2.0,15.0,,,,8.5,,,
1986-04-17,6.3,5.0,8.0,,,175,6.9,,,
1986-04-18,5.1,2.7,6.9,,,244,9.8,,,
1986-04-19,4.4,2.0,9.0,,,244,13.9,,,
1986-04-20,4.4,2.7,6.0,,,226,13.3,,,
1986-04-21,10.9,5.0,17.0,,,195,12.3,,,
1986-04-22,6.6,4.0,11.0,,,307,10.8,,,
1986-04-23,8.2,4.4,13.0,,,,7.5,,,
1986-04-24,7.2,3.0,9.0,,,217,4.3,,,
1986-04-25,11.0,7.0,16.0,,,,5.2,,,
1986-04-27,8.5,5.0,12.0,,,,7.6,,,
1986-04-28,7.6,5.9,9.3,,,,4.1,,,
1986-04-29,9.4,8.5,10.0,,,,5.0,,,
1986-04-30,11.0,9.7,13.0,,,,3.6,,,
1986-05-01,13.2,10.0,18.0,,,,8.0,,,
1986-05-02,14.3,6.0,24.0,,,,3.4,,,
1986-05-03,16.2,8.0,24.0,,,169,7.0,,,
1986-05-04,13.8,10.0,19.0,,,,7.3,,,
1986-05-05,14.3,10.0,19.0,,,54,4.6,,,
1986-05-06,14.9,7.6,23.0,,,,6.0,,,
1986-05-07,14.6,10.0,21.0,,,,7.5,,,
1986-05-08,10.8,7.1,16.0,,,,10.9,,,
1986-05-09,11.7,7.0,16.0,,,163,6.4,,,
1986-05-10,14.0,7.0,21.0,,,211,6.3,,,
1986-05-11,14.3,9.0,17.5,,,,7.6,,,
1986-05-12,17.2,11.9,24.0,,,,2.8,,,
1986-05-13,17.9,11.0,24.0,,,,5.8,,,
1986-05-14,14.8,12.7,18.0,,,,5.1,,,
1986-05-15,13.1,10.6,16.0,,,,5.9,,,
1986-05-16,12.8,10.0,17.0,,,63,5.6,,,
1986-05-17,16.4,11.8,22.0,,,,3.7,,,
1986-05-18,18.2,13.0,27.0,,,,4.4,,,
1986-05-19,18.0,14.8,22.0,,,353,5.6,,,
1986-05-20,19.6,14.0,27.0,,,,4.5,,,
1986-05-21,17.3,13.2,20.0,,,,4.6,,,
1986-05-22,16.3,12.4,22.0,,,204,5.1,,,
1986-05-23,17.4,10.0,25.0,,,,6.6,,,
1986-05-24,16.0,13.0,18.0,,,,9.4,,,
1986-05-25,14.9,7.0,22.0,,,28,8.0,,,
1986-05-26,18.7,9.0,28.0,,,,4.8,,,
1986-05-27,18.6,15.2,25.0,,,200,7.2,,,
1986-05-28,14.4,11.8,16.0,,,230,6.9,,,
1986-05-29,8.9,6.0,12.0,,,238,5.4,,,
1986-05-30,7.0,5.0,10.2,,,132,9.1,,,
1986-05-31,8.3,5.0,14.5,,,,4.4,,,
1986-06-01,10.3,3.0,16.1,,,,3.7,,,
1986-06-02,10.5,8.9,12.5,,,,8.9,,,
1986-06-03,13.5,8.0,19.0,,,216,7.6,,,
1986-06-04,10.2,6.0,15.0,,,250,13.7,,,
1986-06-05,8.7,5.4,12.0,,,248,8.8,,,
1986-06-06,8.7,6.0,11.9,,,,11.0,,,
1986-06-07,7.8,5.0,10.0,,,,15.2,,,
1986-06-08,13.4,9.0,18.0,,,247,7.4,,,
1986-06-09,15.1,7.0,22.8,,,45,5.5,,,
1986-06-10,18.0,9.0,26.2,,,,4.0,,,
1986-06-11,13.9,9.8,16.8,,,,5.7,,,
1986-06-12,9.7,7.8,11.0,,,37,7.3,,,
1986-06-13,10.6,9.0,13.0,,,46,11.4,,,
1986-06-14,14.4,11.0,17.0,,,50,12.3,,,
1986-06-15,19.6,12.0,26.5,,,,6.4,,,
1986-06-16,19.5,14.0,27.9,,,225,7.3,,,
1986-06-17,19.5,13.0,27.0,,,,6.6,,,
1986-06-18,19.8,15.0,25.0,,,60,7.3,,,
1986-06-19,20.5,14.0,28.9,,,19,7.8,,,
1986-06-20,20.9,15.0,28.0,,,194,5.2,,,
1986-06-21,21.4,14.0,28.0,,,345,3.6,,,
1986-06-23,23.6,18.3,30.4,,,,7.2,,,
1986-06-24,19.7,16.5,24.0,,,,5.0,,,
1986-06-25,19.8,13.0,26.1,,,19,9.4,,,
1986-06-26,20.8,13.0,27.0,,,13,10.2,,,
1986-06-28,21.8,13.0,30.0,,,,5.8,,,
1986-06-29,22.1,14.0,29.0,,,,7.9,,,
1986-06-30,20.7,14.0,26.0,,,29,12.2,,,
1986-07-01,19.9,12.0,26.0,,,,8.2,,,
1986-07-02,20.9,12.0,29.0,,,,3.9,,,
1986-07-03,18.9,13.0,26.2,,,,6.5,,,
1986-07-04,21.4,15.0,27.0,,,257,6.8,,,
1986-07-05,21.7,14.0,28.5,,,,6.8,,,
1986-07-06,18.6,15.0,23.0,,,209,12.7,,,
1986-07-07,16.7,14.3,20.2,,,273,13.3,,,
1986-07-08,14.5,12.6,17.0,,,,6.9,,,
1986-07-10,15.1,11.0,19.1,,,221,10.8,,,
1986-07-11,15.4,10.8,19.0,,,300,5.7,,,
1986-07-13,14.5,9.0,20.0,,,358,6.9,,,
1986-07-15,15.9,7.0,23.0,,,,11.3,,,
1986-07-16,18.6,10.0,25.3,,,19,10.8,,,
1986-07-19,14.0,12.0,17.0,,,53,7.1,,,
1986-07-20,15.0,11.6,20.0,,,33,8.7,,,
1986-07-21,16.3,9.0,24.0,,,,4.6,,,
1986-07-22,18.9,10.0,27.0,,,,3.7,,,
1986-07-24,13.7,9.5,18.0,,,255,13.9,,,
1986-07-25,15.6,7.0,25.2,,,,5.9,,,
1986-07-26,19.8,13.7,28.8,,,,4.6,,,
1986-07-27,21.4,13.0,32.4,,,,4.5,,,
1986-07-28,22.3,14.0,33.9,,,,3.7,,,
1986-07-29,23.5,16.4,30.9,,,,5.9,,,
1986-07-30,23.1,18.0,28.5,,,,3.6,,,
1986-07-31,23.6,18.0,30.1,,,,5.9,,,
1986-08-02,22.0,14.0,30.0,,,,3.7,,,
1986-08-03,24.4,17.0,33.0,,,,4.5,,,
1986-08-04,21.9,16.8,26.1,,,,5.6,,,
1986-08-05,17.4,15.3,20.0,,,212,6.1,,,
1986-08-06,18.3,12.0,26.0,,,,4.2,,,
1986-08-07,20.5,14.0,26.1,,,,6.5,,,
1986-08-08,19.4,15.0,24.0,,,,5.3,,,
1986-08-09,20.0,13.0,26.0,,,,3.8,,,
1986-08-11,20.4,15.0,27.0,,,,5.2,,,
1986-08-12,16.6,14.8,18.0,,,209,13.2,,,
1986-08-13,17.2,12.0,24.0,,,,4.0,,,
1986-08-14,18.4,13.0,25.0,,,,2.9,,,
1986-08-15,19.0,12.0,29.0,,,,5.2,,,
1986-08-16,20.2,14.7,27.0,,,,5.3,,,
1986-08-17,21.0,15.0,28.0,,,,6.6,,,
1986-08-18,18.7,15.0,24.0,,,,8.7,,,
1986-08-19,15.4,13.0,18.0,,,196,8.0,,,
1986-08-20,15.5,10.0,20.0,,,,6.6,,,
1986-08-21,16.5,10.0,22.0,,,,4.9,,,
1986-08-22,20.1,13.0,27.7,,,,8.1,,,
1986-08-23,15.4,13.0,18.0,,,234,7.0,,,
1986-08-24,13.0,11.7,15.4,,,188,11.2,,,
1986-08-25,13.7,8.0,20.0,,,,4.5,,,
1986-08-26,16.6,10.9,23.0,,,,5.7,,,
1986-08-27,14.1,12.3,16.0,,,274,9.7,,,
1986-08-28,11.3,9.5,12.7,,,,4.8,,,
1986-08-29,11.0,8.0,14.0,,,225,7.8,,,
1986-08-30,11.7,8.0,16.0,,,,5.9,,,
1986-08-31,12.8,9.0,18.0,,,,3.4,,,
1986-09-01,12.2,6.0,18.0,,,,4.3,,,
1986-09-02,14.6,9.0,21.0,,,,8.2,,,
1986-09-03,15.8,8.8,23.3,,,229,11.9,,,
1986-09-04,12.7,9.0,17.0,,,345,8.4,,,
1986-09-05,12.3,5.0,21.0,,,,4.7,,,
1986-09-06,15.6,7.0,24.0,,,,5.7,,,
1986-09-07,16.5,11.7,22.0,,,,6.6,,,
1986-09-08,14.1,8.0,21.0,,,,4.7,,,
1986-09-09,14.1,11.2,17.0,,,9,10.2,,,
1986-09-10,12.9,9.0,18.0,,,33,7.1,,,
1986-09-11,12.4,7.0,20.0,,,,4.5,,,
1986-09-12,15.7,9.0,23.0,,,,5.5,,,
1986-09-13,17.8,15.0,22.0,,,203,7.5,,,
1986-09-14,17.4,13.8,21.0,,,,5.8,,,
1986-09-15,19.9,15.0,25.0,,,,7.8,,,
1986-09-17,18.2,16.1,23.0,,,,5.6,,,
1986-09-18,14.9,10.0,17.0,,,310,7.7,,,
1986-09-19,10.2,8.8,12.0,,,44,11.9,,,
1986-09-20,12.1,10.0,16.0,,,,3.8,,,
1986-09-21,11.8,7.0,18.0,,,,4.1,,,
1986-09-22,13.0,9.9,21.0,,,,3.2,,,
1986-09-24,13.1,9.0,19.0,,,,3.3,,,
1986-09-25,13.3,11.8,15.0,,,,8.2,,,
1986-09-26,11.8,9.0,15.0,,,11,7.8,,,
1986-09-27,10.0,3.2,17.0,,,,4.7,,,
1986-09-28,10.6,3.0,18.0,,,,7.3,,,
1986-09-29,11.3,5.0,18.0,,,,6.8,,,
1986-09-30,12.1,4.0,20.0,,,,7.4,,,
1986-10-02,13.9,9.9,23.0,,,,2.9,,,
1986-10-03,13.8,7.0,23.0,,,,3.2,,,
1986-10-04,13.7,8.7,22.0,,,,4.1,,,
1986-10-05,13.4,8.0,22.0,,,,2.6,,,
1986-10-07,15.5,10.0,21.0,,,318,4.1,,,
1986-10-08,13.4,10.0,18.0,,,,4.8,,,
1986-10-09,10.5,8.0,13.1,,,,4.5,,,
1986-10-10,12.8,10.0,18.0,,,,4.7,,,
1986-10-11,12.0,7.0,20.0,,,,2.6,,,
1986-10-12,12.0,10.0,13.1,,,26,9.0,,,
1986-10-13,12.7,9.0,19.0,,,,2.8,,,
1986-10-14,12.0,7.8,21.0,,,,2.2,,,
1986-10-15,11.7,7.0,21.0,,,,2.5,,,
1986-10-16,10.5,7.0,18.0,,,,2.9,,,
1986-10-17,9.4,7.6,11.0,,,31,6.5,,,
1986-10-18,10.5,8.6,13.0,,,,5.0,,,
1986-10-19,11.0,8.5,14.5,,,208,11.2,,,
1986-10-20,10.9,8.0,16.1,,,237,21.5,,,
1986-10-21,9.3,5.6,12.0,,,244,18.8,,,
1986-10-23,9.0,4.0,16.0,,,253,20.2,,,
1986-10-24,6.9,3.8,11.0,,,257,5.5,,,
1986-10-25,7.2,4.0,10.3,,,214,11.8,,,
1986-10-26,6.2,4.5,9.0,,,245,13.1,,,
1986-10-27,5.2,1.0,10.0,,,,4.0,,,
1986-10-29,6.7,3.8,8.2,,,128,7.8,,,
1986-10-30,7.4,6.0,9.0,,,7,5.1,,,
1986-10-31,8.1,4.0,12.0,,,,5.6,,,
1986-11-01,9.2,6.0,11.1,,,,8.4,,,
1986-11-02,7.5,4.0,11.0,,,296,11.4,,,
1986-11-03,3.0,0.0,6.0,,,13,9.0,,,
1986-11-04,1.7,-2.0,7.0,,,,3.2,,,
1986-11-05,1.7,-2.3,6.0,,,,3.0,,,
1986-11-06,6.3,3.0,9.0,,,273,5.0,,,
1986-11-07,6.9,2.0,11.0,,,,4.0,,,
1986-11-08,5.8,0.2,12.0,,,,7.2,,,
1986-11-09,7.3,6.0,8.1,,,65,7.1,,,
1986-11-10,7.0,1.8,14.0,,,,6.7,,,
1986-11-11,3.6,-1.0,12.0,,,,3.1,,,
1986-11-12,4.1,-1.0,15.0,,,,2.7,,,
1986-11-13,1.5,-1.0,5.6,,,,3.0,,,
1986-11-15,5.2,-1.0,12.0,,,,3.0,,,
1986-11-16,7.8,2.0,16.0,,,,3.3,,,
1986-11-17,8.1,4.0,13.0,,,,5.5,,,
1986-11-18,6.2,2.0,11.0,,,144,6.1,,,
1986-11-19,5.1,1.0,11.0,,,150,5.7,,,
1986-11-20,5.2,1.0,9.0,,,163,7.9,,,
1986-11-21,7.0,5.2,9.0,,,,7.0,,,
1986-11-22,8.2,5.6,11.0,,,196,11.3,,,
1986-11-23,5.4,2.9,10.0,,,208,10.1,,,
1986-11-24,5.2,2.2,8.0,,,206,8.6,,,
1986-11-25,4.3,0.0,12.0,,,,4.9,,,
1986-11-26,3.9,-3.0,11.0,,,207,7.0,,,
1986-11-27,4.4,0.0,8.0,,,,6.4,,,
1986-11-28,1.2,-2.0,6.0,,,2,6.3,,,
1986-11-29,-1.0,-4.0,2.0,,,,5.0,,,
1986-11-30,-2.9,-5.0,-2.0,,,,2.2,,,
1986-12-01,-2.2,-3.7,-1.0,,,,2.5,,,
1986-12-02,-2.0,-3.5,-1.0,,,277,3.8,,,
1986-12-03,-1.7,-3.1,1.0,,,,3.3,,,
1986-12-06,2.3,-2.0,8.0,,,,4.1,,,
1986-12-07,5.1,4.0,7.0,,,,3.8,,,
1986-12-08,3.4,1.0,7.0,,,,3.2,,,
1986-12-09,3.6,1.0,6.4,,,,3.4,,,
1986-12-10,4.8,4.0,5.4,,,,3.7,,,
1986-12-11,5.2,4.8,6.0,,,,5.8,,,
1986-12-12,3.7,2.0,5.0,,,257,4.7,,,
1986-12-13,2.1,0.3,4.0,,,209,6.5,,,
1986-12-14,4.2,0.0,6.0,,,,6.1,,,
1986-12-17,3.0,0.8,5.0,,,235,13.2,,,
1986-12-18,5.5,2.5,10.0,,,230,21.4,,,
1986-12-19,4.2,0.0,11.0,,,253,35.4,,,
1986-12-20,1.0,-0.1,2.1,,,238,17.8,,,
1986-12-21,0.1,-2.0,2.0,,,222,7.9,,,
1986-12-22,-2.7,-9.0,0.0,,,248,11.4,,,
1986-12-23,-5.3,-10.1,-2.0,,,224,8.6,,,
1986-12-24,-6.0,-14.0,-3.0,,,,3.2,,,
1986-12-25,-8.7,-14.0,-5.0,,,,3.9,,,
1986-12-26,-0.4,-5.0,2.0,,,,6.8,,,
1986-12-27,1.0,-0.1,2.0,,,259,14.5,,,
1986-12-28,1.9,0.0,4.0,,,244,22.5,,,
1986-12-29,4.7,2.7,6.2,,,242,22.9,,,
1986-12-30,6.5,5.0,8.0,,,240,17.9,,,
1987-01-01,8.3,5.9,11.0,,,229,17.9,,,
1987-01-02,5.3,3.0,11.0,,,241,23.2,,,
1987-01-03,0.9,-5.0,4.0,,,,6.2,,,
1987-01-04,-1.0,-4.9,3.0,,,,4.3,,,
1987-01-05,2.3,-0.4,5.0,,,238,23.5,,,
1987-01-06,2.7,0.0,5.0,,,253,20.6,,,
1987-01-07,-2.4,-7.0,0.0,,,,8.0,,,
1987-01-08,-7.1,-11.0,-3.0,,,,2.8,,,
1987-01-09,-6.6,-11.0,-2.0,,,,3.2,,,
1987-01-10,-2.8,-5.0,-1.0,,,,4.6,,,
1987-01-11,-9.8,-17.0,-2.9,,,26,15.7,,,
1987-01-12,-19.7,-25.0,-14.0,,,,3.4,,,
1987-01-13,-15.2,-19.4,-11.9,,,12,6.6,,,
1987-01-14,-10.9,-15.0,-9.0,,,10,9.4,,,
1987-01-15,-9.6,-13.0,-6.0,,,,2.6,,,
1987-01-16,-6.8,-9.0,-5.8,,,22,8.6,,,
1987-01-18,-4.8,-6.0,-4.0,,,,2.6,,,
1987-01-19,-4.0,-5.0,-3.0,,,,5.2,,,
1987-01-20,-3.0,-4.0,-1.8,,,,3.5,,,
1987-01-24,-0.6,-3.2,2.0,,,,4.0,,,
1987-01-25,0.5,-3.0,2.0,,,,6.6,,,
1987-01-26,-0.2,-4.1,2.0,,,224,8.1,,,
1987-01-27,-0.5,-2.0,1.0,,,344,4.6,,,
1987-01-28,-0.4,-2.0,0.2,,,,3.8,,,
1987-01-29,-4.2,-7.0,-0.9,,,,8.5,,,
1987-01-30,-7.5,-11.0,-4.0,,,26,11.0,,,
1987-02-01,-8.1,-12.0,-6.0,,,53,4.5,,,
1987-02-02,-7.2,-8.7,-4.0,,,,3.4,,,
1987-02-03,-4.1,-8.0,-1.0,,,,2.2,,,
1987-02-04,1.0,-1.0,5.0,,,,3.8,,,
1987-02-06,1.0,0.0,2.0,,,222,9.9,,,
1987-02-07,3.1,1.0,4.2,,,220,14.6,,,
1987-02-08,2.8,0.0,5.8,,,,4.3,,,
1987-02-09,6.0,0.0,15.0,,,,5.9,,,
1987-02-10,4.2,2.0,6.0,,,164,7.7,,,
1987-02-15,3.6,2.0,5.5,,,276,8.3,,,
1987-02-16,1.0,-0.3,3.0,,,,7.2,,,
1987-02-17,-0.8,-1.5,0.0,,,,5.6,,,
1987-02-18,-1.4,-2.1,0.0,,,,4.7,,,
1987-02-19,-2.1,-3.0,-1.0,,,16,11.7,,,
1987-02-20,-0.3,-2.0,1.0,,,20,9.0,,,
1987-02-21,0.0,-1.1,1.0,,,,3.3,,,
1987-02-22,-0.6,-4.0,2.0,,,,1.9,,,
1987-02-23,0.5,-1.2,5.0,,,,4.0,,,
1987-02-24,-2.6,-4.3,-1.0,,,31,9.1,,,
1987-02-25,-0.8,-3.0,3.0,,,,2.3,,,
1987-02-26,1.9,-0.1,4.0,,,,4.3,,,
1987-02-28,7.5,6.6,9.7,,,219,12.1,,,
1987-03-01,8.0,6.7,10.0,,,218,6.5,,,
1987-03-02,8.0,5.0,10.0,,,226,23.5,,,
1987-03-03,-0.7,-6.3,5.0,,,300,17.7,,,
1987-03-04,-6.8,-12.0,-2.0,,,,4.0,,,
1987-03-05,-3.2,-8.0,4.0,,,,5.6,,,
1987-03-06,-5.8,-11.0,-1.0,,,,5.7,,,
1987-03-07,-5.0,-10.0,-1.0,,,,10.1,,,
1987-03-08,-4.0,-8.1,1.0,,,29,7.0,,,
1987-03-09,-3.9,-7.0,-1.0,,,50,9.5,,,
1987-03-10,-2.5,-7.0,2.1,,,42,8.6,,,
1987-03-11,-1.1,-4.8,3.2,,,42,10.0,,,
1987-03-12,-1.8,-5.0,2.0,,,,6.3,,,
1987-03-14,-0.5,-4.0,3.0,,,29,7.3,,,
1987-03-15,-0.6,-6.0,4.0,,,,7.8,,,
1987-03-21,1.4,-4.0,7.6,,,153,8.8,,,
1987-03-28,6.9,3.0,11.0,,,239,22.2,,,
1987-03-30,1.9,0.2,3.9,,,22,8.6,,,
1987-04-02,3.4,-3.0,10.0,,,,4.0,,,
1987-04-03,7.7,0.0,16.6,,,53,11.7,,,
1987-04-06,9.3,4.0,17.4,,,,5.1,,,
1987-04-11,7.6,2.0,12.5,,,187,11.3,,,
1987-04-12,5.8,2.5,9.0,,,254,14.8,,,
1987-04-17,11.9,3.0,20.0,,,,,,,
1987-04-20,11.8,9.0,14.9,,,,9.2,,,
1987-04-27,13.7,11.0,18.0,,,33,9.9,,,
1987-05-01,15.5,7.0,24.1,,,,2.9,,,
1987-05-05,4.7,3.0,6.0,,,273,4.2,,,
1987-05-06,6.4,5.0,7.0,,,,4.8,,,
1987-05-09,11.9,2.0,23.0,,,,2.9,,,
1987-05-16,7.3,5.4,10.4,,,247,9.4,,,
1987-05-17,8.2,1.0,16.0,,,,3.5,,,
1987-05-19,10.3,8.4,13.0,,,,5.5,,,
1987-05-24,11.3,4.0,19.2,,,31,7.1,,,
1987-05-25,14.4,7.0,22.0,,,,6.7,,,
1987-05-28,12.7,10.9,17.0,,,,6.5,,,
1987-05-29,11.4,9.2,14.7,,,,6.8,,,
1987-05-30,13.1,8.0,19.0,,,,3.8,,,
1987-05-31,11.9,7.0,18.0,,,,4.1,,,
1987-06-02,14.0,6.0,21.0,,,,4.1,,,
1987-06-03,14.1,12.0,18.0,,,167,8.2,,,
1987-06-04,12.4,11.2,14.0,,,220,9.2,,,
1987-06-05,12.7,9.9,16.5,,,226,11.1,,,
1987-06-07,15.4,14.6,16.0,,,,5.2,,,
1987-06-11,16.5,9.7,23.0,,,,3.9,,,
1987-06-12,18.0,11.0,25.0,,,,6.5,,,
1987-06-13,18.2,12.0,27.3,,,,6.1,,,
1987-06-14,16.1,12.5,19.2,,,,7.4,,,
1987-06-16,10.0,8.7,11.8,,,239,15.2,,,
1987-06-17,9.8,7.4,13.0,,,226,12.6,,,
1987-06-20,11.6,9.5,14.0,,,209,11.2,,,
1987-06-21,12.5,10.6,15.0,,,,6.8,,,
1987-06-23,14.9,10.0,20.6,,,,9.5,,,
1987-06-24,16.5,13.9,29.0,,,,9.7,,,
1987-06-26,14.3,12.0,16.0,,,,7.6,,,
1987-06-28,19.4,11.0,27.0,,,,5.7,,,
1987-06-29,22.6,14.0,30.0,,,,3.9,,,
1987-06-30,24.4,16.0,32.0,,,,3.9,,,
1987-07-02,20.8,17.0,26.0,,,,6.1,,,
1987-07-03,21.9,19.0,26.0,,,,5.1,,,
1987-07-04,22.5,18.0,28.0,,,,7.2,,,
1987-07-05,20.8,17.5,25.1,,,27,12.2,,,
1987-07-06,20.6,13.0,29.0,,,,5.1,,,
1987-07-07,22.0,18.4,27.0,,,,6.7,,,
1987-07-10,18.4,12.0,24.0,,,354,5.8,,,
1987-07-12,21.7,16.8,27.0,,,219,8.2,,,
1987-07-13,22.2,16.9,28.0,,,,,,,
1987-07-15,22.8,18.3,27.3,,,,7.1,,,
1987-07-17,18.5,13.5,24.0,,,,7.1,,,
1987-07-18,14.4,12.3,16.0,,,126,6.8,,,
1987-07-19,14.5,10.0,19.0,,,,6.9,,,
1987-07-20,15.8,11.0,21.0,,,,8.1,,,
1987-07-23,17.7,14.7,23.0,,,,3.1,,,
1987-07-24,19.4,15.5,25.0,,,,5.3,,,
1987-07-25,18.2,15.2,22.0,,,,9.1,,,
1987-07-26,14.0,10.5,17.0,,,,7.6,,,
1987-07-27,13.5,9.0,18.0,,,231,17.2,,,
1987-07-28,16.1,12.8,20.0,,,,7.8,,,
1987-07-29,18.8,14.0,25.0,,,111,5.7,,,
1987-07-30,16.4,12.9,20.0,,,,8.1,,,
1987-08-01,17.1,15.0,21.0,,,252,14.0,,,
1987-08-02,15.8,14.5,17.3,,,,10.8,,,
1987-08-05,13.1,9.0,16.0,,,,5.0,,,
1987-08-07,12.2,10.0,15.0,,,,9.0,,,
1987-08-08,15.4,8.0,23.0,,,,4.3,,,
1987-08-10,16.4,12.0,21.0,,,,7.6,,,
1987-08-13,19.7,13.0,28.0,,,,3.8,,,
1987-08-15,21.0,16.4,24.0,,,,9.7,,,
1987-08-16,19.2,10.0,28.0,,,,3.8,,,
1987-08-17,21.0,12.0,30.1,,,,4.1,,,
1987-08-22,22.2,14.0,31.0,,,,3.7,,,
1987-08-24,17.5,15.0,20.0,,,335,5.5,,,
1987-08-25,14.8,13.1,17.0,,,,10.4,,,
1987-08-26,16.1,12.9,21.0,,,,9.7,,,
1987-08-29,16.1,9.0,23.0,,,,3.9,,,
1987-08-30,18.1,11.0,25.0,,,,5.3,,,
1987-09-02,19.1,15.0,25.0,,,,5.7,,,
1987-09-03,18.4,14.0,24.0,,,,4.7,,,
1987-09-04,18.5,15.0,24.0,,,,3.1,,,
1987-09-05,17.3,14.6,23.0,,,,6.7,,,
1987-09-06,15.8,12.9,20.0,,,,7.3,,,
1987-09-07,15.8,3.0,22.1,,,,8.4,,,
1987-09-13,22.0,16.0,30.3,,,166,10.3,,,
1987-09-20,20.6,15.0,28.0,,,170,7.7,,,
1987-09-21,19.5,12.0,28.0,,,,3.5,,,
1987-09-23,18.1,14.6,22.0,,,,6.0,,,
1987-09-25,13.6,10.2,18.0,,,,3.1,,,
1987-09-26,13.7,12.0,16.0,,,,4.8,,,
1987-09-27,10.9,8.0,14.0,,,,8.8,,,
1987-09-28,8.8,5.0,13.0,,,359,8.7,,,
1987-09-29,8.2,4.0,13.0,,,17,13.7,,,
1987-09-30,7.4,2.0,13.8,,,,9.8,,,
1987-10-02,6.1,1.9,9.0,,,,5.5,,,
1987-10-03,9.6,7.0,13.7,,,,4.6,,,
1987-10-04,10.9,8.0,16.7,,,,3.1,,,
1987-10-05,11.9,8.0,19.0,,,,2.9,,,
1987-10-09,11.2,6.0,16.7,,,,8.0,,,
1987-10-11,13.0,9.9,16.0,,,336,8.6,,,
1987-10-12,7.8,5.9,11.0,,,242,12.1,,,
1987-10-13,8.7,3.7,14.0,,,,8.6,,,
1987-10-15,12.0,9.0,17.0,,,,4.5,,,
1987-10-16,13.4,9.0,22.0,,,,8.9,,,
1987-10-17,10.9,9.0,13.0,,,,2.1,,,
1987-10-18,10.1,7.0,14.1,,,,7.9,,,
1987-10-20,7.0,4.0,11.0,,,,4.1,,,
1987-10-22,9.5,7.0,11.1,,,,5.9,,,
1987-10-23,8.4,7.0,10.0,,,,4.0,,,
1987-10-25,11.3,9.0,16.0,,,,4.7,,,
1987-10-26,9.8,8.6,11.0,,,,4.8,,,
1987-10-31,10.7,9.2,11.2,,,,4.1,,,
1987-11-02,10.2,8.0,14.0,,,,5.5,,,
1987-11-04,6.7,5.0,9.0,,,51,13.1,,,
1987-11-08,4.9,1.0,11.0,,,,6.0,,,
1987-11-09,7.4,3.0,11.0,,,,3.6,,,
1987-11-12,7.0,4.0,12.0,,,212,16.4,,,
1987-11-13,8.2,5.0,9.9,,,207,13.7,,,
1987-11-14,5.4,1.0,9.0,,,266,9.3,,,
1987-11-21,4.6,3.0,7.0,,,256,11.4,,,
1987-11-22,4.6,4.0,6.0,,,229,9.3,,,
1987-11-23,4.0,1.0,6.0,,,,6.1,,,
1987-11-25,3.2,-1.0,6.7,,,,5.1,,,
1987-11-27,2.5,2.0,3.5,,,348,5.2,,,
1987-11-28,2.0,1.0,3.0,,,356,4.3,,,
1987-11-29,2.1,1.0,2.9,,,14,8.0,,,
1987-12-03,1.1,-1.0,2.0,,,52,11.6,,,
1987-12-04,0.1,-3.0,3.0,,,35,5.4,,,
1987-12-05,0.1,-3.0,3.0,,,,3.6,,,
1987-12-07,4.9,-0.3,7.0,,,276,9.8,,,
1987-12-08,-1.7,-3.0,0.0,,,52,16.2,,,
1987-12-10,-4.7,-5.7,-3.8,,,8,7.3,,,
1987-12-12,-3.1,-8.0,0.0,,,,3.4,,,
1987-12-13,-1.7,-3.0,-0.9,,,82,6.4,,,
1987-12-14,-1.3,-3.1,2.0,,,333,3.1,,,
1987-12-15,1.2,-0.2,4.0,,,,2.8,,,
1987-12-17,9.7,7.9,11.1,,,216,14.8,,,
1987-12-18,10.8,8.4,13.0,,,157,9.7,,,
1987-12-19,9.9,6.0,12.0,,,257,13.4,,,
1987-12-20,6.9,6.0,8.0,,,,4.7,,,
1987-12-21,3.7,0.6,6.8,,,,4.0,,,
1987-12-22,2.2,-0.1,7.0,,,,4.2,,,
1987-12-23,5.2,-1.0,7.0,,,43,11.9,,,
1987-12-27,4.7,2.0,9.0,,,181,6.0,,,
1987-12-28,4.9,1.0,11.0,,,,5.5,,,
1988-01-02,9.0,6.0,12.0,,,228,18.4,,,
1988-01-03,7.4,3.6,9.0,,,251,21.2,,,
1988-01-05,9.2,4.0,14.0,,,215,16.3,,,
1988-01-06,4.4,-0.1,12.2,,,226,12.1,,,
1988-01-07,3.4,1.5,6.0,,,,12.2,,,
1988-01-08,1.5,-3.0,6.0,,,279,6.4,,,
1988-01-09,-3.2,-5.0,0.0,,,,2.4,,,
1988-01-10,-0.2,-5.0,4.0,,,,2.5,,,
1988-01-11,3.1,-1.0,6.0,,,,6.3,,,
1988-01-14,0.8,-1.0,3.0,,,,4.1,,,
1988-01-15,2.5,-1.0,9.0,,,,4.9,,,
1988-01-16,1.0,-3.0,8.0,,,,3.8,,,
1988-01-19,1.5,0.0,3.0,,,49,6.1,,,
1988-01-20,0.8,0.0,2.0,,,,3.6,,,
1988-01-22,1.5,-2.0,4.6,,,199,17.1,,,
1988-01-24,4.8,1.4,8.0,,,187,13.7,,,
1988-01-25,6.3,5.0,8.0,,,184,11.7,,,
1988-01-26,7.3,5.0,10.0,,,242,19.3,,,
1988-01-27,6.0,3.0,10.0,,,,5.2,,,
1988-01-30,3.2,1.0,5.0,,,243,14.2,,,
1988-01-31,1.4,0.0,2.0,,,228,12.0,,,
1988-02-02,5.7,4.0,7.8,,,237,24.6,,,
1988-02-03,7.2,2.0,11.0,,,235,21.9,,,
1988-02-06,5.4,3.0,7.2,,,196,13.0,,,
1988-02-07,1.5,0.0,3.1,,,,3.6,,,
1988-02-08,2.4,0.9,6.0,,,232,22.3,,,
1988-02-09,4.0,0.0,8.2,,,223,18.2,,,
1988-02-10,3.3,1.0,6.0,,,240,25.8,,,
1988-02-13,0.4,-3.0,4.0,,,77,6.2,,,
1988-02-14,-0.8,-6.0,4.3,,,,5.9,,,
1988-02-17,1.9,-2.0,7.0,,,209,9.8,,,
1988-02-18,1.4,-4.0,8.0,,,,4.4,,,
1988-02-19,2.9,1.0,6.0,,,252,10.8,,,
1988-02-20,1.6,-1.0,6.0,,,286,5.5,,,
1988-02-21,0.7,-3.0,5.0,,,,8.2,,,
1988-02-22,0.0,-6.0,8.0,,,,2.3,,,
1988-02-24,0.7,-1.0,3.4,,,262,12.6,,,
1988-02-25,-1.4,-4.0,1.0,,,298,6.1,,,
1988-02-27,-0.9,-2.4,1.0,,,356,5.5,,,
1988-02-28,-0.5,-2.0,1.0,,,,9.1,,,
1988-03-02,-0.3,-2.0,2.0,,,244,11.4,,,
1988-03-03,-1.4,-5.0,2.0,,,,6.2,,,
1988-03-04,1.0,-4.0,4.0,,,188,8.0,,,
1988-03-05,1.0,-1.1,3.0,,,,3.6,,,
1988-03-06,-0.7,-3.0,1.0,,,,6.7,,,
1988-03-07,1.8,0.9,4.0,,,249,13.6,,,
1988-03-09,-1.6,-5.0,2.0,,,,3.7,,,
1988-03-10,-0.8,-7.0,5.0,,,,5.3,,,
1988-03-11,2.1,1.0,4.0,,,242,13.7,,,
1988-03-12,2.8,1.0,4.0,,,240,24.5,,,
1988-03-13,4.8,3.0,7.0,,,253,20.0,,,
1988-03-14,5.2,4.0,7.0,,,238,18.1,,,
1988-03-15,8.2,4.6,13.0,,,233,12.0,,,
1988-03-17,5.2,4.0,6.0,,,250,18.6,,,
1988-03-18,4.6,3.0,6.0,,,,4.1,,,
1988-03-19,4.4,1.8,8.0,,,,4.8,,,
1988-03-20,9.7,5.0,16.0,,,200,7.9,,,
1988-03-21,10.1,7.8,14.0,,,212,8.8,,,
1988-03-22,7.5,5.8,11.0,,,244,12.2,,,
1988-03-23,6.2,4.9,9.0,,,227,16.2,,,
1988-03-24,5.7,3.7,7.0,,,237,18.1,,,
1988-03-26,6.4,4.1,9.0,,,242,20.4,,,
1988-03-27,3.8,1.0,7.0,,,239,18.4,,,
1988-03-28,5.0,3.0,8.4,,,243,11.3,,,
1988-03-30,6.1,3.0,10.0,,,,7.0,,,
1988-03-31,4.0,2.5,6.0,,,,,,,
1988-04-01,4.6,2.5,8.0,,,258,8.5,,,
1988-04-02,4.6,-2.0,11.0,,,,6.1,,,
1988-04-03,6.5,0.0,13.0,,,,11.1,,,
1988-04-04,7.6,3.0,12.0,,,6,6.3,,,
1988-04-05,7.5,5.0,10.0,,,,7.7,,,
1988-04-07,8.6,4.6,14.0,,,165,6.4,,,
1988-04-08,9.2,8.0,11.0,,,208,8.4,,,
1988-04-09,9.5,6.0,14.0,,,,8.0,,,
1988-04-10,6.4,3.0,10.0,,,47,6.7,,,
1988-04-11,7.7,-1.0,18.0,,,,3.3,,,
1988-04-13,8.8,6.0,11.0,,,269,10.1,,,
1988-04-14,6.6,1.0,12.0,,,50,14.1,,,
1988-04-17,12.7,10.0,17.0,,,,7.1,,,
1988-04-18,13.5,7.0,21.0,,,,4.7,,,
1988-04-22,11.4,3.0,20.0,,,,3.8,,,
1988-04-24,7.2,1.0,13.0,,,41,16.8,,,
1988-04-25,8.0,0.0,15.0,,,,8.1,,,
1988-04-29,9.4,3.9,16.0,,,42,7.6,,,
1988-04-30,11.2,4.0,18.0,,,,4.3,,,
1988-05-01,14.6,8.0,22.0,,,112,7.1,,,
1988-05-06,15.8,8.0,23.0,,,31,11.7,,,
1988-05-07,17.1,11.0,24.0,,,2,7.8,,,
1988-05-08,18.1,14.2,23.0,,,332,6.7,,,
1988-05-09,16.1,12.5,20.6,,,,6.8,,,
1988-05-11,14.9,12.6,19.0,,,5,5.9,,,
1988-05-12,14.9,7.0,23.0,,,13,8.3,,,
1988-05-13,16.4,9.0,25.0,,,344,5.3,,,
1988-05-14,16.4,9.0,23.0,,,,6.1,,,
1988-05-15,16.8,11.0,25.0,,,307,6.4,,,
1988-05-16,16.1,12.9,21.1,,,,4.6,,,
1988-05-17,15.7,13.5,19.0,,,,9.4,,,
1988-05-18,14.8,13.3,17.0,,,,9.5,,,
1988-05-20,11.3,4.0,13.6,,,304,8.2,,,
1988-05-21,10.4,6.0,14.0,,,42,14.3,,,
1988-05-22,10.7,2.0,17.0,,,16,11.3,,,
1988-05-23,13.9,4.0,24.0,,,343,4.7,,,
1988-05-24,16.3,12.0,22.0,,,,5.2,,,
1988-05-28,12.5,10.0,16.0,,,,9.0,,,
1988-05-29,10.7,7.0,17.0,,,,7.4,,,
1988-05-30,12.0,5.0,20.0,,,,10.1,,,
1988-05-31,12.5,9.4,17.0,,,274,7.2,,,
1988-06-02,14.1,10.0,20.0,,,255,6.6,,,
1988-06-03,16.8,9.0,25.0,,,199,7.5,,,
1988-06-05,9.7,8.4,11.0,,,148,6.9,,,
1988-06-06,8.3,7.7,9.0,,,,4.8,,,
1988-06-07,10.6,8.0,13.0,,,,3.7,,,
1988-06-08,13.9,9.4,20.0,,,,3.5,,,
1988-06-10,17.0,10.0,25.0,,,,5.0,,,
1988-06-11,16.5,12.0,25.0,,,,5.4,,,
1988-06-12,17.0,11.0,23.0,,,,7.5,,,
1988-06-15,18.5,13.0,24.0,,,,6.6,,,
1988-06-17,17.1,12.0,23.0,,,,9.7,,,
1988-06-19,18.0,11.1,24.0,,,,5.8,,,
1988-06-25,16.5,11.0,21.0,,,,10.4,,,
1988-06-27,17.6,11.0,26.0,,,,5.3,,,
1988-07-01,17.7,15.0,21.6,,,,9.9,,,
1988-07-02,16.7,12.1,22.0,,,220,9.4,,,
1988-07-03,15.2,11.7,20.0,,,151,10.6,,,
1988-07-04,16.8,13.4,22.0,,,90,9.4,,,
1988-07-08,17.4,13.0,24.0,,,263,7.4,,,
1988-07-09,18.2,13.8,23.0,,,,7.6,,,
1988-07-13,19.8,13.0,27.0,,,,7.4,,,
1988-07-14,16.9,14.0,20.0,,,276,14.3,,,
1988-07-16,14.1,11.8,17.0,,,245,9.3,,,
1988-07-17,16.2,12.0,20.0,,,240,7.4,,,
1988-07-19,18.6,12.0,26.0,,,,4.8,,,
1988-07-21,20.9,13.0,28.0,,,,7.7,,,
1988-07-22,23.6,17.0,30.0,,,285,5.9,,,
1988-07-23,25.2,18.0,33.0,,,,4.5,,,
1988-07-25,17.2,10.0,26.0,,,,4.2,,,
1988-07-26,21.7,12.0,30.0,,,,5.6,,,
1988-07-28,17.1,10.8,24.0,,,,7.3,,,
1988-07-29,17.2,14.0,25.0,,,,7.2,,,
1988-07-31,17.9,10.0,27.0,,,,2.8,,,
1988-08-05,14.6,9.0,22.0,,,,6.8,,,
1988-08-07,19.4,11.0,29.0,,,,2.6,,,
1988-08-09,22.3,17.0,28.0,,,,5.9,,,
1988-08-10,21.6,14.0,29.0,,,,2.7,,,
1988-08-12,20.2,17.0,25.0,,,178,6.9,,,
1988-08-13,20.6,17.0,25.3,,,,5.2,,,
1988-08-14,22.2,14.0,31.0,,,,3.9,,,
1988-08-17,20.0,15.0,26.0,,,,4.7,,,
1988-08-18,20.6,13.0,29.0,,,,4.5,,,
1988-08-19,22.1,15.0,29.0,,,,6.4,,,
1988-08-21,15.3,13.0,19.0,,,271,7.5,,,
1988-08-23,14.2,11.0,19.0,,,,3.9,,,
1988-08-24,13.9,8.0,20.0,,,,4.3,,,
1988-08-25,13.5,11.0,15.0,,,264,13.5,,,
1988-08-26,12.6,10.7,15.0,,,244,9.4,,,
1988-08-28,18.9,12.0,26.0,,,,4.1,,,
1988-08-31,15.5,8.0,24.0,,,,6.2,,,
1988-09-02,13.5,11.1,17.0,,,219,10.8,,,
1988-09-03,13.0,10.0,15.1,,,214,10.4,,,
1988-09-04,18.3,15.6,23.0,,,257,10.6,,,
1988-09-05,19.1,14.9,24.0,,,,5.9,,,
1988-09-07,16.2,11.0,21.0,,,27,12.7,,,
1988-09-27,14.3,8.0,23.0,,,,4.1,,,
1988-10-01,10.6,8.8,12.0,,,24,9.6,,,
1988-10-05,10.7,7.0,14.0,,,,5.1,,,
1988-10-07,11.1,6.0,14.0,,,255,24.3,,,
1988-10-09,14.4,8.0,21.3,,,183,11.0,,,
1988-10-10,12.1,9.0,18.1,,,286,8.8,,,
1988-10-11,11.4,9.1,14.0,,,13,6.6,,,
1988-10-12,12.4,11.5,14.0,,,305,5.1,,,
1988-10-13,11.9,7.0,16.0,,,55,6.4,,,
1988-10-15,12.8,8.8,20.0,,,,3.8,,,
1988-10-16,13.0,10.0,19.0,,,,2.8,,,
1988-10-17,13.8,11.0,19.0,,,,2.4,,,
1988-10-19,13.5,11.0,16.0,,,,4.5,,,
1988-10-20,10.6,7.0,13.0,,,,7.4,,,
1988-10-21,7.6,5.0,13.1,,,,5.0,,,
1988-10-22,8.9,5.0,11.0,,,,6.2,,,
1988-10-23,10.4,8.0,16.0,,,,5.7,,,
1988-10-26,7.9,4.0,12.0,,,,4.2,,,
1988-10-29,10.4,7.4,13.0,,,,5.9,,,
1988-11-04,1.2,-2.0,5.0,,,45,14.9,,,
1988-11-05,2.5,-3.0,9.0,,,,5.8,,,
1988-11-07,0.9,-1.0,4.0,,,46,5.8,,,
1988-11-13,9.0,7.0,11.0,,,141,6.1,,,
1988-11-15,4.2,-1.0,7.0,,,,2.9,,,
1988-11-19,5.8,3.0,7.0,,,,5.2,,,
1988-11-20,2.6,1.0,4.0,,,188,7.6,,,
1988-11-22,-7.9,-12.0,-5.0,,,,4.8,,,
1988-11-23,-4.7,-8.0,-2.0,,,,2.8,,,
1988-11-26,0.3,-1.0,1.3,,,109,5.9,,,
1988-11-27,0.2,-1.0,1.1,,,,5.5,,,
1988-11-29,4.4,1.0,7.0,,,231,10.8,,,
1988-11-30,7.3,5.0,9.0,,,168,9.2,,,
1988-12-01,5.6,4.6,7.0,,,23,6.6,,,
1988-12-02,4.6,3.7,6.0,,,,5.1,,,
1988-12-03,5.5,4.7,7.0,,,,3.5,,,
1988-12-04,6.5,1.0,11.0,,,223,23.1,,,
1988-12-06,2.5,1.2,4.0,,,255,13.6,,,
1988-12-07,1.6,0.0,4.0,,,,9.1,,,
1988-12-11,5.7,4.0,7.0,,,202,5.9,,,
1988-12-12,3.8,2.0,5.2,,,,8.9,,,
1988-12-13,2.8,1.0,5.0,,,,4.0,,,
1988-12-14,2.5,0.9,5.0,,,,4.7,,,
1988-12-16,-3.0,-4.3,-1.0,,,42,7.8,,,
1988-12-18,0.0,-1.0,4.0,,,,4.4,,,
1988-12-19,3.4,0.7,6.0,,,241,23.7,,,
1988-12-20,2.1,-1.0,5.0,,,,6.2,,,
1988-12-22,1.9,0.0,5.0,,,165,5.1,,,
1988-12-23,5.0,1.0,8.1,,,,11.5,,,
1988-12-24,9.1,7.7,10.4,,,252,19.8,,,
1988-12-25,7.4,2.0,11.0,,,65,6.2,,,
1988-12-26,4.1,2.0,6.0,,,,5.7,,,
1988-12-27,4.1,2.8,5.0,,,203,7.9,,,
1988-12-28,1.7,0.0,5.0,,,,3.7,,,
1988-12-30,0.6,-1.0,2.0,,,195,5.5,,,
1988-12-31,-1.2,-2.0,0.0,,,21,6.0,,,
1989-01-01,0.0,-1.4,1.0,,,61,10.7,,,
1989-01-03,-0.9,-2.2,1.0,,,,6.4,,,
1989-01-06,3.3,1.3,5.0,,,210,10.6,,,
1989-01-07,4.8,3.3,6.0,,,,8.0,,,
1989-01-08,5.0,1.0,7.0,,,215,5.2,,,
1989-01-09,2.5,0.9,4.0,,,,6.0,,,
1989-01-10,4.0,1.0,6.0,,,182,8.2,,,
1989-01-11,4.4,3.0,6.0,,,,,,,
1989-01-12,3.9,2.0,8.0,,,202,8.3,,,
1989-01-13,6.0,0.0,10.0,,,,7.6,,,
1989-01-14,2.7,-2.0,9.0,,,,4.7,,,
1989-01-17,1.0,-1.0,3.1,,,201,8.9,,,
1989-01-18,1.7,0.0,4.0,,,,5.6,,,
1989-01-19,1.2,0.2,2.0,,,54,7.1,,,
1989-01-20,0.3,-2.0,4.0,,,258,5.1,,,
1989-01-21,-0.5,-3.0,3.0,,,,5.0,,,
1989-01-24,0.8,-4.0,3.0,,,,7.0,,,
1989-01-25,-2.1,-5.0,0.0,,,,3.7,,,
1989-01-27,-2.5,-3.4,-1.0,,,,,,,
1989-01-28,-1.2,-4.0,4.0,,,245,4.9,,,
1989-01-29,-2.9,-5.0,0.6,,,,2.1,,,
1989-01-31,-1.8,-2.3,-1.0,,,,4.3,,,
1989-02-01,-1.4,-3.5,3.0,,,211,5.0,,,
1989-02-03,-2.7,-4.1,-1.0,,,,2.8,,,
1989-02-06,4.1,0.0,11.0,,,148,5.4,,,
1989-02-07,0.3,-4.0,8.0,,,,2.7,,,
1989-02-08,-1.0,-2.7,2.0,,,,2.3,,,
1989-02-09,-1.1,-3.0,1.0,,,,3.0,,,
1989-02-12,1.8,-2.0,7.0,,,243,7.3,,,
1989-02-13,3.7,-1.0,8.0,,,221,5.1,,,
1989-02-14,2.7,0.0,5.0,,,258,12.2,,,
1989-02-16,3.7,2.7,5.0,,,239,11.4,,,
1989-02-17,3.7,1.0,6.0,,,,4.2,,,
1989-02-19,9.8,6.0,14.0,,,199,10.6,,,
1989-02-20,8.5,5.2,10.0,,,,6.5,,,
1989-02-21,6.8,4.9,8.0,,,,4.0,,,
1989-02-22,6.2,4.0,10.0,,,,3.7,,,
1989-02-23,6.0,3.0,9.0,,,320,6.5,,,
1989-02-27,1.9,0.0,4.0,,,240,18.4,,,
1989-03-01,5.3,1.7,9.3,,,245,23.4,,,
1989-03-02,5.1,2.0,9.0,,,224,15.7,,,
1989-03-03,6.5,4.8,9.0,,,241,17.1,,,
1989-03-04,6.5,4.0,11.0,,,242,10.4,,,
1989-03-05,7.2,1.0,15.0,,,,4.2,,,
1989-03-06,7.4,0.0,18.0,,,,2.0,,,
1989-03-07,8.7,1.0,17.0,,,,7.4,,,
1989-03-08,6.1,2.9,9.0,,,255,20.9,,,
1989-03-09,4.7,1.5,10.0,,,91,7.0,,,
1989-03-12,10.3,4.5,19.0,,,134,5.3,,,
1989-03-13,9.0,5.0,16.0,,,195,11.8,,,
1989-03-14,5.8,1.0,11.0,,,202,6.1,,,
1989-03-15,6.5,3.1,9.0,,,225,17.9,,,
1989-03-18,3.8,2.8,6.0,,,,4.6,,,
1989-03-19,3.6,0.0,7.0,,,28,9.8,,,
1989-03-20,5.1,-2.0,12.0,,,,6.3,,,
1989-03-21,6.7,4.8,9.5,,,,10.5,,,
1989-03-22,9.1,5.0,14.0,,,238,14.4,,,
1989-03-24,4.2,-2.0,8.0,,,209,12.9,,,
1989-03-25,10.5,8.0,14.4,,,255,14.0,,,
1989-03-27,11.6,3.0,22.0,,,340,5.4,,,
1989-03-31,14.2,7.0,23.0,,,74,3.9,,,
1989-04-01,9.9,8.0,13.0,,,,8.2,,,
1989-04-03,7.4,3.0,12.0,,,33,10.8,,,
1989-04-05,7.1,4.4,10.1,,,,12.4,,,
1989-04-06,7.3,4.8,10.5,,,220,11.9,,,
1989-04-07,9.7,5.0,15.0,,,244,10.5,,,
1989-04-08,8.8,4.0,15.0,,,,6.2,,,
1989-04-09,10.4,4.0,18.0,,,63,6.0,,,
1989-04-10,10.3,7.0,16.0,,,,6.6,,,
1989-04-11,11.8,7.0,19.0,,,104,5.9,,,
1989-04-17,5.6,5.0,6.1,,,235,9.0,,,
1989-04-18,6.8,4.7,10.0,,,,3.5,,,
1989-04-19,6.8,6.0,8.0,,,,5.4,,,
1989-04-23,7.0,3.5,12.1,,,51,6.8,,,
1989-04-24,9.3,0.0,18.0,,,,4.8,,,
1989-04-25,9.7,4.0,15.0,,,,4.6,,,
1989-04-26,9.2,2.8,16.0,,,,11.6,,,
1989-04-28,3.8,2.6,6.0,,,25,9.3,,,
1989-04-29,4.7,2.0,7.0,,,39,10.5,,,
1989-04-30,6.3,2.0,10.0,,,30,14.6,,,
1989-05-01,7.1,0.0,13.1,,,29,9.9,,,
1989-05-02,10.2,2.0,18.0,,,,9.2,,,
1989-05-04,15.0,8.0,21.0,,,32,12.4,,,
1989-05-06,14.2,8.0,21.0,,,,9.1,,,
1989-05-07,10.2,4.0,16.0,,,39,12.0,,,
1989-05-08,11.6,3.0,19.0,,,21,9.0,,,
1989-05-09,14.3,3.0,24.0,,,,8.5,,,
1989-05-10,14.1,12.0,17.0,,,233,13.0,,,
1989-05-13,11.1,9.0,14.3,,,,5.8,,,
1989-05-14,9.8,7.0,13.0,,,,7.6,,,
1989-05-15,9.9,3.0,16.0,,,,13.1,,,
1989-05-16,12.5,5.0,18.0,,,53,9.5,,,
1989-05-17,14.4,6.0,21.0,,,,11.0,,,
1989-05-18,16.8,9.0,24.0,,,,8.2,,,
1989-05-20,17.1,9.0,24.0,,,60,10.7,,,
1989-05-21,17.4,10.0,24.0,,,33,13.4,,,
1989-05-23,17.6,9.0,24.0,,,22,7.9,,,
1989-05-24,18.2,9.0,25.0,,,18,9.4,,,
1989-05-25,18.1,9.0,27.0,,,324,4.2,,,
1989-05-26,18.1,10.0,26.0,,,,6.6,,,
1989-05-27,18.0,11.0,24.0,,,346,7.7,,,
1989-05-28,17.1,10.0,25.0,,,,6.9,,,
1989-05-30,16.6,12.0,22.0,,,,5.8,,,
1989-05-31,13.8,12.0,16.0,,,,7.9,,,
1989-06-01,13.3,10.0,18.0,,,,4.8,,,
1989-06-03,10.6,9.0,13.0,,,,,,,
1989-06-04,10.9,8.0,15.0,,,,7.8,,,
1989-06-06,10.8,5.0,17.0,,,,4.3,,,
1989-06-08,11.9,7.0,17.0,,,,,,,
1989-06-10,15.9,8.0,24.1,,,,4.5,,,
1989-06-11,16.8,13.0,22.0,,,270,6.2,,,
1989-06-12,16.5,10.0,22.0,,,,10.0,,,
1989-06-13,17.3,11.0,23.0,,,45,13.9,,,
1989-06-14,17.4,10.0,23.0,,,44,11.8,,,
1989-06-15,17.4,8.0,24.0,,,,5.9,,,
1989-06-16,16.8,10.9,22.0,,,,9.9,,,
1989-06-17,16.2,8.0,22.0,,,36,12.6,,,
1989-06-18,18.1,10.0,24.0,,,36,14.7,,,
1989-06-19,19.5,12.0,25.0,,,35,15.6,,,
1989-06-20,19.7,11.0,26.3,,,,6.8,,,
1989-06-21,20.4,11.0,28.0,,,55,5.3,,,
1989-06-23,12.7,10.8,15.0,,,,5.2,,,
1989-06-24,16.1,12.4,21.0,,,,5.6,,,
1989-06-25,18.7,12.0,25.0,,,,7.2,,,
1989-06-26,20.3,13.0,27.0,,,,6.1,,,
1989-06-27,20.4,16.0,26.0,,,,9.1,,,
1989-06-29,15.7,11.0,22.0,,,,5.4,,,
1989-06-30,17.2,12.8,23.0,,,,4.6,,,
1989-07-02,15.3,13.0,18.1,,,197,7.8,,,
1989-07-07,22.2,18.0,28.4,,,,6.8,,,
1989-07-08,19.4,16.0,22.9,,,,6.5,,,
1989-07-09,19.4,16.8,23.0,,,,6.4,,,
1989-07-10,19.3,16.4,25.0,,,,,,,
1989-07-11,16.8,15.6,18.9,,,,3.9,,,
1989-07-13,19.7,15.6,24.0,,,,7.8,,,
1989-07-14,17.3,14.0,21.0,,,322,9.3,,,
1989-07-15,15.6,8.0,22.0,,,,4.1,,,
1989-07-16,17.6,10.0,25.0,,,,6.0,,,
1989-07-17,17.6,13.0,24.0,,,,5.7,,,
1989-07-18,16.6,10.0,22.0,,,,8.2,,,
1989-07-21,20.4,10.0,29.0,,,,3.6,,,
1989-07-22,20.0,14.7,25.2,,,,4.8,,,
1989-07-23,23.2,17.0,31.0,,,156,7.0,,,
1989-07-24,22.7,17.3,31.0,,,,6.4,,,
1989-07-25,21.5,17.5,27.1,,,258,7.6,,,
1989-07-27,19.8,15.0,26.0,,,,3.4,,,
1989-07-28,18.5,15.6,23.0,,,,7.8,,,
1989-07-29,18.6,12.0,25.0,,,17,8.9,,,
1989-07-30,20.1,13.0,27.0,,,,7.1,,,
1989-07-31,15.9,13.0,22.0,,,,7.2,,,
1989-08-02,13.3,9.0,17.0,,,136,6.4,,,
1989-08-03,15.2,7.0,22.0,,,,7.4,,,
1989-08-04,16.2,8.0,25.0,,,,2.1,,,
1989-08-05,18.4,11.0,27.0,,,,3.5,,,
1989-08-09,18.3,14.4,23.0,,,,6.5,,,
1989-08-11,19.8,15.6,25.0,,,,7.5,,,
1989-08-12,20.3,17.0,25.0,,,,8.3,,,
1989-08-13,20.4,13.0,28.0,,,,4.7,,,
1989-08-14,21.0,17.0,26.0,,,,6.0,,,
1989-08-15,22.3,15.9,30.0,,,,4.1,,,
1989-08-17,20.3,16.7,25.0,,,,6.0,,,
1989-08-18,19.4,16.0,24.0,,,,5.6,,,
1989-08-19,19.3,13.0,27.0,,,17,6.3,,,
1989-08-20,20.7,12.0,30.0,,,,3.0,,,
1989-08-21,22.4,16.3,29.0,,,,5.1,,,
1989-08-24,19.1,10.2,26.0,,,2,5.1,,,
1989-08-25,18.6,11.9,26.0,,,,6.4,,,
1989-08-26,17.5,14.6,20.1,,,,3.5,,,
1989-08-31,13.0,5.0,21.0,,,,6.9,,,
1989-09-01,14.2,8.0,21.0,,,,4.4,,,
1989-09-03,11.6,10.0,15.0,,,,4.5,,,
1989-09-04,10.9,9.6,13.0,,,,3.5,,,
1989-09-07,13.4,7.0,21.0,,,,7.6,,,
1989-09-08,13.7,8.0,21.0,,,16,5.9,,,
1989-09-10,18.3,14.0,24.0,,,157,5.0,,,
1989-09-12,15.8,13.4,21.0,,,184,5.3,,,
1989-09-15,14.3,11.9,17.0,,,224,9.5,,,
1989-09-18,18.6,12.0,26.0,,,,4.2,,,
1989-09-22,18.2,13.0,26.0,,,,2.0,,,
1989-09-23,14.6,11.8,20.0,,,,7.6,,,
1989-09-24,12.5,9.0,18.0,,,,3.0,,,
1989-09-25,13.0,10.0,18.0,,,,3.3,,,
1989-09-27,12.7,9.0,15.0,,,,7.5,,,
1989-09-29,10.5,8.8,13.0,,,44,12.9,,,
1989-09-30,9.1,3.0,15.0,,,28,9.2,,,
1989-10-01,11.5,4.0,18.0,,,,5.4,,,
1989-10-02,10.9,5.0,16.0,,,12,5.9,,,
1989-10-05,9.8,1.8,20.0,,,,3.4,,,
1989-10-06,10.1,6.0,16.0,,,,5.4,,,
1989-10-07,10.0,8.3,13.0,,,255,15.0,,,
1989-10-08,7.2,5.7,9.0,,,,8.3,,,
1989-10-09,8.1,5.4,12.0,,,,4.1,,,
1989-10-10,7.9,6.0,9.1,,,,5.1,,,
1989-10-12,9.6,7.0,14.0,,,,3.4,,,
1989-10-13,9.1,4.9,16.0,,,,4.3,,,
1989-10-14,9.1,4.0,14.0,,,193,8.0,,,
1989-10-17,7.2,2.0,16.0,,,,2.5,,,
1989-10-18,7.7,1.0,18.0,,,,1.3,,,
1989-10-19,9.4,3.8,19.0,,,,3.7,,,
1989-10-21,13.2,8.9,20.0,,,,5.8,,,
1989-10-22,12.2,6.0,21.0,,,,3.9,,,
1989-10-23,11.2,5.0,22.0,,,,3.6,,,
1989-10-26,11.1,5.0,21.0,,,,2.0,,,
1989-10-27,10.2,5.0,20.0,,,,1.8,,,
1989-10-28,9.5,5.0,16.0,,,,5.2,,,
1989-10-30,14.2,12.0,15.2,,,241,22.7,,,
1989-10-31,13.9,12.0,17.1,,,,7.6,,,
1989-11-01,12.2,9.0,16.0,,,,4.2,,,
1989-11-02,12.1,9.0,19.0,,,,3.0,,,
1989-11-03,10.3,7.9,14.0,,,,6.0,,,
1989-11-05,6.9,4.7,11.0,,,203,10.3,,,
1989-11-06,4.2,3.0,5.3,,,,4.0,,,
1989-11-09,6.5,2.0,9.0,,,,6.1,,,
1989-11-10,2.8,0.0,8.0,,,,2.9,,,
1989-11-12,3.1,2.0,4.0,,,,5.6,,,
1989-11-13,2.2,1.2,3.0,,,53,7.2,,,
1989-11-14,2.0,1.0,3.0,,,,,,,
1989-11-16,2.3,-2.0,5.3,,,23,8.2,,,
1989-11-17,0.8,-3.0,3.0,,,18,10.1,,,
1989-11-18,-0.2,-3.0,2.0,,,,4.4,,,
1989-11-19,0.4,-1.1,3.0,,,,3.6,,,
1989-11-21,2.7,1.0,6.0,,,12,4.7,,,
1989-11-22,3.3,0.0,9.0,,,,,,,
1989-11-23,-1.2,-4.0,2.5,,,,7.1,,,
1989-11-25,-3.2,-5.9,-1.0,,,,8.1,,,
1989-11-27,-5.2,-10.0,2.0,,,,2.7,,,
1989-11-28,-2.7,-9.0,4.0,,,,4.8,,,
1989-11-29,-1.6,-5.0,0.0,,,,4.4,,,
1989-11-30,-2.4,-4.0,-1.0,,,,3.0,,,
1989-12-02,-3.4,-5.0,-2.0,,,,4.3,,,
1989-12-03,-3.0,-4.0,-2.0,,,355,3.8,,,
1989-12-04,-2.6,-3.3,-2.0,,,320,4.0,,,
1989-12-05,-2.7,-4.0,-1.0,,,,5.4,,,
1989-12-06,-1.2,-2.0,-0.5,,,61,8.7,,,
1989-12-09,-1.4,-4.0,0.0,,,,6.3,,,
1989-12-11,0.9,-2.0,3.0,,,173,6.2,,,
1989-12-14,9.4,5.7,13.5,,,209,14.7,,,
1989-12-16,12.0,7.0,17.0,,,191,10.2,,,
1989-12-17,10.1,6.2,12.2,,,216,12.9,,,
1989-12-21,9.6,8.0,11.3,,,,8.5,,,
1989-12-23,5.8,3.0,8.0,,,240,14.5,,,
1989-12-24,5.2,0.0,8.5,,,202,9.6,,,
1989-12-25,-1.6,-3.0,1.0,,,,2.5,,,
1989-12-26,-2.6,-4.0,-1.0,,,,3.2,,,
1989-12-27,-2.2,-3.1,-1.0,,,,3.5,,,
1989-12-28,-2.4,-3.0,-1.7,,,302,3.8,,,
1989-12-29,-2.7,-3.3,-2.0,,,354,3.6,,,
1989-12-30,-2.7,-3.5,-2.0,,,306,3.9,,,
1989-12-31,-3.1,-4.0,-1.0,,,326,3.6,,,
1990-01-25,8.3,4.2,13.0,,,224,20.1,,,
1990-01-26,5.8,3.0,9.0,,,245,22.4,,,
1990-01-28,2.1,-1.0,8.6,,,,6.1,,,
1990-01-29,2.6,2.0,3.1,,,6,4.8,,,
1990-01-30,4.0,0.9,9.0,,,198,10.1,,,
1990-02-02,2.7,-1.0,6.6,,,184,8.4,,,
1990-02-03,3.5,-2.0,11.0,,,287,14.3,,,
1990-02-04,5.8,0.0,12.0,,,146,6.3,,,
1990-02-06,1.0,-5.0,10.0,,,,3.0,,,
1990-02-07,5.6,-1.0,13.0,,,,7.5,,,
1990-02-09,4.6,-1.0,9.0,,,,6.0,,,
1990-02-10,0.9,-4.0,6.0,,,,5.3,,,
1990-02-11,3.5,1.0,5.0,,,219,16.5,,,
1990-02-12,2.5,1.0,4.0,,,228,18.4,,,
1990-02-13,2.6,0.8,5.0,,,237,20.5,,,
1990-02-14,8.3,6.7,9.0,,,247,31.4,,,
1990-02-15,7.9,3.0,11.0,,,252,36.6,,,
1990-02-16,1.8,0.0,4.0,,,,4.5,,,
1990-02-17,4.9,2.0,10.0,,,,2.9,,,
1990-02-18,6.9,2.0,15.0,,,145,5.3,,,
1990-02-19,8.6,3.0,15.0,,,,7.5,,,
1990-02-20,8.4,1.0,16.1,,,,4.1,,,
1990-02-21,7.9,2.0,16.0,,,,5.1,,,
1990-02-23,8.4,1.7,18.0,,,,3.6,,,
1990-02-25,10.4,2.0,18.0,,,183,8.6,,,
1990-02-26,10.5,7.0,13.0,,,250,31.3,,,
1990-02-28,5.1,1.0,10.0,,,248,28.4,,,
1990-03-01,5.2,1.0,10.0,,,253,27.5,,,
1990-03-02,1.4,-0.1,4.0,,,259,11.4,,,
1990-03-03,0.8,-3.6,5.0,,,,4.0,,,
1990-03-04,1.5,-4.0,8.0,,,,3.7,,,
1990-03-05,2.3,-5.0,11.0,,,,6.2,,,
1990-03-06,5.9,-1.0,13.0,,,193,9.8,,,
1990-03-07,8.3,3.0,15.0,,,191,5.4,,,
1990-03-09,9.9,6.0,13.3,,,227,15.5,,,
1990-03-10,9.7,7.0,14.0,,,257,13.7,,,
1990-03-11,11.0,3.0,21.0,,,,5.1,,,
1990-03-13,10.4,4.0,17.0,,,,6.3,,,
1990-03-14,8.9,7.0,10.0,,,,3.2,,,
1990-03-15,8.9,7.8,10.0,,,44,5.8,,,
1990-03-16,9.9,6.0,16.0,,,39,5.7,,,
1990-03-17,8.0,3.0,15.0,,,,3.7,,,
1990-03-20,8.4,5.0,13.0,,,164,8.8,,,
1990-03-21,14.1,7.0,21.1,,,202,12.9,,,
1990-03-22,15.3,7.8,22.9,,,202,10.8,,,
1990-03-23,10.0,5.0,13.0,,,47,7.1,,,
1990-03-24,7.9,2.0,16.0,,,,3.3,,,
1990-03-27,2.4,0.8,4.0,,,13,8.1,,,
1990-03-29,3.3,-0.7,7.0,,,,5.5,,,
1990-03-30,6.9,4.6,10.3,,,53,10.3,,,
1990-03-31,9.1,6.0,15.0,,,54,8.7,,,
1990-04-01,9.7,0.5,20.0,,,,3.2,,,
1990-04-02,11.4,3.0,19.0,,,,5.0,,,
1990-04-04,6.0,3.3,10.0,,,,7.3,,,
1990-04-05,5.3,1.0,10.0,,,,9.7,,,
1990-04-06,5.4,3.7,7.0,,,19,9.8,,,
1990-04-07,6.3,5.5,7.1,,,21,6.1,,,
1990-04-08,4.4,3.8,5.0,,,40,12.7,,,
1990-04-09,3.4,0.9,5.0,,,,,,,
1990-04-10,5.8,3.0,10.0,,,269,7.1,,,
1990-04-11,5.3,3.0,8.0,,,232,12.2,,,
1990-04-12,6.4,4.0,10.0,,,206,6.9,,,
1990-04-13,9.0,4.1,16.0,,,152,6.1,,,
1990-04-14,6.9,4.0,9.2,,,,9.1,,,
1990-04-15,4.2,0.0,8.0,,,213,13.3,,,
1990-04-16,5.5,2.0,10.0,,,220,8.9,,,
1990-04-17,6.0,3.0,11.0,,,,7.4,,,
1990-04-19,5.2,2.0,10.0,,,,4.5,,,
1990-04-20,5.1,-1.0,11.8,,,,7.4,,,
1990-04-21,7.2,1.0,14.0,,,,3.1,,,
1990-04-22,8.3,2.0,16.0,,,14,6.1,,,
1990-04-23,6.6,4.7,9.0,,,,10.6,,,
1990-04-25,10.1,8.0,14.3,,,,8.4,,,
1990-04-27,9.8,5.6,13.0,,,,10.2,,,
1990-04-28,11.4,6.0,16.8,,,,6.2,,,
1990-04-29,11.0,4.0,18.0,,,26,12.9,,,
1990-04-30,12.7,4.0,19.0,,,,10.4,,,
1990-05-01,15.6,6.0,22.0,,,30,13.7,,,
1990-05-02,17.3,9.0,24.0,,,42,13.2,,,
1990-05-03,16.2,10.0,22.0,,,34,12.9,,,
1990-05-04,15.6,7.0,23.0,,,,10.5,,,
1990-05-05,16.7,8.0,24.0,,,3,4.4,,,
1990-05-06,15.0,9.0,22.6,,,,6.5,,,
1990-05-07,14.6,11.0,20.0,,,,7.9,,,
1990-05-08,14.7,10.0,21.0,,,,5.6,,,
1990-05-09,15.1,9.0,22.5,,,,7.1,,,
1990-05-10,15.0,7.0,23.0,,,,6.2,,,
1990-05-11,12.5,11.0,14.1,,,129,6.9,,,
1990-05-12,13.6,8.7,20.0,,,,3.8,,,
1990-05-13,13.7,7.6,20.0,,,,4.7,,,
1990-05-14,15.9,12.5,21.0,,,,5.4,,,
1990-05-15,17.4,13.0,23.0,,,,6.1,,,
1990-05-16,18.0,11.0,24.2,,,,5.9,,,
1990-05-17,18.2,13.0,24.0,,,,4.6,,,
1990-05-18,16.9,12.0,23.0,,,,5.1,,,
1990-05-19,16.0,11.0,22.0,,,338,6.3,,,
1990-05-20,17.5,12.9,23.0,,,,7.8,,,
1990-05-21,15.5,12.0,19.0,,,,5.0,,,
1990-05-23,17.8,13.0,24.0,,,,4.8,,,
1990-05-24,15.3,11.0,20.0,,,,6.2,,,
1990-05-25,12.9,10.0,15.2,,,15,8.4,,,
1990-05-26,12.8,8.0,17.0,,,36,12.2,,,
1990-05-27,13.1,6.0,18.0,,,22,10.9,,,
1990-05-31,14.3,4.0,23.0,,,,4.0,,,
1990-06-01,17.0,6.0,25.3,,,,3.9,,,
1990-06-02,15.1,12.8,18.0,,,236,11.6,,,
1990-06-03,14.0,10.0,18.0,,,241,8.0,,,
1990-06-04,13.0,11.7,14.5,,,228,10.2,,,
1990-06-05,13.5,11.0,17.0,,,,6.8,,,
1990-06-06,13.1,10.8,16.0,,,266,5.5,,,
1990-06-07,13.9,11.5,16.0,,,188,8.7,,,
1990-06-08,13.1,10.5,16.5,,,222,11.5,,,
1990-06-09,10.3,8.0,13.0,,,245,7.4,,,
1990-06-10,10.2,8.0,12.1,,,,8.3,,,
1990-06-11,14.5,9.8,20.0,,,,7.4,,,
1990-06-12,12.9,10.0,14.0,,,344,6.4,,,
1990-06-13,12.7,11.0,15.0,,,,5.1,,,
1990-06-14,13.9,8.6,21.0,,,,4.2,,,
1990-06-15,14.2,9.0,20.0,,,,6.1,,,
1990-06-16,15.4,8.0,22.0,,,,4.5,,,
1990-06-17,17.7,9.0,26.0,,,,4.7,,,
1990-06-21,17.0,11.0,23.0,,,208,5.5,,,
1990-06-22,13.9,11.1,17.0,,,229,7.8,,,
1990-06-23,13.3,12.0,16.0,,,,6.1,,,
1990-06-24,16.7,10.0,23.0,,,,5.1,,,
1990-06-25,19.4,12.0,26.2,,,,4.2,,,
1990-06-26,21.5,13.0,29.0,,,,5.7,,,
1990-06-27,22.6,16.0,28.0,,,,7.7,,,
1990-06-28,20.1,16.8,25.0,,,,4.6,,,
1990-06-29,19.8,13.0,29.0,,,,6.7,,,
1990-06-30,20.3,14.0,29.6,,,,6.4,,,
1990-07-01,16.7,14.0,19.3,,,,9.7,,,
1990-07-02,15.9,10.4,21.0,,,,4.3,,,
1990-07-03,13.4,11.9,16.1,,,,5.4,,,
1990-07-05,15.1,12.0,19.0,,,214,10.6,,,
1990-07-06,13.8,10.9,17.0,,,268,14.9,,,
1990-07-07,12.5,7.0,18.0,,,,7.5,,,
1990-07-11,15.1,9.0,20.0,,,,13.0,,,
1990-07-12,17.6,8.0,24.8,,,,,,,
1990-07-13,19.7,11.0,27.3,,,,8.1,,,
1990-07-14,20.2,13.0,26.0,,,,11.0,,,
1990-07-15,19.9,11.0,28.0,,,9,5.4,,,
1990-07-16,21.4,14.0,29.0,,,,6.7,,,
1990-07-17,21.6,17.0,27.0,,,44,10.5,,,
1990-07-18,17.9,12.0,22.0,,,24,10.3,,,
1990-07-19,17.6,10.0,25.1,,,15,6.6,,,
1990-07-20,19.2,11.0,26.4,,,22,8.0,,,
1990-07-21,21.5,12.0,30.2,,,,5.0,,,
1990-07-22,22.7,14.0,31.0,,,,5.3,,,
1990-07-23,21.6,15.0,28.0,,,330,7.2,,,
1990-07-24,19.3,12.0,26.0,,,9,6.8,,,
1990-07-25,19.1,10.0,26.0,,,,5.8,,,
1990-07-26,19.8,11.0,28.0,,,10,8.7,,,
1990-07-28,23.4,14.0,32.2,,,,5.8,,,
1990-07-29,24.2,19.0,29.2,,,288,9.1,,,
1990-07-30,20.0,16.4,25.0,,,,4.8,,,
1990-07-31,20.8,18.0,25.0,,,,4.5,,,
1990-08-01,21.5,16.0,26.0,,,,10.1,,,
1990-08-03,22.0,14.0,29.0,,,,6.5,,,
1990-08-04,21.8,13.0,30.0,,,,4.5,,,
1990-08-05,23.4,15.0,32.0,,,,6.0,,,
1990-08-06,20.1,17.8,22.0,,,,8.3,,,
1990-08-08,16.0,9.0,22.0,,,26,10.4,,,
1990-08-09,16.4,8.0,24.0,,,,5.5,,,
1990-08-10,18.4,9.0,28.0,,,,2.4,,,
1990-08-12,22.2,12.0,31.0,,,,6.6,,,
1990-08-13,22.5,17.0,31.0,,,158,9.5,,,
1990-08-14,18.4,16.2,22.0,,,188,6.7,,,
1990-08-15,18.2,15.0,23.0,,,,5.6,,,
1990-08-16,19.3,15.0,25.0,,,225,11.9,,,
1990-08-17,15.8,13.0,19.0,,,240,10.3,,,
1990-08-18,15.5,8.7,22.4,,,,6.2,,1021.7,
1990-08-19,19.8,12.8,26.0,,,,5.3,,,
1990-08-20,20.2,13.4,26.2,,,233,11.4,,,
1990-08-21,16.7,12.7,19.4,,,,13.2,,,
1990-08-22,15.3,10.0,21.7,,,,,,,
1990-08-23,16.6,9.0,24.3,,,19,9.4,,,
1990-08-24,19.6,9.4,29.4,,,,3.9,,,
1990-08-25,19.8,15.4,23.9,,,,7.8,,,
1990-08-26,18.0,16.1,21.0,,,,2.4,,1016.9,
1990-08-27,18.9,15.7,24.0,,,,4.4,,,
1990-08-28,19.7,14.0,25.7,,,,3.1,,,
1990-08-29,20.6,14.3,27.5,,,,4.2,,,
1990-08-30,20.0,14.7,25.1,,,276,8.3,,1014.7,
1990-08-31,14.3,11.0,17.0,,,280,9.1,,,
1990-09-01,13.1,8.5,17.6,,,,3.8,,,
1990-09-02,14.0,7.6,20.9,,,,5.0,,,
1990-09-03,14.6,11.8,17.1,,,181,5.3,,,
1990-09-04,16.8,14.1,23.0,,,,5.4,,,
1990-09-07,11.9,9.5,14.9,,,,7.5,,,
1990-09-09,11.7,6.6,18.4,,,,5.8,,,
1990-09-10,12.6,6.0,18.1,,,333,6.2,,,
1990-09-11,12.5,10.0,16.2,,,45,8.3,,,
1990-09-12,12.9,8.3,18.0,,,28,11.1,,,
1990-09-13,12.9,6.9,19.0,,,,,,,
1990-09-14,13.9,6.0,22.6,,,335,3.0,,,
1990-09-15,16.1,14.0,20.4,,,335,4.7,,,
1990-09-16,13.9,9.0,18.0,,,31,8.4,,,
1990-09-17,13.4,7.3,20.0,,,,7.2,,,
1990-09-18,14.2,10.6,18.9,,,,7.6,,,
1990-09-19,14.5,7.0,22.3,,,,7.9,,,
1990-09-20,15.6,10.0,18.3,,,268,10.2,,,
1990-09-21,13.5,10.2,16.0,,,246,20.8,,,
1990-09-22,16.3,13.5,20.1,,,241,20.5,,1006.5,
1990-09-23,14.5,12.8,17.4,,,,5.9,,,
1990-09-25,10.8,6.6,16.0,,,240,9.4,,,
1990-09-26,10.2,4.0,16.0,,,,5.6,,,
1990-09-27,11.9,8.3,16.3,,,338,5.8,,,
1990-09-28,10.5,5.0,18.0,,,333,4.4,,,
1990-09-29,12.7,5.0,22.0,,,,6.3,,,
1990-10-01,16.7,15.0,19.3,,,230,13.0,,,
1990-10-02,15.3,11.0,17.5,,,19,5.5,,,
1990-10-03,16.2,12.4,22.0,,,,4.3,,,
1990-10-04,11.9,7.4,14.9,,,,4.2,,,
1990-10-05,9.2,5.9,13.9,,,,4.6,,1026.7,
1990-10-06,12.3,7.1,18.9,,,180,5.2,,1018.4,
1990-10-07,12.5,8.3,17.5,,,,6.1,,1009.7,
1990-10-08,9.2,5.5,11.1,,,40,10.7,,1020.6,
1990-10-09,6.9,1.7,13.1,,,,5.9,,1026.4,
1990-10-10,7.4,2.5,14.6,,,,2.1,,,
1990-10-11,9.3,5.3,16.7,,,,3.0,,,
1990-10-12,12.2,6.1,20.4,,,,3.9,,,
1990-10-13,15.9,11.0,23.3,,,,2.8,,1019.2,
1990-10-14,14.5,9.6,22.3,,,,2.8,,,
1990-10-15,14.0,8.1,21.6,,,,3.4,,1014.3,
1990-10-17,15.5,12.6,19.9,,,283,4.7,,1010.3,
1990-10-18,14.4,11.5,17.8,,,,5.1,,1011.5,
1990-10-19,11.6,9.3,14.0,,,,5.0,,,
1990-10-20,12.1,11.2,13.5,,,13,8.1,,,
1990-10-21,11.3,9.4,12.3,,,55,19.9,,1014.9,
1990-10-22,6.3,3.3,9.3,,,,,,1020.3,
1990-10-23,3.6,-0.2,8.7,,,,5.4,,1017.7,
1990-10-24,7.7,1.8,15.1,,,,,,1015.7,
1990-10-25,7.7,4.1,11.3,,,,5.5,,1012.6,
1990-10-26,8.0,5.8,9.8,,,247,5.0,,1008.6,
1990-10-27,8.3,6.8,10.6,,,177,6.0,,1009.9,
1990-10-28,8.7,3.9,13.4,,,157,5.1,,999.7,
1990-10-29,8.1,6.9,9.3,,,214,12.0,,,
1990-10-30,10.6,8.7,12.9,,,248,21.4,,997.3,
1990-11-01,8.7,7.3,11.1,,,242,16.0,,1008.0,
1990-11-02,6.4,3.3,9.5,,,222,10.3,,1006.4,
1990-11-03,4.6,2.2,6.7,,,,7.7,,1006.9,
1990-11-04,4.0,2.7,6.0,,,246,8.5,,1012.5,
1990-11-05,3.5,2.5,6.6,,,213,10.2,,1019.2,
1990-11-06,2.4,-0.8,5.1,,,8,7.1,,1027.6,
1990-11-07,1.1,-1.4,4.6,,,22,9.4,,1031.0,
1990-11-08,0.9,0.0,1.6,,,64,7.5,,1028.5,
1990-11-09,1.5,-0.6,4.3,,,,4.6,,1026.8,
1990-11-10,2.9,-1.5,7.3,,,,3.3,,,
1990-11-11,7.6,6.3,8.7,,,,5.4,,1024.5,
1990-11-12,7.5,3.5,10.0,,,83,5.6,,1027.0,
1990-11-13,5.5,1.8,7.4,,,,2.9,,1026.4,
1990-11-14,8.1,6.3,9.6,,,179,8.8,,,
1990-11-15,7.7,4.9,9.3,,,230,11.1,,1021.6,
1990-11-16,7.4,4.2,10.1,,,172,6.4,,1029.0,
1990-11-17,11.2,8.7,14.8,,,240,17.5,,1022.6,
1990-11-18,10.7,9.0,12.8,,,250,25.2,,1017.4,
1990-11-19,7.7,6.0,9.8,,,245,20.1,,1012.9,
1990-11-21,4.8,3.7,8.1,,,198,10.2,,1007.0,
1990-11-22,2.3,0.5,3.5,,,357,9.4,,1010.3,
1990-11-23,1.2,-0.1,3.0,,,,4.3,,,
1990-11-24,0.0,-1.3,3.1,,,55,5.0,,,
1990-11-25,0.9,-1.5,2.3,,,340,6.7,,994.3,
1990-11-26,2.7,-1.2,5.9,,,,4.7,,1002.7,
1990-11-27,1.0,-0.5,2.3,,,,3.8,,1007.6,
1990-11-28,2.1,1.5,2.6,,,32,8.2,,1013.4,
1990-11-29,2.4,2.0,3.0,,,,4.5,,1017.7,
1990-12-01,-2.1,-3.7,-0.8,,,38,12.1,,1029.8,
1990-12-02,-1.1,-3.5,0.6,,,5,4.5,,1033.2,
1990-12-03,0.8,-0.1,1.8,,,17,10.7,,1028.6,
1990-12-04,1.0,-0.2,2.4,,,,4.3,,,
1990-12-05,1.4,0.2,3.0,,,7,9.0,,1027.9,
1990-12-06,-1.8,-4.2,0.2,,,40,11.1,,1031.5,
1990-12-07,-5.0,-7.3,-3.7,,,,,,1021.9,
1990-12-08,-4.5,-8.0,-0.9,,,,4.3,,,
1990-12-09,-1.6,-3.2,-0.8,,,324,5.7,,,
1990-12-10,-1.0,-2.1,-0.5,,,243,7.3,,993.3,
1990-12-11,-2.3,-8.0,0.3,,,299,4.6,,,
1990-12-12,-0.3,-2.6,1.1,,,247,12.2,,1008.6,
1990-12-13,0.3,-0.5,0.8,,,294,10.4,,1010.3,
1990-12-14,-0.6,-1.6,0.0,,,49,10.8,,1022.8,
1990-12-15,-1.6,-3.0,-0.5,,,,6.3,,,
1990-12-16,-1.9,-3.0,-0.8,,,41,11.5,,,
1990-12-18,-3.5,-5.1,-2.0,,,,5.0,,1022.7,
1990-12-19,-1.0,-2.9,1.1,,,,6.4,,1023.0,
1990-12-20,-1.8,-3.1,0.6,,,,5.3,,1029.1,
1990-12-21,0.2,-2.1,2.3,,,227,13.9,,,
1990-12-22,2.6,1.4,4.1,,,179,4.5,,1027.1,
1990-12-23,2.0,0.8,3.0,,,,3.7,,1025.7,
1990-12-24,0.6,-0.3,2.0,,,247,5.3,,,
1990-12-25,-0.4,-1.1,1.0,,,204,5.0,,1018.6,
1990-12-26,2.7,-1.7,5.1,,,210,12.0,,1012.9,
1990-12-27,4.9,2.3,6.6,,,242,20.9,,1010.5,
1990-12-28,2.5,-0.1,5.8,,,176,7.1,,1021.8,
1990-12-29,7.5,2.9,12.3,,,206,17.1,,1017.6,
1990-12-30,10.1,8.1,11.8,,,226,15.1,,1021.9,
1990-12-31,7.0,6.4,8.0,,,176,8.1,,,
1991-01-01,4.7,1.8,7.6,,,242,11.2,,1022.6,
1991-01-02,2.8,-0.8,7.0,,,203,13.4,,,
1991-01-03,8.5,4.1,11.8,,,224,13.1,,1016.8,
1991-01-04,5.1,1.1,8.4,,,224,11.7,,1016.6,
1991-01-05,4.2,1.9,7.0,,,222,11.6,,1020.7,
1991-01-06,5.5,4.0,7.1,,,239,19.1,,,
1991-01-07,6.6,4.6,8.8,,,207,13.3,,1010.2,
1991-01-08,5.2,2.0,8.7,,,197,9.8,,,
1991-01-09,6.2,2.0,9.7,,,187,13.7,,1016.6,
1991-01-10,9.8,3.3,15.5,,,190,15.3,,1016.5,
1991-01-11,10.2,6.7,13.2,,,258,14.9,,1019.9,
1991-01-12,4.2,2.5,5.7,,,202,6.3,,1025.4,
1991-01-13,1.9,0.8,2.7,,,3,11.5,,1027.2,
1991-01-14,1.2,0.9,1.7,,,57,22.5,,,
1991-01-16,-1.6,-2.6,-1.0,,,11,5.8,,,
1991-01-17,-0.5,-1.6,2.0,,,,3.9,,,
1991-01-18,-1.4,-2.5,0.0,,,,3.1,,,
1991-01-19,-1.1,-3.1,1.0,,,208,4.3,,,
1991-01-22,1.0,0.0,2.0,,,29,10.3,,,
1991-01-23,-1.1,-2.3,0.0,,,17,10.9,,,
1991-01-24,-2.6,-3.8,-2.0,,,52,11.3,,,
1991-01-25,-2.4,-5.0,1.0,,,,6.4,,,
1991-01-26,-4.1,-6.0,-3.0,,,71,4.9,,,
1991-01-27,-3.3,-4.4,-2.0,,,61,12.4,,,
1991-01-28,-3.3,-4.0,-2.7,,,65,13.3,,,
1991-01-29,-4.3,-6.0,-2.7,,,,4.5,,,
1991-01-31,-5.3,-6.3,-4.0,,,,3.9,,,
1991-02-01,-4.5,-6.0,-2.0,,,,3.0,,,
1991-02-02,-3.8,-7.0,1.0,,,,3.1,,,
1991-02-03,-5.4,-9.0,-1.0,,,,2.4,,,
1991-02-05,-6.1,-9.0,-4.0,,,33,9.9,,,
1991-02-06,-9.5,-11.0,-7.9,,,,10.5,,,
1991-02-07,-8.9,-12.0,-6.0,,,,7.8,,,
1991-02-08,-6.1,-11.0,-3.0,,,,5.7,,,
1991-02-09,-4.3,-12.0,0.0,,,11,5.6,,,
1991-02-10,0.2,-3.2,4.0,,,201,12.1,,,
1991-02-11,-3.8,-9.0,0.0,,,225,11.3,,,
1991-02-12,-3.6,-5.0,-2.0,,,,6.6,,,
1991-02-13,-5.1,-9.0,-2.0,,,,4.8,,,
1991-02-14,-7.1,-13.0,-2.0,,,,6.7,,,
1991-02-15,-3.1,-6.0,-1.0,,,,12.3,,,
1991-02-16,0.6,-3.0,2.0,,,264,13.8,,,
1991-02-17,-2.1,-6.0,3.1,,,3,6.9,,,
1991-02-19,1.6,-3.2,9.0,,,,2.5,,,
1991-02-20,-0.3,-4.0,7.0,,,,2.5,,,
1991-02-22,1.8,-4.0,8.0,,,,3.8,,,
1991-02-23,3.4,-2.0,9.1,,,161,7.6,,,
1991-02-24,4.8,-2.0,15.0,,,,2.8,,,
1991-02-25,5.5,-1.0,17.0,,,,2.3,,,
1991-02-26,5.2,-2.0,15.0,,,,2.9,,,
1991-02-28,2.8,1.0,5.1,,,,4.4,,,
1991-03-01,2.7,1.4,4.0,,,39,9.2,,,
1991-03-02,5.6,1.5,11.0,,,,3.7,,,
1991-03-03,7.5,4.0,11.0,,,,5.0,,,
1991-03-05,6.2,3.9,10.0,,,,4.4,,,
1991-03-06,9.3,3.0,16.0,,,351,4.8,,,
1991-03-07,10.2,7.0,16.0,,,320,5.2,,,
1991-03-08,9.7,3.0,17.0,,,,6.1,,,
1991-03-09,6.9,4.0,8.5,,,254,10.4,,,
1991-03-10,8.1,5.0,14.0,,,,4.3,,,
1991-03-11,6.4,2.9,11.0,,,,3.8,,,
1991-03-13,4.8,1.0,9.0,,,,4.0,,,
1991-03-15,9.5,3.0,18.0,,,,2.8,,,
1991-03-16,8.2,1.0,16.4,,,,4.4,,,
1991-03-17,7.2,1.4,13.0,,,307,5.9,,,
1991-03-18,8.8,7.0,10.0,,,226,4.8,,,
1991-03-19,7.4,3.0,11.0,,,196,11.6,,,
1991-03-21,12.0,7.0,18.0,,,,7.1,,,
1991-03-23,6.0,3.0,9.0,,,37,5.3,,,
1991-03-24,9.1,7.6,11.0,,,29,10.7,,,
1991-03-25,8.2,6.0,10.0,,,47,15.9,,,
1991-03-26,6.8,4.7,8.0,,,,6.6,,,
1991-03-27,4.0,2.0,5.0,,,32,8.7,,,
1991-03-28,2.5,-3.0,7.0,,,40,10.7,,,
1991-03-29,1.5,-1.0,5.0,,,52,16.6,,,
1991-03-30,2.2,-2.0,7.0,,,46,8.7,,,
1991-04-01,7.1,-1.0,16.0,,,,3.4,,,
1991-04-03,10.6,4.0,17.0,,,,7.2,,,
1991-04-04,8.4,6.0,12.0,,,130,5.9,,,
1991-04-05,7.1,5.0,10.0,,,218,8.7,,,
1991-04-06,7.9,4.0,12.1,,,98,6.7,,,
1991-04-07,8.8,6.0,12.0,,,242,7.3,,,
1991-04-08,9.7,5.0,13.3,,,263,9.4,,,
1991-04-09,10.1,6.2,14.0,,,,5.2,,,
1991-04-12,10.4,1.0,20.0,,,,4.9,,,
1991-04-13,10.7,3.0,19.0,,,,5.9,,,
1991-04-14,10.5,3.0,17.0,,,,7.4,,,
1991-04-15,11.9,4.0,18.0,,,27,12.6,,,
1991-04-16,12.1,4.0,19.0,,,,7.3,,,
1991-04-17,3.3,-1.0,8.0,,,55,16.1,,,
1991-04-21,3.4,-2.0,8.0,,,335,4.9,,,
1991-04-22,3.9,-4.0,10.0,,,,8.8,,,
1991-04-23,4.1,1.0,8.0,,,266,8.8,,,
1991-04-24,4.4,0.0,10.0,,,64,6.8,,,
1991-04-25,6.0,-2.2,14.0,,,350,6.1,,,
1991-04-26,9.1,1.0,16.0,,,17,9.9,,,
1991-04-27,9.8,4.0,17.0,,,,6.7,,,
1991-04-28,9.0,5.0,14.0,,,,5.3,,,
1991-04-29,9.7,8.0,13.0,,,153,4.7,,,
1991-04-30,9.0,6.9,11.5,,,201,9.8,,,
1991-05-02,6.9,5.6,8.0,,,,8.4,,,
1991-05-03,6.5,4.1,8.0,,,37,8.2,,,
1991-05-04,4.2,2.0,7.0,,,,5.9,,,
1991-05-05,5.5,2.0,10.0,,,,3.2,,,
1991-05-06,5.6,0.0,11.0,,,,4.8,,,
1991-05-08,9.2,2.0,16.0,,,,10.0,,,
1991-05-09,11.6,2.0,17.0,,,29,13.9,,,
1991-05-10,11.1,6.0,18.0,,,337,8.0,,,
1991-05-11,9.0,8.3,10.0,,,228,9.2,,,
1991-05-12,9.0,7.7,10.0,,,209,8.4,,,
1991-05-13,10.5,7.0,16.0,,,,3.7,,,
1991-05-14,10.0,4.0,16.3,,,,5.0,,,
1991-05-15,8.7,5.2,11.0,,,,7.6,,,
1991-05-18,7.1,5.0,11.0,,,,7.6,,,
1991-05-19,8.7,3.7,14.0,,,,5.5,,,
1991-05-20,11.8,6.0,18.0,,,,3.4,,,
1991-05-21,14.4,5.0,23.0,,,,2.9,,,
1991-05-22,17.1,9.0,24.0,,,279,5.8,,,
1991-05-23,15.1,9.1,19.0,,,,9.7,,,
1991-05-24,10.0,4.0,14.0,,,14,8.0,,,
1991-05-25,10.9,3.0,17.0,,,322,7.1,,,
1991-05-26,11.7,9.7,14.0,,,120,5.9,,,
1991-05-27,12.4,6.0,17.0,,,44,12.1,,,
1991-05-28,14.0,4.0,21.0,,,,,,,
1991-05-29,15.0,8.0,21.0,,,34,10.6,,,
1991-05-30,14.5,7.0,21.0,,,,11.1,,,
1991-05-31,16.1,7.0,24.0,,,,5.2,,,
1991-06-01,17.1,8.0,25.2,,,,5.7,,,
1991-06-02,17.2,10.0,24.0,,,320,6.5,,,
1991-06-03,14.4,12.6,17.5,,,236,13.5,,,
1991-06-06,12.4,10.0,15.4,,,,7.4,,,
1991-06-07,12.3,9.0,15.0,,,81,4.8,,,
1991-06-08,13.0,11.0,16.0,,,,7.4,,,
1991-06-09,14.4,10.6,19.0,,,196,8.8,,,
1991-06-10,14.9,12.2,18.1,,,246,8.8,,,
1991-06-11,14.9,10.0,20.0,,,269,6.6,,,
1991-06-12,16.1,7.9,24.4,,,,4.2,,,
1991-06-13,16.0,12.0,21.0,,,297,8.0,,,
1991-06-14,16.1,12.4,20.0,,,268,7.5,,,
1991-06-15,19.6,11.4,27.0,,,224,8.4,,,
1991-06-17,10.1,7.9,14.0,,,,6.7,,,
1991-06-18,10.5,8.0,14.0,,,234,9.0,,,
1991-06-20,12.0,9.0,15.0,,,209,5.2,,,
1991-06-21,17.0,10.0,24.0,,,249,5.7,,,
1991-06-22,19.3,11.0,29.0,,,,5.0,,,
1991-06-23,20.1,14.0,27.0,,,,5.9,,,
1991-06-24,19.9,15.0,25.3,,,239,8.2,,,
1991-06-25,21.9,17.7,27.0,,,,5.3,,,
1991-06-26,18.6,15.0,23.0,,,,6.4,,,
1991-06-27,15.2,10.0,19.0,,,,11.9,,,
1991-06-28,11.9,9.7,15.0,,,244,13.4,,,
1991-06-29,12.1,8.0,17.3,,,201,10.3,,,
1991-06-30,15.3,7.0,23.0,,,,4.0,,,
1991-07-01,18.0,9.0,28.0,,,,2.7,,,
1991-07-03,20.4,13.0,27.0,,,,7.8,,,
1991-07-04,21.6,15.0,27.0,,,32,10.8,,,
1991-07-05,22.7,17.0,29.0,,,13,10.0,,,
1991-07-06,23.9,17.0,29.0,,,3,8.8,,,
1991-07-07,22.5,16.0,29.0,,,,7.3,,,
1991-07-08,21.8,15.9,28.0,,,270,5.8,,,
1991-07-09,20.6,17.0,24.0,,,36,4.8,,,
1991-07-10,21.7,15.0,28.0,,,,9.8,,,
1991-07-11,24.4,16.0,32.0,,,,3.2,,,
1991-07-12,24.3,18.5,31.0,,,,8.2,,,
1991-07-13,22.4,18.0,27.0,,,,6.7,,,
1991-07-14,18.2,16.0,22.0,,,,9.2,,,
1991-07-15,18.8,13.0,24.0,,,,5.4,,,
1991-07-16,20.3,14.0,26.0,,,,5.3,,,
1991-07-17,17.6,14.0,23.0,,,,7.7,,,
1991-07-19,20.1,17.3,25.0,,,,5.9,,,
1991-07-20,21.0,17.0,25.3,,,,7.9,,,
1991-07-21,19.4,13.0,25.0,,,306,8.1,,,
1991-07-22,19.4,12.0,25.0,,,25,10.1,,,
1991-07-24,18.3,16.0,24.0,,,206,9.2,,,
1991-07-25,16.2,13.6,19.4,,,208,8.5,,,
1991-07-26,13.8,12.7,16.4,,,,10.5,,,
1991-07-27,15.4,12.4,19.5,,,,3.7,,,
1991-07-28,17.6,12.0,23.0,,,,,,,
1991-07-29,19.8,11.0,27.0,,,,4.4,,,
1991-07-30,20.4,13.0,29.0,,,,4.2,,,
1991-07-31,17.4,15.0,23.0,,,,8.0,,,
1991-08-01,17.1,13.0,22.0,,,,7.3,,,
1991-08-02,17.8,15.0,22.0,,,,4.2,,,
1991-08-03,19.6,14.0,26.0,,,,4.4,,,
1991-08-04,19.9,13.0,26.0,,,,6.2,,,
1991-08-05,20.3,13.0,27.2,,,,5.3,,,
1991-08-06,21.7,13.0,31.0,,,,3.6,,,
1991-08-07,23.7,14.0,33.0,,,,4.0,,,
1991-08-08,20.8,17.4,25.0,,,247,8.8,,,
1991-08-09,18.8,16.3,22.3,,,,5.3,,,
1991-08-10,21.6,17.0,27.0,,,,4.7,,,
1991-08-11,22.1,15.0,30.0,,,,3.3,,,
1991-08-12,22.2,17.0,29.0,,,,6.6,,,
1991-08-13,21.7,15.0,28.0,,,,4.7,,,
1991-08-14,21.4,15.0,28.0,,,,4.6,,,
1991-08-15,19.9,13.0,29.0,,,,4.3,,,
1991-08-16,20.4,12.0,28.0,,,,5.0,,,
1991-08-17,20.6,13.0,28.0,,,,6.3,,,
1991-08-18,19.2,16.0,23.0,,,,9.4,,,
1991-08-19,18.0,11.0,25.0,,,343,5.5,,,
1991-08-20,17.3,8.0,25.2,,,,3.6,,,
1991-08-21,18.8,10.0,27.0,,,,6.9,,,
1991-08-22,21.4,12.0,31.6,,,,4.9,,,
1991-08-23,20.9,17.9,25.0,,,103,7.2,,,
1991-08-24,20.2,15.0,26.0,,,,2.9,,,
1991-08-25,19.9,15.0,24.1,,,,4.3,,,
1991-08-26,20.1,13.0,27.0,,,23,6.1,,,
1991-08-27,19.3,12.0,25.0,,,22,11.1,,,
1991-08-28,17.5,10.0,24.8,,,,7.0,,,
1991-08-29,16.5,9.0,24.0,,,,10.0,,,
1991-08-30,16.9,9.0,24.0,,,38,13.0,,,
1991-08-31,17.4,8.0,26.0,,,,6.1,,,
1991-09-01,18.7,10.0,28.0,,,,5.4,,,
1991-09-02,19.6,14.0,26.0,,,,5.3,,,
1991-09-03,19.2,12.0,26.3,,,,5.6,,,
1991-09-04,18.4,10.0,27.0,,,,3.9,,,
1991-09-05,18.8,9.0,29.0,,,,2.8,,,
1991-09-06,18.3,11.0,26.0,,,,4.8,,,
1991-09-07,16.4,13.0,21.0,,,32,9.7,,,
1991-09-08,14.4,6.0,22.0,,,24,9.5,,,
1991-09-09,16.2,7.0,26.0,,,,3.4,,,
1991-09-10,18.4,9.0,29.0,,,,6.5,,,
1991-09-11,19.1,15.4,25.0,,,176,7.7,,,
1991-09-12,18.0,16.0,21.0,,,80,6.3,,,
1991-09-13,15.8,14.9,17.0,,,16,9.4,,,
1991-09-14,16.3,13.5,19.0,,,1,3.8,,,
1991-09-15,17.9,15.0,23.0,,,,3.5,,,
1991-09-16,17.6,11.4,25.0,,,,3.3,,,
1991-09-17,18.8,16.0,23.0,,,227,8.5,,,
1991-09-18,17.1,10.0,25.0,,,,3.0,,,
1991-09-19,16.9,9.0,26.0,,,,3.0,,,
1991-09-20,15.1,9.0,22.0,,,,2.9,,,
1991-09-21,17.0,11.0,25.0,,,,2.4,,,
1991-09-22,18.2,13.0,26.7,,,198,10.5,,,
1991-09-23,14.3,11.0,16.0,,,249,9.6,,,
1991-09-24,15.6,9.0,23.0,,,,5.7,,,
1991-09-25,16.2,9.7,25.0,,,,3.6,,,
1991-09-26,14.2,12.0,17.0,,,,4.8,,,
1991-09-27,11.6,8.5,15.0,,,225,10.0,,,
1991-09-28,9.8,5.0,14.0,,,,4.1,,,
1991-09-29,11.5,9.0,14.0,,,333,3.8,,,
1991-09-30,12.1,9.8,14.0,,,172,7.0,,,
1991-10-01,13.4,9.9,18.0,,,,7.7,,,
1991-10-02,12.2,6.6,16.0,,,270,17.1,,,
1991-10-03,9.5,3.0,17.0,,,,2.8,,,
1991-10-04,10.0,4.0,20.0,,,,2.4,,,
1991-10-05,11.9,6.6,20.0,,,,3.4,,,
1991-10-06,11.9,11.0,13.0,,,292,5.9,,,
1991-10-07,12.9,11.0,15.0,,,,5.3,,,
1991-10-08,12.9,10.0,16.0,,,,3.0,,,
1991-10-09,11.8,7.0,19.0,,,,4.5,,,
1991-10-10,12.3,6.0,19.0,,,,4.8,,,
1991-10-11,11.8,10.0,15.0,,,24,9.1,,,
1991-10-12,11.3,10.0,13.1,,,,6.3,,,
1991-10-13,11.6,8.0,14.0,,,,3.6,,,
1991-10-14,9.8,7.0,13.0,,,,3.4,,,
1991-10-15,11.8,8.0,18.0,,,,1.9,,,
1991-10-17,12.7,9.0,15.0,,,247,20.8,,,
1991-10-19,5.3,3.0,8.0,,,,8.8,,,
1991-10-20,4.6,3.0,7.3,,,241,6.7,,,
1991-10-21,4.2,1.0,8.0,,,,6.2,,,
1991-10-22,1.8,-2.0,6.0,,,,5.7,,,
1991-10-23,2.5,-4.0,10.0,,,,1.7,,,
1991-10-25,4.8,-2.0,11.0,,,,8.2,,,
1991-10-27,4.5,3.1,7.0,,,35,7.8,,,
1991-10-28,5.0,3.0,8.0,,,338,4.7,,,
1991-10-29,3.3,1.6,5.0,,,2,6.9,,,
1991-10-30,4.4,2.6,7.0,,,324,3.3,,,
1991-10-31,6.1,4.0,10.0,,,330,5.3,,,
1991-11-01,4.9,2.0,7.0,,,,2.5,,,
1991-11-02,7.1,2.0,10.1,,,163,8.4,,,
1991-11-03,11.3,6.0,17.0,,,187,13.7,,,
1991-11-04,8.6,4.4,12.0,,,237,18.1,,,
1991-11-05,5.7,4.0,8.0,,,242,15.3,,,
1991-11-06,3.9,0.0,7.0,,,259,7.6,,,
1991-11-07,4.1,-1.0,7.6,,,218,13.9,,,
1991-11-08,8.4,7.5,10.0,,,238,16.5,,,
1991-11-09,6.0,2.5,9.0,,,240,12.1,,,
1991-11-10,2.7,-1.0,6.0,,,212,6.5,,,
1991-11-11,2.1,-3.0,8.0,,,168,7.2,,,
1991-11-12,5.9,0.0,12.0,,,,7.0,,,
1991-11-13,8.2,3.0,13.0,,,,12.7,,,
1991-11-14,5.4,3.0,7.0,,,219,12.7,,,
1991-11-15,4.6,2.6,6.0,,,219,7.2,,,
1991-11-16,3.3,0.0,5.0,,,344,6.3,,,
1991-11-17,1.6,-1.0,5.0,,,,3.9,,,
1991-11-18,2.1,-4.0,7.0,,,133,7.3,,,
1991-11-20,4.9,3.0,6.0,,,8,4.8,,,
1991-11-21,3.0,2.8,3.3,,,40,11.9,,,
1991-11-22,2.5,2.0,3.0,,,,,,,
1991-11-23,2.7,2.0,4.0,,,6,8.1,,,
1991-11-24,2.1,1.0,3.0,,,17,10.1,,,
1991-11-25,2.3,-1.0,7.0,,,,5.3,,,
1991-11-26,-0.4,-2.1,1.3,,,,3.1,,,
1991-11-27,-0.3,-1.4,1.0,,,,2.1,,,
1991-11-28,0.6,-0.6,2.0,,,,2.8,,,
1991-11-29,0.6,-1.0,2.0,,,53,6.1,,,
1991-11-30,0.9,0.0,2.0,,,70,5.5,,,
1991-12-01,-0.1,-1.0,0.1,,,60,7.5,,,
1991-12-02,0.2,-0.5,1.0,,,61,6.0,,,
1991-12-03,0.2,-1.0,2.0,,,254,5.1,,,
1991-12-04,-0.6,-1.3,0.0,,,67,7.9,,,
1991-12-05,-0.7,-2.8,1.0,,,358,6.0,,,
1991-12-06,-1.2,-3.0,1.0,,,,10.0,,,
1991-12-07,-1.5,-4.0,2.0,,,,,,,
1991-12-08,-0.5,-4.0,1.0,,,54,7.8,,,
1991-12-09,-0.2,-4.1,1.1,,,55,15.0,,,
1991-12-10,-6.0,-7.0,-5.0,,,17,8.9,,,
1991-12-11,-6.0,-7.5,-4.0,,,,5.1,,,
1991-12-12,-5.2,-6.0,-3.0,,,,3.3,,,
1991-12-13,-5.4,-6.1,-4.0,,,352,4.2,,,
1991-12-14,-5.0,-6.0,-3.0,,,331,3.0,,,
1991-12-15,-5.0,-6.1,-3.0,,,,3.3,,,
1991-12-16,-4.3,-5.7,-1.0,,,,2.8,,,
1991-12-17,0.4,-5.0,3.0,,,,5.7,,,
1991-12-19,4.6,1.9,8.3,,,241,19.6,,,
1991-12-20,3.9,0.0,10.0,,,252,21.6,,,
1991-12-22,8.1,5.0,9.3,,,246,18.0,,,
1991-12-23,9.1,7.8,11.0,,,243,19.5,,,
1991-12-24,4.2,-2.0,7.2,,,,13.0,,,
1991-12-25,-0.3,-4.0,4.0,,,,3.7,,,
1991-12-26,-0.7,-5.0,2.0,,,,6.5,,,
1991-12-27,2.2,-1.0,3.4,,,247,11.4,,,
1991-12-28,-1.5,-4.0,3.0,,,,4.8,,,
1991-12-29,-1.9,-5.0,2.0,,,,3.7,,,
1991-12-30,-1.7,-7.0,2.0,,,,3.3,,,
1991-12-31,-0.3,-2.0,1.0,,,,6.1,,,
1992-01-01,-1.6,-3.0,1.0,,,,6.6,,,
1992-01-02,-1.8,-5.0,4.0,,,,5.5,,,
1992-01-03,-2.3,-7.4,4.0,,,,4.8,,,
1992-01-04,1.5,-3.0,7.0,,,159,7.0,,,
1992-01-05,4.6,0.0,8.0,,,,4.7,,,
1992-01-06,2.3,-2.0,9.0,,,,4.9,,,
1992-01-07,0.4,-4.0,6.0,,,141,6.2,,,
1992-01-08,5.6,-0.1,10.0,,,164,10.5,,,
1992-01-09,5.4,3.0,7.1,,,83,6.4,,,
1992-01-11,1.9,1.0,3.0,,,,3.4,,,
1992-01-12,0.0,-1.0,1.0,,,,5.5,,,
1992-01-13,0.8,-1.0,2.0,,,,5.3,,,
1992-01-15,0.8,-3.0,4.0,,,,4.7,,,
1992-01-16,1.5,0.9,3.0,,,313,4.1,,,
1992-01-17,1.5,-1.0,4.0,,,65,7.4,,,
1992-01-18,-0.2,-3.0,3.0,,,,5.4,,,
1992-01-19,-1.0,-5.0,2.0,,,237,5.4,,,
1992-01-20,0.6,-0.2,2.0,,,,7.3,,,
1992-01-22,-7.6,-10.0,-4.0,,,33,6.8,,,
1992-01-24,-7.7,-12.0,-3.0,,,,3.1,,,
1992-01-25,-5.4,-7.4,-3.0,,,,3.1,,,
1992-01-26,-4.1,-6.7,-2.0,,,,4.0,,,
1992-01-27,-1.8,-3.2,-1.0,,,50,11.7,,,
1992-01-28,-1.7,-2.0,-1.0,,,65,13.6,,,
1992-01-29,-2.4,-7.0,0.0,,,,7.3,,,
1992-01-31,-0.6,-6.0,5.0,,,,4.0,,,
1992-02-01,-3.4,-7.0,-1.0,,,,2.2,,,
1992-02-02,-2.4,-5.0,2.0,,,,4.1,,,
1992-02-03,-1.4,-6.1,3.6,,,198,8.3,,,
1992-02-05,4.8,3.0,6.2,,,246,15.8,,,
1992-02-06,4.7,0.0,7.0,,,,4.3,,,
1992-02-07,0.7,-2.0,4.0,,,,5.4,,,
1992-02-08,0.7,-0.3,3.0,,,154,5.3,,,
1992-02-10,4.3,0.0,8.0,,,218,14.5,,,
1992-02-11,3.0,-1.0,6.0,,,169,9.7,,,
1992-02-12,7.0,3.0,10.0,,,,8.4,,,
1992-02-13,5.1,3.4,8.0,,,209,6.5,,,
1992-02-14,4.2,0.0,7.0,,,,7.2,,,
1992-02-15,3.7,-1.0,6.4,,,199,13.2,,,
1992-02-16,4.4,1.8,6.4,,,249,17.6,,,
1992-02-17,-0.7,-3.0,1.5,,,266,15.2,,,
1992-02-18,-3.9,-7.0,-1.7,,,,9.0,,,
1992-02-19,-6.5,-12.0,-2.0,,,26,8.8,,,
1992-02-20,-5.8,-12.0,-1.0,,,,6.7,,,
1992-02-21,-2.9,-9.0,2.0,,,,5.4,,,
1992-02-22,-1.3,-8.0,7.0,,,,2.9,,,
1992-02-23,2.8,-1.0,9.0,,,,5.9,,,
1992-02-24,2.7,-4.0,10.0,,,,4.9,,,
1992-02-25,2.7,-1.0,9.1,,,,3.2,,,
1992-02-26,4.7,0.0,11.0,,,,3.2,,,
1992-02-27,3.5,-4.0,12.0,,,,2.5,,,
1992-02-28,4.1,-2.3,13.0,,,,2.9,,,
1992-02-29,3.6,-4.0,14.0,,,,2.9,,,
1992-03-01,3.7,-4.0,14.0,,,,2.6,,,
1992-03-02,4.6,0.0,10.7,,,208,12.4,,,
1992-03-03,5.3,-1.0,12.0,,,,4.6,,,
1992-03-04,7.9,0.0,16.0,,,,4.8,,,
1992-03-05,5.7,0.0,10.0,,,,3.0,,,
1992-03-06,7.5,3.0,12.1,,,201,6.6,,,
1992-03-07,4.9,-2.0,12.0,,,,5.6,,,
1992-03-08,5.5,-3.0,13.0,,,,4.6,,,
1992-03-09,8.4,3.0,14.1,,,,5.2,,,
1992-03-10,6.9,0.0,14.0,,,,4.8,,,
1992-03-11,6.9,2.0,10.0,,,268,12.0,,,
1992-03-12,5.2,0.0,9.0,,,,17.9,,,
1992-03-13,7.6,3.0,9.0,,,242,36.0,,,
1992-03-14,7.0,5.0,9.0,,,253,26.0,,,
1992-03-15,7.4,6.4,8.4,,,255,20.7,,,
1992-03-16,5.3,1.0,9.0,,,12,5.1,,,
1992-03-17,3.8,-2.0,10.0,,,,5.6,,,
1992-03-18,5.8,-1.0,13.1,,,,5.9,,,
1992-03-19,6.7,-1.0,14.0,,,,6.2,,,
1992-03-20,9.5,6.8,12.0,,,,5.9,,,
1992-03-21,10.3,6.8,16.0,,,245,12.8,,,
1992-03-22,6.5,3.9,9.0,,,242,26.5,,,
1992-03-23,7.3,3.0,10.0,,,262,19.3,,,
1992-03-24,2.8,1.7,4.0,,,274,5.9,,,
1992-03-25,2.9,0.4,6.0,,,251,10.9,,,
1992-03-26,3.3,0.0,7.1,,,,6.1,,,
1992-03-27,3.8,-1.0,8.0,,,,4.0,,,
1992-03-28,3.3,1.0,6.0,,,,11.5,,,
1992-03-30,6.6,0.0,13.0,,,,6.4,,,
1992-03-31,5.5,1.0,12.0,,,282,8.9,,,
1992-04-01,4.3,1.0,9.0,,,212,8.3,,,
1992-04-02,5.3,-2.0,12.0,,,,6.6,,,
1992-04-03,4.9,3.0,7.0,,,6,8.0,,,
1992-04-04,5.8,3.0,10.0,,,345,7.4,,,
1992-04-05,3.7,2.0,7.0,,,8,8.8,,,
1992-04-06,4.3,1.5,7.0,,,44,8.4,,,
1992-04-07,5.2,-1.0,12.0,,,352,6.8,,,
1992-04-08,6.7,0.0,14.0,,,32,12.1,,,
1992-04-09,7.0,0.0,13.0,,,30,14.5,,,
1992-04-10,7.9,-1.0,15.0,,,,13.9,,,
1992-04-11,8.3,1.0,15.0,,,,9.9,,,
1992-04-12,10.0,1.0,18.0,,,,6.1,,,
1992-04-13,10.4,7.2,13.0,,,270,14.1,,,
1992-04-15,7.9,4.7,11.1,,,234,21.9,,,
1992-04-16,4.2,1.8,8.0,,,251,16.4,,,
1992-04-17,4.2,2.0,7.0,,,313,7.5,,,
1992-04-18,4.2,1.9,6.3,,,197,8.6,,,
1992-04-19,9.6,6.0,14.0,,,212,8.2,,,
1992-04-20,9.9,5.0,15.0,,,,4.8,,,
1992-04-21,10.3,1.0,19.0,,,14,5.8,,,
1992-04-22,12.8,7.0,18.0,,,184,7.5,,,
1992-04-23,10.6,9.7,12.0,,,233,8.4,,,
1992-04-24,12.9,4.0,22.0,,,,6.4,,,
1992-04-25,17.6,8.8,26.0,,,,9.3,,,
1992-04-26,17.7,11.0,24.0,,,147,6.5,,,
1992-04-27,14.2,10.2,19.2,,,216,10.1,,,
1992-04-28,11.6,8.0,18.0,,,,8.1,,,
1992-04-29,7.4,4.0,11.0,,,244,12.1,,,
1992-04-30,7.3,1.0,12.0,,,,5.6,,,
1992-05-01,9.4,3.0,16.0,,,194,8.9,,,
1992-05-02,10.3,7.3,13.0,,,276,7.4,,,
1992-05-03,8.7,6.7,11.0,,,30,10.5,,,
1992-05-04,9.4,8.7,10.0,,,41,10.5,,,
1992-05-05,10.8,8.9,14.0,,,,4.2,,,
1992-05-06,13.9,9.8,19.0,,,,6.3,,,
1992-05-07,13.4,5.0,21.0,,,,3.3,,,
1992-05-08,14.7,8.8,19.0,,,224,10.7,,,
1992-05-09,14.9,11.6,20.0,,,268,10.4,,,
1992-05-10,14.5,11.5,19.0,,,281,8.6,,,
1992-05-11,12.0,7.9,16.0,,,243,12.2,,,
1992-05-12,12.8,6.0,20.0,,,,3.6,,,
1992-05-13,16.0,6.0,25.0,,,,6.2,,,
1992-05-14,19.0,10.0,27.0,,,,5.3,,,
1992-05-15,19.8,10.0,28.0,,,,5.1,,,
1992-05-16,19.7,11.0,27.0,,,42,7.2,,,
1992-05-17,18.2,12.0,23.0,,,,10.8,,,
1992-05-18,16.2,9.0,22.0,,,34,16.7,,,
1992-05-19,15.8,10.0,21.0,,,40,17.1,,,
1992-05-20,13.0,7.0,21.0,,,29,8.1,,,
1992-05-21,13.4,5.0,21.0,,,,4.9,,,
1992-05-22,16.3,9.0,22.3,,,48,8.0,,,
1992-05-23,16.2,8.0,24.0,,,319,6.2,,,
1992-05-24,16.8,10.0,24.0,,,81,8.6,,,
1992-05-25,17.5,11.4,24.0,,,,4.8,,,
1992-05-26,17.1,9.0,26.0,,,,6.1,,,
1992-05-27,16.7,11.8,24.0,,,,3.6,,,
1992-05-28,17.5,10.0,24.0,,,33,8.6,,,
1992-05-29,15.8,12.0,20.0,,,327,6.1,,,
1992-05-30,17.9,12.0,24.1,,,,4.1,,,
1992-05-31,17.1,13.0,22.0,,,,4.3,,,
1992-06-01,20.0,14.0,26.0,,,58,7.7,,,
1992-06-02,17.5,15.0,21.0,,,223,9.7,,,
1992-06-03,14.6,12.0,16.0,,,292,7.3,,,
1992-06-04,15.9,11.5,21.0,,,,5.4,,,
1992-06-05,14.4,12.9,16.0,,,,10.3,,,
1992-06-06,13.0,9.0,16.0,,,250,10.2,,,
1992-06-07,13.6,6.0,21.0,,,,6.2,,,
1992-06-08,14.4,11.0,18.3,,,270,7.9,,,
1992-06-09,15.1,12.3,20.0,,,242,7.3,,,
1992-06-10,15.5,8.0,23.0,,,,6.1,,,
1992-06-11,13.9,12.0,19.0,,,,5.5,,,
1992-06-12,13.2,9.1,17.4,,,,,,,
1992-06-13,15.1,10.0,21.0,,,14,8.4,,,
1992-06-14,16.7,10.7,23.0,,,19,7.1,,,
1992-06-15,19.6,12.0,27.0,,,,11.3,,,
1992-06-16,19.7,11.0,27.0,,,,,,,
1992-06-17,19.9,17.0,23.0,,,44,17.3,,,
1992-06-18,18.1,13.0,23.0,,,27,10.1,,,
1992-06-19,11.7,10.4,14.0,,,3,7.9,,,
1992-06-20,13.6,10.0,18.0,,,354,9.3,,,
1992-06-21,15.6,11.0,21.0,,,,6.7,,,
1992-06-22,17.6,10.0,23.4,,,,9.9,,,
1992-06-23,17.7,14.0,22.0,,,282,8.3,,,
1992-06-24,16.9,12.0,23.0,,,,6.5,,,
1992-06-25,14.4,13.7,15.0,,,,6.0,,,
1992-06-26,16.6,13.8,23.0,,,,6.7,,,
1992-06-27,17.7,10.0,24.0,,,,7.7,,,
1992-06-28,18.0,9.0,24.0,,,,10.3,,,
1992-06-29,19.1,10.0,27.0,,,,3.8,,,
1992-06-30,20.4,13.0,28.0,,,,4.4,,,
1992-07-01,17.2,14.0,21.0,,,212,5.8,,,
1992-07-02,17.1,14.0,23.0,,,,3.8,,,
1992-07-03,19.5,12.0,26.0,,,,4.0,,,
1992-07-04,16.0,14.1,18.0,,,,9.8,,,
1992-07-05,14.4,12.5,18.0,,,,5.6,,,
1992-07-06,15.6,12.3,20.0,,,,4.9,,,
1992-07-07,15.9,13.0,21.1,,,,4.7,,,
1992-07-08,17.1,13.5,21.0,,,16,7.8,,,
1992-07-09,18.3,13.0,25.0,,,,3.6,,,
1992-07-10,16.7,14.0,21.0,,,,7.0,,,
1992-07-11,15.2,12.8,18.0,,,216,8.7,,,
1992-07-12,14.7,12.6,18.6,,,190,9.7,,,
1992-07-13,17.3,12.0,23.0,,,235,4.4,,,
1992-07-14,18.4,13.0,24.0,,,212,8.4,,,
1992-07-15,21.0,17.0,26.6,,,47,5.7,,,
1992-07-16,20.6,14.0,27.0,,,,4.5,,,
1992-07-17,21.0,14.0,29.0,,,,5.4,,,
1992-07-18,21.4,17.0,25.0,,,,7.3,,,
1992-07-19,21.9,14.0,28.0,,,,6.6,,,
1992-07-20,23.2,16.0,31.0,,,,2.9,,,
1992-07-21,23.4,17.9,30.0,,,,9.5,,,
1992-07-23,18.8,13.0,25.0,,,36,8.4,,,
1992-07-24,21.3,14.0,28.0,,,,4.3,,,
1992-07-25,21.8,18.0,26.0,,,,4.7,,,
1992-07-26,21.2,15.0,27.1,,,,3.7,,,
1992-07-27,21.8,14.0,29.0,,,,8.0,,,
1992-07-28,20.0,16.7,23.0,,,38,14.5,,,
1992-07-29,20.1,12.0,29.0,,,309,4.2,,,
1992-07-30,24.7,18.0,33.0,,,155,5.8,,,
1992-07-31,24.6,18.0,31.0,,,,6.5,,,
1992-08-01,22.1,17.0,27.0,,,,7.2,,,
1992-08-02,24.2,19.0,31.1,,,184,7.9,,,
1992-08-03,23.9,17.0,32.0,,,,8.7,,,
1992-08-04,20.4,18.0,24.0,,,,6.5,,,
1992-08-05,20.8,13.0,28.0,,,,4.0,,,
1992-08-06,23.2,16.0,31.0,,,,2.7,,,
1992-08-07,24.9,18.0,32.0,,,,2.9,,,
1992-08-08,25.8,18.0,34.0,,,,5.6,,,
1992-08-09,25.8,18.0,33.0,,,,7.1,,,
1992-08-10,17.6,14.0,25.0,,,252,10.1,,,
1992-08-11,18.1,13.0,24.0,,,,6.0,,,
1992-08-12,19.3,14.0,24.0,,,265,6.1,,,
1992-08-13,17.9,14.0,23.0,,,253,11.4,,,
1992-08-14,15.8,14.0,18.0,,,230,8.0,,,
1992-08-16,17.5,9.0,25.0,,,,3.3,,,
1992-08-17,20.9,13.0,29.0,,,,7.0,,,
1992-08-18,22.6,14.0,31.7,,,,6.5,,,
1992-08-19,24.2,17.0,33.0,,,,5.5,,,
1992-08-20,23.0,17.7,32.0,,,,7.3,,,
1992-08-21,21.4,16.0,29.0,,,,5.3,,,
1992-08-22,19.9,15.4,26.0,,,,4.7,,,
1992-08-24,20.2,15.0,26.0,,,,5.9,,,
1992-08-25,21.5,15.0,30.0,,,163,7.3,,,
1992-08-26,22.3,14.0,31.0,,,,8.6,,,
1992-08-27,22.7,17.7,30.0,,,,3.9,,,
1992-08-28,24.4,17.4,33.4,,,,6.9,,,
1992-08-29,18.5,14.4,25.0,,,,9.0,,,
1992-08-30,17.4,14.0,22.5,,,,6.9,,,
1992-08-31,15.2,11.0,19.0,,,,7.6,,,
1992-09-02,14.4,8.0,21.0,,,200,6.7,,,
1992-09-03,16.1,13.0,20.0,,,250,12.0,,,
1992-09-04,11.1,8.0,16.0,,,249,12.2,,,
1992-09-05,9.6,7.0,14.0,,,236,11.5,,,
1992-09-06,9.9,3.6,17.0,,,,3.5,,,
1992-09-07,13.1,3.8,23.0,,,,4.7,,,
1992-09-08,14.6,13.7,16.0,,,208,5.2,,,
1992-09-09,14.4,11.3,17.0,,,,4.4,,,
1992-09-10,15.2,12.0,19.0,,,,3.1,,,
1992-09-11,16.7,11.0,23.4,,,,5.8,,,
1992-09-12,15.5,13.0,17.0,,,351,6.1,,,
1992-09-13,17.3,11.7,23.3,,,,5.4,,,
1992-09-14,15.6,14.0,18.0,,,228,5.5,,,
1992-09-15,16.4,13.0,22.0,,,,3.5,,,
1992-09-16,15.5,8.0,24.0,,,,1.4,,,
1992-09-17,15.3,10.4,24.0,,,,2.6,,,
1992-09-18,16.0,9.0,24.0,,,,3.5,,,
1992-09-19,16.9,15.0,20.0,,,,2.3,,,
1992-09-20,15.8,13.0,20.0,,,,4.9,,,
1992-09-21,15.6,11.0,23.0,,,,4.0,,,
1992-09-22,15.8,9.0,26.0,,,,6.3,,,
1992-09-23,13.8,12.0,16.0,,,,3.6,,,
1992-09-24,14.3,12.0,18.0,,,,6.3,,,
1992-09-25,13.5,9.0,18.0,,,19,5.5,,,
1992-09-26,14.1,10.0,21.0,,,,4.3,,,
1992-09-27,14.7,8.0,23.0,,,,4.5,,,
1992-09-28,14.4,12.6,16.0,,,,4.4,,,
1992-09-29,12.5,11.1,14.0,,,211,5.7,,,
1992-09-30,13.5,9.4,19.0,,,,3.3,,,
1992-10-01,14.6,11.7,20.0,,,,3.0,,,
1992-10-02,12.6,10.0,15.0,,,,2.6,,,
1992-10-03,13.5,11.0,17.0,,,,7.6,,,
1992-10-04,12.6,10.8,14.0,,,,10.2,,,
1992-10-05,11.2,8.7,13.0,,,,5.9,,,
1992-10-06,12.3,10.5,15.0,,,,6.4,,,
1992-10-07,11.1,9.0,14.0,,,,4.5,,,
1992-10-08,11.9,8.0,14.0,,,,7.4,,,
1992-10-09,9.4,6.4,12.0,,,347,3.3,,,
1992-10-10,9.5,8.5,11.2,,,10,8.6,,,
1992-10-11,9.1,8.0,10.0,,,10,7.5,,,
1992-10-12,9.9,8.0,13.0,,,29,12.3,,,
1992-10-13,5.9,3.8,8.0,,,357,7.4,,,
1992-10-14,10.0,5.7,16.0,,,239,7.6,,,
1992-10-15,8.9,7.0,10.2,,,271,6.1,,,
1992-10-16,5.4,3.4,8.0,,,,4.0,,,
1992-10-17,3.3,1.0,5.0,,,304,5.7,,,
1992-10-18,3.6,1.0,8.0,,,,7.5,,,
1992-10-19,2.0,-3.6,8.0,,,,4.7,,,
1992-10-20,6.2,4.0,9.0,,,,4.2,,,
1992-10-21,6.2,5.0,8.0,,,218,11.0,,,
1992-10-23,5.8,3.1,8.0,,,,14.1,,,
1992-10-24,5.5,3.0,7.0,,,240,20.2,,,
1992-10-25,8.9,5.0,14.0,,,235,30.1,,,
1992-10-26,6.1,3.2,8.3,,,247,20.1,,,
1992-10-27,5.3,0.7,10.1,,,,6.3,,,
1992-10-28,9.3,6.6,12.0,,,213,10.9,,,
1992-10-29,6.9,3.0,11.0,,,229,18.1,,,
1992-10-30,4.9,1.0,8.0,,,358,6.0,,,
1992-10-31,5.5,4.0,7.0,,,21,8.2,,,
1992-11-01,5.7,4.9,7.0,,,1,7.1,,,
1992-11-02,6.2,5.0,8.0,,,,7.8,,,
1992-11-03,7.4,6.0,8.5,,,,7.6,,,
1992-11-04,9.5,6.0,12.0,,,,8.5,,,
1992-11-06,7.6,6.8,9.0,,,,2.8,,,
1992-11-07,7.9,4.4,13.0,,,203,8.4,,,
1992-11-08,6.1,2.2,8.1,,,87,6.3,,,
1992-11-09,7.4,4.0,10.0,,,127,7.9,,,
1992-11-10,6.7,1.0,11.0,,,203,8.8,,,
1992-11-11,9.1,7.6,11.4,,,,,,,
1992-11-12,5.0,2.6,7.4,,,245,18.6,,,
1992-11-13,3.2,2.0,4.2,,,250,9.4,,,
1992-11-14,2.2,-1.0,4.0,,,152,4.5,,,
1992-11-15,6.1,2.7,9.5,,,,5.8,,,
1992-11-16,6.2,3.0,8.0,,,199,9.5,,,
1992-11-17,3.5,1.8,6.0,,,238,11.5,,,
1992-11-18,3.0,0.7,6.0,,,237,12.1,,,
1992-11-19,5.3,1.0,9.0,,,209,15.9,,,
1992-11-20,4.6,1.0,7.0,,,258,9.3,,,
1992-11-21,7.5,4.0,11.1,,,197,13.4,,,
1992-11-22,10.7,9.9,11.5,,,239,21.3,,,
1992-11-23,8.7,6.0,12.0,,,213,6.0,,,
1992-11-24,5.3,3.0,10.0,,,177,4.9,,,
1992-11-25,6.1,1.7,12.0,,,184,9.9,,,
1992-11-26,11.0,8.0,15.0,,,244,21.4,,,
1992-11-27,5.7,1.1,10.0,,,,5.2,,,
1992-11-28,9.3,3.0,12.0,,,237,15.0,,,
1992-11-29,9.8,8.0,11.0,,,,4.2,,,
1992-11-30,5.5,3.0,8.0,,,121,4.1,,,
1992-12-02,6.5,4.0,10.0,,,,5.3,,,
1992-12-03,8.2,6.0,10.9,,,219,11.6,,,
1992-12-04,4.2,1.9,7.0,,,214,11.0,,,
1992-12-05,3.2,1.0,6.0,,,,5.3,,,
1992-12-06,2.2,-2.0,5.0,,,,4.9,,,
1992-12-07,1.9,-2.0,4.0,,,139,7.3,,,
1992-12-08,2.8,2.0,4.0,,,,5.3,,,
1992-12-09,1.8,1.0,3.0,,,29,8.0,,,
1992-12-10,2.0,1.0,3.0,,,34,12.0,,,
1992-12-11,1.3,0.5,2.0,,,9,8.4,,,
1992-12-12,2.4,0.7,4.0,,,247,12.7,,,
1992-12-13,1.7,-2.0,5.0,,,,5.6,,,
1992-12-14,-0.2,-3.0,6.0,,,,3.7,,,
1992-12-16,-1.7,-3.0,0.0,,,,2.6,,,
1992-12-17,-1.4,-2.5,-1.0,,,,2.9,,,
1992-12-18,-1.2,-2.0,-1.0,,,,3.5,,,
1992-12-19,-1.1,-2.4,1.0,,,,3.4,,,
1992-12-20,0.7,-2.0,4.0,,,,2.7,,,
1992-12-21,3.5,2.0,5.0,,,,3.6,,,
1992-12-23,0.6,-1.0,2.0,,,,3.1,,,
1992-12-24,1.6,1.0,2.3,,,76,6.8,,,
1992-12-25,-0.2,-1.0,0.4,,,63,11.8,,,
1992-12-26,-1.5,-2.1,-1.0,,,32,8.9,,,
1992-12-27,-2.9,-5.0,-2.0,,,28,10.6,,,
1992-12-28,-2.9,-5.0,0.0,,,59,18.2,,,
1992-12-29,-4.8,-5.4,-4.0,,,25,10.2,,,
1992-12-30,-4.5,-5.2,-4.0,,,,4.7,,,
1992-12-31,-3.9,-5.0,-3.0,,,59,5.8,,,
1993-01-01,-5.1,-8.0,-3.0,,,,8.7,,,
1993-01-02,-7.1,-11.0,-3.0,,,42,11.1,,,
1993-01-03,-9.8,-12.0,-8.0,,,36,12.8,,,
1993-01-05,-6.8,-12.0,1.0,,,,3.5,,,
1993-01-06,1.4,-5.0,9.0,,,,3.9,,,
1993-01-08,5.4,4.0,6.1,,,,3.5,,,
1993-01-09,4.0,2.0,6.0,,,165,5.8,,,
1993-01-10,4.0,-0.1,9.0,,,177,9.0,,,
1993-01-11,9.8,7.0,12.0,,,228,19.7,,,
1993-01-12,10.5,3.0,15.0,,,249,22.3,,,
1993-01-13,6.4,0.0,13.0,,,,7.0,,,
1993-01-14,8.7,2.0,12.0,,,228,14.3,,,
1993-01-16,4.4,0.0,12.0,,,,5.2,,,
1993-01-17,3.3,-2.0,10.0,,,,5.4,,,
1993-01-18,3.0,-0.1,8.0,,,157,6.6,,,
1993-01-20,5.7,2.0,10.0,,,218,11.2,,,
1993-01-21,5.9,3.0,10.0,,,,8.6,,,
1993-01-22,7.0,3.8,11.0,,,222,9.7,,,
1993-01-23,9.5,8.0,11.0,,,242,16.2,,,
1993-01-24,10.5,8.8,12.0,,,242,27.0,,,
1993-01-25,5.6,2.0,10.0,,,255,29.9,,,
1993-01-26,0.0,-4.0,3.0,,,259,8.9,,,
1993-01-27,2.5,0.0,5.0,,,239,19.3,,,
1993-01-28,4.9,3.9,7.0,,,175,6.5,,,
1993-01-29,6.1,4.0,9.0,,,,4.7,,,
1993-01-30,3.1,0.0,6.0,,,,9.6,,,
1993-01-31,2.9,0.1,6.0,,,,5.5,,,
1993-02-01,2.0,-1.0,5.0,,,,7.2,,,
1993-02-02,0.1,-2.0,4.0,,,15,5.0,,,
1993-02-03,-1.4,-2.0,-1.0,,,59,8.8,,,
1993-02-04,-0.6,-3.0,2.0,,,,4.9,,,
1993-02-05,-0.8,-4.1,6.0,,,,2.5,,,
1993-02-06,0.5,-4.5,9.0,,,,2.4,,,
1993-02-07,4.8,1.0,10.0,,,,7.0,,,
1993-02-08,3.0,2.0,4.0,,,43,7.0,,,
1993-02-09,1.4,0.6,2.0,,,,6.4,,,
1993-02-10,1.4,0.1,2.0,,,23,5.6,,,
1993-02-11,1.1,0.0,2.0,,,28,4.7,,,
1993-02-12,0.8,-0.3,3.0,,,321,4.5,,,
1993-02-13,1.0,-1.0,5.0,,,,3.2,,,
1993-02-14,-0.1,-1.2,2.0,,,,3.1,,,
1993-02-15,-0.8,-2.0,0.2,,,52,6.1,,,
1993-02-16,-1.0,-2.1,0.0,,,325,4.3,,,
1993-02-17,-0.1,-1.2,1.0,,,,3.9,,,
1993-02-18,2.6,0.3,6.0,,,84,5.6,,,
1993-02-19,2.7,1.0,4.2,,,239,15.4,,,
1993-02-20,2.4,1.0,5.0,,,260,13.1,,,
1993-02-21,1.5,0.0,3.0,,,257,21.4,,,
1993-02-23,-6.7,-11.0,-2.0,,,,7.1,,,
1993-02-24,-6.4,-10.0,-2.5,,,,8.2,,,
1993-02-25,-5.3,-11.0,0.5,,,,4.6,,,
1993-02-26,-2.8,-8.0,3.0,,,,4.6,,,
1993-02-27,-1.4,-7.0,5.0,,,,3.0,,,
1993-02-28,-0.9,-3.0,1.1,,,22,9.3,,,
1993-03-03,-0.3,-2.4,1.0,,,,4.3,,,
1993-03-04,-1.6,-5.0,0.0,,,29,12.0,,,
1993-03-05,-3.0,-7.2,1.0,,,55,5.7,,,
1993-03-06,-0.3,-2.0,2.0,,,160,6.0,,,
1993-03-07,2.4,0.0,5.0,,,103,7.2,,,
1993-03-08,1.1,-1.0,4.0,,,60,21.0,,,
1993-03-10,2.8,-4.0,11.1,,,,4.2,,,
1993-03-11,4.4,-3.0,13.0,,,,3.3,,,
1993-03-12,5.4,-3.0,14.0,,,,2.4,,,
1993-03-13,5.4,-1.0,15.0,,,,3.2,,,
1993-03-14,6.2,-1.0,15.0,,,,3.6,,,
1993-03-15,7.6,1.0,17.0,,,,2.3,,,
1993-03-16,10.1,3.6,16.0,,,,8.3,,,
1993-03-17,11.6,10.0,13.0,,,220,8.7,,,
1993-03-18,12.0,4.0,20.0,,,,7.1,,,
1993-03-19,10.2,5.0,15.3,,,,5.0,,,
1993-03-20,9.4,1.0,18.0,,,,5.1,,,
1993-03-21,11.5,5.9,18.0,,,172,7.5,,,
1993-03-22,11.0,9.7,14.0,,,,6.9,,,
1993-03-23,8.8,6.0,11.0,,,227,10.3,,,
1993-03-24,4.3,1.9,6.0,,,44,7.8,,,
1993-03-25,2.9,-0.1,7.0,,,,8.7,,,
1993-03-26,1.4,-2.0,5.0,,,,10.5,,,
1993-03-27,-0.7,-6.7,4.0,,,122,4.6,,,
1993-03-28,-0.2,-3.0,3.0,,,,9.9,,,
1993-03-29,0.6,-6.0,7.0,,,,4.0,,,
1993-03-30,3.7,-6.0,12.0,,,,6.7,,,
1993-03-31,9.2,0.0,19.0,,,,5.0,,,
1993-04-01,9.8,1.0,19.0,,,302,7.3,,,
1993-04-02,4.2,2.0,8.0,,,,6.1,,,
1993-04-03,4.8,3.0,7.0,,,,3.8,,,
1993-04-04,4.5,2.6,7.0,,,,11.7,,,
1993-04-05,5.8,-1.3,12.0,,,,8.5,,,
1993-04-06,8.8,5.1,13.0,,,244,19.8,,,
1993-04-07,8.1,6.0,10.0,,,256,15.5,,,
1993-04-08,7.6,5.0,11.0,,,,6.0,,,
1993-04-09,8.2,0.0,16.0,,,,4.7,,,
1993-04-10,10.2,5.1,13.0,,,153,4.8,,,
1993-04-11,7.9,5.0,11.0,,,227,8.0,,,
1993-04-12,7.6,5.4,12.0,,,,6.1,,,
1993-04-14,9.8,5.0,16.0,,,179,5.5,,,
1993-04-16,8.3,5.0,13.0,,,,5.5,,,
1993-04-17,8.0,4.0,12.0,,,,6.4,,,
1993-04-18,10.5,7.4,14.0,,,219,8.1,,,
1993-04-19,12.8,9.0,18.0,,,259,8.3,,,
1993-04-21,15.3,6.0,23.0,,,,7.9,,,
1993-04-22,16.7,10.7,24.0,,,142,9.0,,,
1993-04-23,14.8,7.0,21.7,,,,5.8,,,
1993-04-24,14.6,4.0,22.0,,,91,10.7,,,
1993-04-25,15.8,9.0,22.0,,,30,10.4,,,
1993-04-26,14.7,9.0,21.0,,,354,8.5,,,
1993-04-27,17.9,9.0,27.0,,,,7.0,,,
1993-04-28,16.9,9.0,26.0,,,71,8.3,,,
1993-04-29,16.8,11.0,23.0,,,,6.7,,,
1993-04-30,14.0,8.0,21.0,,,,5.3,,,
1993-05-01,12.6,8.0,19.0,,,,7.5,,,
1993-05-02,13.2,9.8,18.0,,,,5.8,,,
1993-05-03,13.7,10.8,19.0,,,,6.7,,,
1993-05-04,13.1,11.7,15.0,,,34,11.1,,,
1993-05-05,11.5,10.3,13.0,,,20,10.4,,,
1993-05-06,10.2,9.0,12.0,,,13,7.6,,,
1993-05-07,11.7,9.0,15.0,,,,6.7,,,
1993-05-08,14.5,7.0,22.0,,,,3.7,,,
1993-05-09,15.7,9.0,23.0,,,,5.3,,,
1993-05-11,16.7,9.0,25.0,,,,4.5,,,
1993-05-13,14.7,11.0,19.0,,,,7.6,,,
1993-05-14,13.9,11.7,17.0,,,,6.3,,,
1993-05-15,13.6,9.0,19.8,,,,6.8,,,
1993-05-16,13.3,10.0,19.0,,,,3.9,,,
1993-05-17,15.5,6.0,25.0,,,,4.6,,,
1993-05-18,17.7,10.0,25.0,,,35,6.8,,,
1993-05-19,17.9,11.0,24.5,,,53,6.1,,,
1993-05-20,16.2,11.0,24.1,,,326,8.2,,,
1993-05-21,9.7,7.0,14.0,,,228,9.0,,,
1993-05-22,11.4,4.0,19.0,,,,7.8,,,
1993-05-23,15.1,6.0,23.0,,,,5.3,,,
1993-05-24,16.9,8.0,26.0,,,,3.8,,,
1993-05-25,20.4,11.0,29.0,,,,2.9,,,
1993-05-26,20.8,12.0,30.0,,,,4.6,,,
1993-05-27,18.0,13.5,24.0,,,276,7.7,,,
1993-05-28,13.7,11.0,17.0,,,246,11.9,,,
1993-05-29,15.4,9.0,21.0,,,,4.6,,,
1993-05-30,15.0,9.0,22.1,,,,6.7,,,
1993-05-31,15.6,11.7,20.1,,,,7.3,,,
1993-06-01,16.9,8.9,24.3,,,,5.7,,,
1993-06-02,15.7,12.0,21.0,,,,9.3,,,
1993-06-03,13.8,11.0,18.0,,,243,11.9,,,
1993-06-04,15.6,12.0,20.0,,,,8.2,,,
1993-06-05,18.1,12.0,26.0,,,,,,,
1993-06-06,20.7,12.0,29.0,,,,2.4,,,
1993-06-07,22.1,14.0,29.0,,,310,6.2,,,
1993-06-08,22.0,15.0,29.0,,,,9.0,,,
1993-06-09,22.9,15.0,30.1,,,,6.6,,,
1993-06-10,21.0,17.0,26.2,,,,6.7,,,
1993-06-11,14.9,9.3,22.0,,,,10.5,,,
1993-06-14,13.5,10.7,18.0,,,253,7.3,,,
1993-06-15,14.9,12.0,19.0,,,,7.0,,,
1993-06-16,17.9,12.0,24.0,,,,4.3,,,
1993-06-17,16.2,13.4,19.0,,,255,9.2,,,
1993-06-18,17.4,10.0,26.0,,,,2.9,,,
1993-06-19,21.1,12.0,29.0,,,,6.8,,,
1993-06-20,19.5,16.8,24.0,,,247,5.7,,,
1993-06-21,18.2,14.0,24.0,,,,7.1,,,
1993-06-22,16.9,13.0,22.0,,,342,5.0,,,
1993-06-23,17.1,14.7,20.0,,,233,7.1,,,
1993-06-24,15.6,12.7,20.0,,,,5.9,,,
1993-06-25,14.6,8.0,21.0,,,,5.2,,,
1993-06-26,15.5,9.0,21.1,,,,5.3,,,
1993-06-27,18.8,15.0,24.0,,,255,9.7,,,
1993-06-28,18.0,12.0,22.0,,,,10.0,,,
1993-06-29,16.8,9.8,23.0,,,32,11.3,,,
1993-06-30,18.9,11.0,26.0,,,,4.2,,,
1993-07-02,17.9,14.7,20.0,,,,6.6,,1016.9,
1993-07-03,20.0,11.6,27.0,,,,5.8,,1020.3,
1993-07-04,22.3,15.0,29.0,,,,6.0,,1022.7,
1993-07-06,14.6,12.6,18.0,,,17,10.0,,1022.7,
1993-07-07,14.4,7.0,21.2,,,,3.8,,1025.0,
1993-07-08,17.2,10.0,23.0,,,,4.6,,1019.6,
1993-07-09,19.3,11.0,27.0,,,,6.8,,,
1993-07-10,15.9,13.0,19.4,,,,8.3,,1009.1,
1993-07-13,12.0,8.0,16.0,,,,7.1,,1025.4,
1993-07-17,21.1,17.0,27.0,,,184,7.9,,1018.1,
1993-07-18,20.1,17.0,24.0,,,,5.9,,1017.1,
1993-07-19,18.3,16.3,21.0,,,,5.9,,1012.8,
1993-07-20,15.5,13.0,19.0,,,,9.2,,1011.6,
1993-07-22,14.7,12.0,18.0,,,,7.3,,1023.1,
1993-07-23,16.3,11.0,22.0,,,,6.4,,1024.8,
1993-07-24,19.5,11.0,27.0,,,,4.0,,1018.4,
1993-07-25,18.1,14.7,21.0,,,243,12.0,,1011.5,
1993-07-26,15.3,10.0,20.0,,,,7.5,,1018.5,
1993-07-27,17.3,12.0,22.0,,,,7.2,,1020.8,
1993-07-28,19.5,16.0,24.0,,,,5.9,,1020.4,
1993-07-29,22.8,15.0,31.0,,,,4.6,,1019.0,
1993-07-31,17.4,15.1,19.1,,,,11.4,,1020.4,
1993-08-01,16.9,10.0,23.0,,,,8.6,,1022.0,
1993-08-02,20.5,13.0,29.0,,,,6.3,,1018.2,
1993-08-03,21.1,14.6,29.0,,,,4.1,,1018.3,
1993-08-07,17.5,11.0,24.0,,,,7.9,,1020.0,
1993-08-08,17.9,12.4,25.0,,,,3.8,,1016.9,
1993-08-09,18.6,14.9,23.0,,,,6.4,,1016.4,
1993-08-11,17.3,12.0,23.0,,,,8.0,,1017.3,
1993-08-12,19.1,11.0,28.0,,,,6.7,,1015.6,
1993-08-13,19.8,16.5,23.4,,,,7.1,,,
1993-08-14,21.8,14.0,29.3,,,,4.5,,,
1993-08-15,21.5,17.1,27.0,,,,7.3,,1017.6,
1993-08-16,21.5,15.0,29.0,,,,4.2,,1019.6,
1993-08-17,21.2,15.0,28.0,,,,5.3,,1021.9,
1993-08-19,19.9,14.9,27.0,,,,3.9,,,
1993-08-21,21.4,13.0,30.0,,,,3.3,,1018.8,
1993-08-22,22.8,14.0,32.0,,,,9.5,,1010.9,
1993-08-23,17.8,13.4,22.0,,,,7.5,,1011.4,
1993-08-24,12.1,11.0,13.0,,,6,8.1,,1016.1,
1993-08-25,11.8,10.0,14.0,,,,5.6,,1016.7,
1993-08-26,14.3,11.0,19.0,,,,7.3,,1016.1,
1993-08-28,12.0,10.3,14.4,,,,7.7,,1017.6,
1993-08-29,11.3,5.0,18.0,,,,8.0,,,
1993-08-30,12.6,4.0,20.0,,,,4.9,,,
1993-08-31,13.9,11.6,18.0,,,,5.8,,1022.9,
1993-09-03,12.9,9.9,15.0,,,,3.7,,1014.6,
1993-09-05,11.0,8.0,15.0,,,,6.8,,1018.0,
1993-09-07,14.4,8.7,21.0,,,,3.4,,1013.0,
1993-09-11,15.0,11.0,20.0,,,,7.0,,1011.2,
1993-09-12,15.1,12.0,19.5,,,,7.7,,1007.8,
1993-09-13,11.9,9.0,16.0,,,294,10.3,,1000.6,
1993-09-14,12.4,9.0,17.0,,,,15.8,,1002.3,
1993-09-17,13.4,10.7,18.0,,,,4.0,,1016.5,
1993-09-18,14.0,9.7,19.0,,,,4.7,,1018.2,
1993-09-20,15.9,11.0,24.0,,,,2.7,,1022.6,
1993-09-23,15.4,13.0,18.0,,,,6.3,,1011.7,
1993-09-24,15.6,14.0,19.0,,,,6.7,,1005.9,
1993-09-25,13.4,10.2,16.0,,,,9.4,,1006.3,
1993-09-26,10.1,9.0,11.2,,,238,9.5,,1015.1,
1993-09-29,10.2,6.0,16.0,,,,,,,
1993-10-01,12.5,7.6,17.0,,,,6.2,,1003.2,
1993-10-03,10.2,7.2,14.0,,,219,14.5,,1003.1,
1993-10-04,10.5,5.6,14.0,,,,8.0,,1012.4,
1993-10-05,13.2,7.9,19.0,,,,3.6,,1009.0,
1993-10-07,13.3,9.0,18.0,,,,4.9,,,
1993-10-09,11.4,7.0,18.0,,,,7.3,,1014.4,
1993-10-16,9.4,2.6,14.0,,,,5.9,,1018.5,
1993-10-17,9.4,7.0,12.0,,,,7.1,,1019.1,
1993-10-18,7.4,5.6,9.0,,,,10.4,,1030.1,
1993-10-19,7.2,5.2,9.0,,,,3.9,,,
1993-10-20,7.5,6.3,9.0,,,,1.8,,1025.9,
1993-10-21,6.5,3.7,8.0,,,,5.6,,1017.3,
1993-10-22,4.3,2.4,6.0,,,,12.1,,1014.1,
1993-10-24,5.4,3.7,6.0,,,356,6.3,,1017.7,
1993-10-25,5.5,4.4,7.0,,,32,10.1,,1026.2,
1993-10-27,5.7,4.6,7.0,,,32,11.7,,1027.4,
1993-10-28,5.8,4.0,7.0,,,,7.2,,1025.7,
1993-11-04,5.0,3.8,6.2,,,,4.9,,1014.4,
1993-11-05,5.7,5.0,6.3,,,41,9.5,,1009.7,
1993-11-06,5.7,4.7,6.1,,,,3.6,,1004.4,
1993-11-07,7.6,5.8,10.0,,,,2.0,,1007.0,
1993-11-08,7.0,6.0,8.0,,,,3.8,,1015.8,
1993-11-09,6.4,5.0,8.0,,,,2.8,,1022.1,
1993-11-11,7.5,3.0,9.0,,,,8.3,,1021.3,
1993-11-13,2.8,1.5,5.0,,,,4.0,,,
1993-11-15,3.1,1.8,6.0,,,,16.2,,1025.6,
1993-11-16,2.0,1.0,3.0,,,,8.5,,,
1993-11-17,1.2,0.7,2.0,,,57,14.7,,1034.3,
1993-11-18,-0.5,-1.5,0.0,,,60,14.4,,1033.4,
1993-11-19,-2.5,-3.0,-1.8,,,42,16.3,,1028.2,
1993-11-20,-4.1,-5.0,-3.0,,,,9.3,,1020.8,
1993-11-21,-3.4,-6.0,0.0,,,,4.8,,1017.7,
1993-11-24,-2.4,-5.0,3.0,,,,2.9,,1025.8,
1993-11-26,-2.7,-3.2,-1.0,,,56,12.3,,1030.5,
1993-11-27,-2.5,-3.3,-2.0,,,,5.5,,1028.5,
1993-11-28,-3.0,-5.0,-2.0,,,,11.4,,1028.6,
1993-11-29,-3.5,-5.0,-1.0,,,,10.3,,1028.2,
1993-11-30,-5.0,-8.0,-1.0,,,,2.9,,1020.0,
1993-12-04,2.2,-2.0,11.0,,,,6.7,,1025.4,
1993-12-05,4.7,1.0,8.0,,,,5.7,,,
1993-12-06,1.8,0.0,3.0,,,,5.3,,1028.6,
1993-12-07,2.6,0.7,5.0,,,,8.9,,1019.9,
1993-12-08,6.2,3.0,11.0,,,238,23.6,,1013.6,
1993-12-10,8.7,5.0,12.0,,,,16.8,,1016.8,
1993-12-12,3.1,1.7,6.0,,,233,19.2,,1022.3,
1993-12-16,3.9,2.0,5.0,,,233,20.2,,1004.2,
1993-12-17,5.3,3.0,8.0,,,242,26.7,,1019.7,
1993-12-18,6.8,3.0,9.0,,,,7.7,,1028.0,
1993-12-22,2.8,0.7,5.0,,,240,26.1,,1017.8,
1993-12-23,4.5,3.0,5.0,,,236,23.1,,1012.7,
1993-12-24,2.1,0.0,4.0,,,233,14.5,,999.3,
1993-12-25,1.0,0.0,3.0,,,,10.0,,999.5,
1993-12-26,-1.1,-2.3,0.0,,,,9.8,,1008.2,
1993-12-27,-1.1,-2.4,0.0,,,200,8.2,,1016.0,
1993-12-28,-1.9,-5.0,1.0,,,,4.4,,1018.3,
1993-12-30,6.7,4.0,10.0,,,221,17.5,,1021.5,
1993-12-31,8.4,6.0,11.0,,,229,20.5,,1014.3,
1994-01-03,6.1,5.0,9.0,,,204,10.6,,1010.4,
1994-01-07,4.4,2.0,9.0,,,,5.8,,997.0,
1994-01-08,3.6,2.8,4.3,,,,4.0,,1013.9,
1994-01-09,3.7,2.8,4.0,,,,4.2,,1014.1,
1994-01-10,2.6,1.9,4.0,,,,7.0,,1004.9,
1994-01-13,9.1,5.6,13.0,,,,15.7,,1021.7,
1994-01-16,1.0,-1.0,2.0,,,,2.8,,,
1994-01-19,-5.6,-8.0,-2.0,,,,3.0,,1031.3,
1994-01-22,-2.4,-5.0,2.0,,,,3.9,,1036.4,
1994-01-24,4.3,2.0,6.5,,,,10.7,,1025.8,
1994-01-27,5.7,3.8,9.0,,,236,23.5,,1027.2,
1994-01-29,-0.5,-6.0,3.0,,,,8.1,,1038.4,
1994-01-30,4.2,0.3,10.0,,,,8.3,,1031.5,
1994-01-31,4.3,-1.0,8.0,,,,5.3,,1027.9,
1994-02-01,0.4,-4.0,7.0,,,,3.7,,,
1994-02-02,4.0,2.0,7.0,,,,5.9,,1020.7,
1994-02-04,5.2,3.0,8.0,,,,4.4,,1000.3,
1994-02-05,3.6,0.0,8.0,,,,4.9,,1006.3,
1994-02-06,4.8,4.0,6.0,,,,5.0,,1015.1,
1994-02-07,4.2,3.0,5.1,,,,4.5,,1014.8,
1994-02-09,2.2,0.0,4.5,,,,4.8,,1029.8,
1994-02-10,2.2,1.0,4.0,,,215,10.3,,1023.4,
1994-02-11,0.8,-2.0,2.0,,,,7.3,,1024.6,
1994-02-12,-0.4,-2.0,1.0,,,,12.4,,1023.6,
1994-02-15,-3.6,-7.0,0.0,,,8,5.7,,1023.2,
1994-02-17,-1.1,-5.0,3.0,,,,4.4,,1022.2,
1994-02-20,-1.7,-6.0,3.0,,,,5.2,,1014.5,
1994-02-21,2.1,0.0,4.2,,,,6.8,,1015.0,
1994-02-22,4.0,0.0,10.0,,,,10.0,,1015.7,
1994-02-26,4.9,-1.2,14.0,,,,3.2,,1018.4,
1994-02-27,5.0,-2.0,13.0,,,,3.3,,,
1994-02-28,8.3,3.0,14.0,,,,3.9,,1010.9,
1994-03-03,8.1,5.4,11.0,,,,12.3,,1025.4,
1994-03-04,7.4,3.0,12.0,,,,11.3,,1030.8,
1994-03-05,5.9,-2.0,16.0,,,,4.4,,1024.9,
1994-03-06,9.0,5.0,12.0,,,,9.9,,1026.8,
1994-03-07,8.1,5.0,12.0,,,,7.9,,1027.3,
1994-03-12,10.2,7.0,15.0,,,,8.5,,1019.9,
1994-03-13,8.5,6.0,11.0,,,,25.8,,1018.8,
1994-03-15,10.1,7.0,13.0,,,240,21.5,,1023.5,
1994-03-16,7.8,6.0,9.0,,,253,20.7,,1020.9,
1994-03-20,7.4,6.0,10.0,,,,18.9,,1017.1,
1994-03-21,9.1,6.0,14.0,,,,8.6,,1015.6,
1994-03-25,16.2,10.0,21.0,,,261,14.4,,1015.0,
1994-03-27,5.7,0.0,11.0,,,,9.3,,1022.6,
1994-03-28,7.1,0.0,15.0,,,,4.9,,1021.8,
1994-03-30,12.4,4.0,22.0,,,,2.6,,1021.5,
1994-03-31,12.7,9.8,16.0,,,,10.9,,1013.2,
1994-04-01,9.8,5.9,15.0,,,,16.6,,1004.7,
1994-04-03,3.6,1.0,7.0,,,251,10.1,,,
1994-04-06,3.7,0.0,8.0,,,,8.4,,1014.1,
1994-04-07,5.9,2.0,12.0,,,,6.3,,1006.3,
1994-04-09,3.9,1.9,7.9,,,226,17.6,,1004.7,
1994-04-10,4.2,1.0,9.0,,,,8.3,,1002.5,
1994-04-15,3.1,0.0,6.0,,,,5.8,,1017.3,
1994-04-16,8.0,4.0,12.4,,,,8.4,,1013.0,
1994-04-18,5.3,4.0,7.0,,,19,11.3,,1011.4,
1994-04-20,8.7,3.0,16.0,,,,3.8,,1007.7,
1994-04-22,10.9,4.0,18.0,,,,4.0,,1012.4,
1994-04-23,12.5,4.0,21.0,,,,3.7,,,
1994-04-24,14.4,8.0,22.0,,,,5.2,,,
1994-04-25,11.3,8.0,15.0,,,,8.5,,1011.4,
1994-04-26,11.4,7.6,17.0,,,,8.9,,,
1994-04-28,13.8,7.0,21.0,,,,7.1,,1032.2,
1994-04-29,15.6,8.0,23.0,,,,10.7,,1029.1,
1994-05-01,15.7,11.2,20.0,,,,8.7,,1022.1,
1994-05-02,12.0,5.0,18.0,,,,10.8,,1022.9,
1994-05-03,14.0,4.0,24.0,,,,5.1,,1017.6,
1994-05-06,10.6,6.9,16.0,,,,6.3,,1023.5,
1994-05-07,13.2,5.0,22.0,,,,6.5,,1017.2,
1994-05-08,12.2,8.0,16.0,,,,5.2,,1012.7,
1994-05-09,11.1,10.0,12.0,,,,4.2,,1014.6,
1994-05-10,13.3,9.8,19.0,,,,4.4,,1015.5,
1994-05-12,12.6,10.0,16.0,,,,5.4,,1010.7,
1994-05-13,15.5,11.0,21.0,,,,6.4,,1011.3,
1994-05-15,16.2,10.0,24.0,,,,4.3,,1013.0,
1994-05-16,16.3,10.0,24.0,,,,5.3,,1009.9,
1994-05-17,15.7,11.0,21.0,,,,8.1,,,
1994-05-21,11.9,6.7,17.0,,,,4.5,,1010.7,
1994-05-22,16.1,12.3,21.0,,,,7.7,,1015.4,
1994-05-23,16.2,11.7,21.0,,,,5.6,,1012.9,
1994-05-24,16.8,13.0,23.0,,,,5.1,,,
1994-05-25,15.5,12.0,21.0,,,,8.5,,1014.1,
1994-05-31,14.9,7.0,24.0,,,,4.4,,1023.4,
1994-06-01,18.8,9.0,29.0,,,,3.6,,,
1994-06-02,18.8,13.0,28.0,,,,6.6,,,
1994-06-06,11.6,6.0,15.4,,,,7.2,,1024.6,
1994-06-08,17.8,9.0,26.0,,,,5.6,,1017.1,
1994-06-12,12.4,9.0,15.0,,,42,16.9,,1024.4,
1994-06-13,15.4,9.0,20.0,,,44,16.2,,1023.2,
1994-06-14,15.9,11.0,21.0,,,,6.1,,1020.9,
1994-06-16,18.5,11.0,24.0,,,,7.8,,1016.6,
1994-06-17,18.1,11.0,24.2,,,,6.5,,1016.5,
1994-06-18,19.9,9.0,29.0,,,,7.7,,1015.0,
1994-06-25,22.6,16.0,30.0,,,,6.1,,1012.4,
1994-06-26,19.6,15.0,26.0,,,,5.3,,1014.1,
1994-07-03,25.6,17.0,34.0,,,,2.3,,,
1994-07-09,19.1,15.4,25.0,,,,8.7,,,
1994-07-10,19.7,12.0,26.0,,,,13.4,,,
1994-07-11,20.7,12.0,28.0,,,,11.3,,,
1994-07-12,21.2,13.0,29.0,,,,4.3,,,
1994-07-13,22.8,15.0,31.0,,,,5.6,,,
1994-07-20,17.5,15.3,20.0,,,,5.5,,,
1994-07-25,23.5,17.4,31.0,,,,7.8,,,
1994-07-27,24.5,16.6,32.0,,,,4.3,,,
1994-07-28,23.9,17.0,33.0,,,,5.0,,,
1994-07-30,24.4,20.0,29.1,,,,7.8,,,
1994-07-31,22.0,17.9,30.0,,,,5.2,,,
1994-08-01,19.9,16.6,24.0,,,,7.5,,,
1994-08-02,20.9,15.0,28.0,,,,5.7,,,
1994-08-04,25.0,16.0,34.0,,,,3.8,,1018.0,
1994-08-08,20.5,16.3,26.1,,,,7.8,,1016.0,
1994-08-12,17.1,15.0,20.0,,,,11.0,,1015.5,
1994-08-13,17.7,12.9,23.0,,,,7.5,,1016.9,
1994-08-14,17.2,13.0,22.0,,,,5.3,,1020.4,
1994-08-15,16.3,9.9,23.0,,,6,7.6,,,
1994-08-16,17.7,9.0,26.0,,,,3.7,,1020.4,
1994-08-20,20.9,14.8,27.0,,,,7.5,,1014.6,
1994-08-21,20.9,13.8,29.0,,,,3.2,,1015.1,
1994-08-26,17.0,13.0,22.0,,,,5.2,,1013.5,
1994-08-27,18.4,13.0,25.0,,,,5.7,,1017.1,
1994-08-28,18.3,12.1,24.0,,,,5.4,,1015.6,
1994-09-01,17.8,15.7,23.0,,,,7.0,,1014.7,
1994-09-03,15.2,12.7,19.0,,,,5.5,,1018.3,
1994-09-06,19.2,13.8,25.1,,,,5.7,,1016.5,
1994-09-07,19.2,14.6,25.0,,,,7.5,,1011.2,
1994-09-09,14.0,9.0,19.0,,,245,16.9,,1014.4,
1994-09-11,16.5,11.8,20.0,,,,8.3,,1015.1,
1994-09-13,15.4,12.2,18.0,,,,5.9,,1014.5,
1994-09-14,13.5,11.0,16.0,,,,6.3,,,
1994-09-16,11.0,7.2,15.0,,,261,10.8,,1010.1,
1994-09-17,9.2,5.5,12.0,,,241,10.7,,1018.6,
1994-09-19,10.0,6.2,15.0,,,,3.9,,1022.1,
1994-09-25,17.0,14.0,21.0,,,,7.1,,1017.9,
1994-10-04,8.6,5.0,12.0,,,,6.8,,1016.6,
1994-10-05,6.4,3.0,12.0,,,,4.3,,1028.3,
1994-10-06,5.3,1.0,10.0,,,,10.8,,1034.7,
1994-10-07,3.8,-0.1,9.0,,,,7.5,,1027.6,
1994-10-08,4.4,0.0,8.0,,,,4.4,,1023.7,
1994-10-18,7.1,5.8,8.3,,,,9.2,,1019.0,
1994-10-23,11.2,9.0,15.0,,,,6.5,,1004.9,
1994-10-27,8.1,3.6,13.0,,,,9.9,,1015.5,
1994-10-28,5.5,2.3,7.0,,,,4.1,,1014.9,
1994-10-29,8.3,6.0,11.0,,,,7.7,,1016.8,
1994-10-31,13.8,9.0,20.0,,,,10.1,,1014.5,
1994-11-04,8.1,6.9,10.0,,,,5.2,,1015.6,
1994-11-11,8.1,7.0,9.0,,,,4.1,,1014.0,
1994-11-13,8.0,4.7,11.0,,,,5.2,,1022.0,
1994-11-14,8.7,6.3,12.0,,,,6.6,,1025.5,
1994-12-08,5.5,1.0,9.0,,,,5.9,,1023.9,
1994-12-11,10.3,8.3,12.2,,,,9.2,,1034.7,
1994-12-12,9.2,7.8,11.0,,,,7.9,,1034.2,
1994-12-16,1.0,-3.0,4.1,,,,4.1,,1032.8,
1994-12-17,3.9,2.7,7.0,,,,4.3,,1031.8,
1994-12-18,3.1,-0.3,7.0,,,,7.9,,1023.1,
1994-12-21,0.3,-1.6,2.0,,,,3.7,,1022.3,
1994-12-24,-2.7,-3.0,-1.7,,,,12.1,,1028.1,
1994-12-28,7.9,6.6,9.2,,,231,17.7,,1017.0,
1994-12-29,6.8,3.0,11.0,,,,8.4,,1016.1,
1995-01-02,-1.6,-2.3,0.0,,,246,17.2,,1016.7,
1995-01-06,-10.8,-14.7,-6.0,,,,2.5,,1025.1,
1995-01-15,-4.8,-9.0,0.0,,,,2.7,,1035.1,
1995-01-19,2.0,-3.2,6.0,,,,5.5,,1020.1,
1995-01-31,0.1,-4.0,5.0,,,,4.8,,,
1995-02-01,3.4,-2.3,11.0,,,,9.5,,1026.7,
1995-02-03,4.0,1.6,6.0,,,,5.3,,1034.5,
1995-02-04,4.0,0.4,7.0,,,,5.9,,1032.4,
1995-02-07,6.8,1.0,13.0,,,,5.9,,1020.0,
1995-02-10,6.6,3.0,10.0,,,,4.6,,1009.6,
1995-02-11,7.3,4.6,11.0,,,,12.4,,1013.3,
1995-02-12,8.4,3.0,13.0,,,,13.2,,1017.9,
1995-02-13,6.9,-0.3,14.0,,,,6.9,,1016.8,
1995-02-18,2.0,0.0,4.0,,,,6.9,,1019.3,
1995-02-19,4.1,1.0,6.4,,,210,13.8,,1026.2,
1995-02-24,2.7,-0.1,6.0,,,201,13.8,,,
1995-03-07,2.2,-0.9,6.0,,,238,12.3,,1017.1,
1995-03-14,5.0,2.6,8.1,,,,8.5,,1013.8,
1995-03-23,4.2,-3.1,14.0,,,,2.7,,1035.8,
1995-03-24,7.5,-1.7,18.0,,,,6.6,,1027.4,
1995-03-31,0.7,-4.9,6.3,,,,7.0,,1035.9,
1995-04-02,10.6,6.0,17.0,,,,4.9,,1032.0,
1995-04-03,11.1,1.6,22.0,,,,5.3,,1023.4,
1995-04-04,14.0,7.0,22.0,,,,9.1,,1019.9,
1995-04-09,5.1,0.6,10.0,,,,5.4,,1024.6,
1995-04-10,5.3,1.0,9.1,,,,4.2,,1022.5,
1995-04-13,7.3,5.8,11.0,,,,15.1,,1026.8,
1995-04-15,5.1,0.0,10.0,,,,5.8,,1024.4,
1995-04-18,10.7,7.9,13.0,,,,15.4,,1007.3,
1995-04-22,9.7,5.0,16.0,,,,9.2,,,
1995-04-24,12.6,7.0,19.0,,,,3.6,,1006.7,
1995-04-27,9.2,7.5,13.7,,,,10.1,,1007.1,
1995-05-02,13.2,8.0,18.4,,,,11.2,,1024.2,
1995-05-03,13.5,4.7,21.0,,,,7.0,,1025.9,
1995-05-05,15.3,5.5,24.0,,,,6.0,,1023.1,
1995-05-09,15.1,10.8,18.0,,,287,14.2,,1013.8,
1995-05-11,11.6,5.0,17.0,,,,9.2,,1005.2,
1995-05-16,11.1,7.1,16.0,,,,6.5,,1010.6,
1995-05-22,10.9,3.0,19.0,,,,8.5,,1021.4,
1995-05-23,14.6,5.0,24.0,,,,4.3,,1014.3,
1995-05-25,19.3,13.0,27.0,,,,5.3,,1011.3,
1995-05-31,12.1,11.0,13.2,,,,5.9,,1012.0,
1995-06-01,11.3,10.0,12.1,,,,6.9,,1013.8,
1995-06-13,11.4,9.8,15.2,,,,5.2,,1013.1,
1995-06-15,13.9,9.0,18.0,,,,5.5,,1016.4,
1995-06-19,19.6,13.9,25.0,,,,4.3,,1019.2,
1995-06-22,16.4,13.1,19.0,,,,7.6,,1020.7,
1995-06-25,15.5,10.0,21.0,,,,9.9,,1020.0,
1995-06-26,19.3,12.0,25.0,,,42,12.9,,1019.2,
1995-06-27,21.6,15.0,27.0,,,54,17.1,,1014.2,
1995-06-30,20.8,11.8,29.0,,,,4.9,,,
1995-07-01,21.3,13.7,29.0,,,,5.9,,1013.7,
1995-07-04,18.2,14.0,23.0,,,,7.0,,1012.4,
1995-07-05,18.5,15.0,23.4,,,,8.5,,1018.3,
1995-07-09,23.5,16.0,31.0,,,,4.0,,1016.9,
1995-07-12,21.5,15.9,27.2,,,,6.2,,1012.0,
1995-07-17,18.9,14.0,25.0,,,,4.6,,1015.6,
1995-07-25,21.1,15.0,27.0,,,,6.5,,1016.4,
1995-07-26,23.4,15.9,32.0,,,,4.1,,1012.5,
1995-07-28,21.2,17.9,25.8,,,,6.5,,1018.5,
1995-07-30,21.1,14.0,27.5,,,,8.7,,1013.1,
1995-08-01,22.4,15.7,29.0,,,,5.6,,1012.5,
1995-08-03,21.8,14.0,28.1,,,,10.0,,1012.9,
1995-08-06,20.9,14.9,27.0,,,,6.8,,1015.9,
1995-08-14,18.4,15.0,23.0,,,,5.3,,1017.4,
1995-08-15,18.6,14.0,23.4,,,,10.8,,1018.4,
1995-08-17,16.8,12.0,22.0,,,,13.9,,1015.9,
1995-08-19,18.3,13.0,26.0,,,,2.9,,1015.2,
1995-09-05,10.5,3.8,17.0,,,,4.0,,1007.8,
1995-09-11,15.1,10.2,21.1,,,,5.9,,1013.1,
1995-09-28,10.3,7.0,13.0,,,,7.0,,1020.8,
1995-09-30,6.1,0.7,13.0,,,,3.7,,1020.4,
1995-10-02,13.7,7.5,21.0,,,,5.2,,1020.9,
1995-10-04,15.7,12.0,23.0,,,,3.5,,1018.5,
1995-10-05,15.1,10.0,21.3,,,,4.6,,1017.2,
1995-10-20,10.7,7.0,16.0,,,,4.6,,1026.7,
1995-10-21,9.2,4.7,12.7,,,,10.9,,1024.7,
1995-10-28,13.9,9.9,20.0,,,,3.7,,1019.3,
1995-10-30,13.7,11.2,17.0,,,,5.1,,1018.0,
1995-11-03,6.1,4.0,8.0,,,,15.5,,1015.3,
1995-11-06,-1.9,-6.0,3.0,,,,4.1,,1035.1,
1995-11-08,4.6,2.0,8.0,,,,3.1,,1025.0,
1995-11-13,6.7,4.0,10.0,,,,3.8,,1017.4,
1995-11-20,1.9,-1.0,4.0,,,,7.2,,1028.7,
1995-11-24,3.1,0.0,6.0,,,,2.4,,1022.7,
1995-11-29,5.0,3.0,7.0,,,,4.6,,1021.7,
1995-12-17,-0.9,-2.3,0.4,,,,3.9,,,
1995-12-25,5.9,4.0,8.0,,,,7.7,,997.4,
1995-12-26,-0.1,-1.2,1.9,,,,7.6,,1001.4,
1995-12-28,-5.3,-7.2,-4.7,,,,9.7,,1015.5,
1995-12-29,-5.5,-6.0,-5.0,,,,8.4,,1016.9,
1996-01-01,0.7,0.0,2.0,,,,2.7,,1003.7,
1996-01-03,1.5,0.0,3.0,,,,5.4,,1022.4,
1996-01-05,-1.5,-3.0,0.0,,,,6.2,,1009.1,
1996-01-15,0.5,-0.2,1.0,,,,3.0,,1029.9,
1996-01-22,-2.4,-3.3,-1.8,,,48,10.6,,1018.8,
1996-01-23,-1.7,-3.0,0.0,,,,8.8,,1013.0,
1996-01-24,-0.8,-1.8,0.3,,,,7.9,,1009.6,
1996-01-25,-2.1,-3.0,-1.6,,,37,12.0,,1009.1,
1996-01-29,-1.7,-2.2,-1.0,,,45,12.9,,1018.5,
1996-02-07,-3.2,-8.0,1.0,,,,3.1,,999.6,
1996-02-09,-2.5,-7.0,1.0,,,,5.4,,1021.7,
1996-02-11,0.8,-3.9,4.3,,,,6.7,,1017.8,
1996-02-15,-1.0,-3.0,1.0,,,,9.0,,1033.5,
1996-02-20,-1.1,-4.0,1.0,,,,6.0,,1008.3,
1996-02-21,-1.1,-3.8,1.0,,,29,17.2,,1012.5,
1996-02-23,-5.6,-11.0,-2.0,,,,4.0,,1020.4,
1996-02-25,1.3,-5.4,9.0,,,,6.4,,1016.0,
1996-02-26,2.0,-4.0,13.0,,,,3.0,,1016.9,
1996-02-27,2.6,-4.0,13.0,,,,3.3,,1019.0,
1996-03-03,-1.3,-7.0,4.0,,,,5.3,,1019.8,
1996-03-04,-1.1,-5.0,4.0,,,,5.5,,1021.2,
1996-03-05,-0.3,-7.0,6.2,,,,6.2,,1025.5,
1996-03-06,0.5,-3.0,6.0,,,,7.7,,1024.3,
1996-03-12,-3.8,-6.0,-1.0,,,42,13.5,,1014.3,
1996-03-14,0.7,-6.7,8.0,,,,7.1,,1009.6,
1996-03-17,6.8,2.7,12.0,,,,3.8,,1014.6,
1996-03-18,6.7,4.6,9.0,,,,5.7,,1016.9,
1996-03-22,7.3,6.4,9.0,,,181,10.6,,1018.7,
1996-03-27,4.2,1.0,9.1,,,21,13.5,,1014.7,
1996-03-31,2.7,-1.0,7.0,,,,6.8,,1016.2,
1996-04-01,2.5,-3.9,8.3,,,,10.0,,,
1996-04-07,9.7,1.0,19.0,,,,2.9,,1019.7,
1996-04-10,9.7,2.2,17.0,,,,3.8,,1019.4,
1996-04-15,5.2,-2.0,12.0,,,,7.9,,,
1996-04-16,7.8,-2.0,16.0,,,,9.2,,1020.8,
1996-04-17,9.5,0.0,18.0,,,,4.4,,1012.2,
1996-04-18,12.3,8.6,18.0,,,,5.1,,1019.5,
1996-04-19,13.0,4.0,22.0,,,,4.2,,1020.3,
1996-04-20,14.6,5.0,24.0,,,,3.4,,1016.6,
1996-04-21,15.5,5.0,25.0,,,,5.4,,1013.6,
1996-04-23,15.2,10.0,21.7,,,,8.1,,1010.9,
1996-04-24,11.7,9.0,16.0,,,,6.2,,1020.8,
1996-04-26,11.9,4.0,18.0,,,,12.4,,1020.2,
1996-04-29,12.4,10.9,14.0,,,,4.9,,1005.6,
1996-05-04,9.5,7.0,13.0,,,,9.8,,1012.8,
1996-05-06,13.6,5.0,22.0,,,,3.6,,1011.7,
1996-05-07,15.7,6.0,23.0,,,,3.7,,1009.4,
1996-05-09,9.9,7.2,12.0,,,,9.5,,1011.2,
1996-05-14,11.5,8.4,15.0,,,,6.6,,1016.1,
1996-05-19,12.7,8.5,17.0,,,,6.0,,1008.0,
1996-05-22,11.4,6.0,17.0,,,,5.6,,1026.5,
1996-05-23,12.6,9.4,16.0,,,,6.0,,1023.1,
1996-05-24,17.4,8.0,25.5,,,,7.0,,1017.2,
1996-05-26,14.5,12.0,17.0,,,,11.7,,1017.2,
1996-05-30,16.9,8.0,27.0,,,,3.4,,1020.7,
1996-06-05,17.6,10.0,25.0,,,,8.3,,1024.9,
1996-06-06,21.7,13.0,31.0,,,,2.2,,1021.6,
1996-06-09,21.0,15.2,27.0,,,,4.7,,1021.7,
1996-06-11,23.0,14.9,30.0,,,,4.1,,1023.2,
1996-06-14,16.6,9.3,23.0,,,,12.7,,1027.0,
1996-06-15,17.2,9.0,24.0,,,,11.6,,1024.4,
1996-06-16,18.1,9.0,24.0,,,,10.4,,1020.7,
1996-06-17,18.8,9.0,28.0,,,,5.5,,1018.4,
1996-06-18,20.2,11.5,26.0,,,,8.6,,1014.3,
1996-06-23,10.0,8.4,13.5,,,,5.6,,1021.3,
1996-06-25,13.5,10.0,17.0,,,,9.4,,1022.6,
1996-06-26,14.4,9.7,19.0,,,,6.1,,1021.4,
1996-06-28,18.6,11.5,25.0,,,,6.3,,1021.0,
1996-07-03,15.5,8.4,22.0,,,,7.2,,,
1996-07-05,18.1,14.9,24.0,,,,9.1,,,
1996-07-06,14.7,13.4,16.2,,,,10.4,,,
1996-07-07,14.5,11.0,18.0,,,,9.1,,,
1996-07-10,13.2,11.0,16.0,,,,8.5,,,
1996-07-13,20.6,12.7,27.0,,,,3.5,,,
1996-07-14,21.7,13.9,29.0,,,,3.4,,,
1996-07-16,20.4,18.0,22.0,,,,12.2,,,
1996-07-17,17.2,11.0,23.2,,,28,10.1,,,
1996-07-18,17.9,9.0,24.8,,,,7.9,,,
1996-07-19,16.7,10.0,22.7,,,,11.4,,,
1996-07-21,16.3,8.0,23.0,,,,8.8,,,
1996-07-22,17.6,8.0,26.0,,,,5.8,,,
1996-07-23,19.8,10.0,28.0,,,,6.1,,,
1996-07-24,21.0,17.9,26.0,,,,11.0,,,
1996-07-25,19.2,15.0,24.0,,,,10.4,,1018.9,
1996-07-26,17.9,11.0,24.6,,,,10.7,,1020.4,
1996-07-29,21.2,14.8,29.0,,,,2.9,,1016.5,
1996-07-31,20.5,14.3,28.0,,,,4.4,,1017.9,
1996-08-01,21.9,13.9,31.0,,,,4.2,,1016.5,
1996-08-04,15.7,10.0,21.2,,,23,12.0,,1021.6,
1996-08-05,16.4,10.0,23.0,,,,6.1,,1015.4,
1996-08-07,17.9,16.4,19.0,,,,4.4,,1018.0,
1996-08-10,20.2,14.6,28.0,,,,5.4,,1012.0,
1996-08-14,16.3,14.0,21.0,,,,10.0,,1015.7,
1996-08-15,17.6,14.4,22.0,,,,5.3,,1018.0,
1996-08-19,18.5,11.0,25.2,,,,4.8,,1016.7,
1996-08-22,17.6,16.0,19.0,,,,7.1,,1013.1,
1996-08-23,19.5,14.0,26.0,,,,4.0,,1013.3,
1996-08-29,13.4,8.0,19.1,,,,7.3,,1016.8,
1996-08-30,13.6,7.9,20.0,,,,5.7,,1020.0,
1996-09-03,13.9,11.0,17.0,,,,11.2,,1017.6,
1996-09-04,15.2,10.3,20.0,,,,7.7,,1015.5,
1996-09-05,14.2,9.0,20.5,,,,5.2,,1016.3,
1996-09-06,13.1,7.9,19.0,,,,4.7,,1017.4,
1996-09-07,10.8,6.3,15.0,,,,9.3,,1021.8,
1996-09-10,10.0,1.8,18.0,,,,4.2,,1019.9,
1996-09-13,9.1,6.5,11.0,,,255,14.3,,1010.3,
1996-09-14,10.2,8.5,13.0,,,,10.4,,1019.7,
1996-09-15,11.3,5.8,17.0,,,,6.2,,1022.3,
1996-09-17,9.2,2.8,16.0,,,,10.4,,1016.4,
1996-09-20,11.3,9.0,14.0,,,,4.6,,1006.4,
1996-09-24,9.3,7.7,12.0,,,,6.1,,1012.6,
1996-09-25,9.1,5.0,15.0,,,,3.0,,1013.6,
1996-09-27,10.0,3.3,15.0,,,,7.8,,1019.2,
1996-09-30,13.7,7.0,23.0,,,,5.6,,1019.3,
1996-10-07,10.0,9.0,12.0,,,,8.6,,,
1996-10-14,9.6,3.0,19.0,,,,3.0,,1011.3,
1996-10-17,7.0,3.7,8.4,,,,3.3,,1012.2,
1996-10-20,8.2,5.0,10.4,,,,6.0,,1028.0,
1996-10-24,5.3,1.0,9.0,,,,4.9,,1026.3,
1996-10-27,9.1,4.0,16.0,,,,2.9,,1025.9,
1996-10-30,5.9,2.0,10.0,,,,8.8,,1029.3,
1996-11-02,8.9,4.8,14.0,,,,5.3,,1032.0,
1996-11-04,9.6,3.0,18.0,,,,6.1,,1018.4,
1996-11-09,4.3,-1.3,11.0,,,,5.2,,,
1996-11-10,3.4,-0.7,8.0,,,,2.5,,1020.0,
1996-11-12,9.7,4.3,15.0,,,,6.9,,1000.4,
1996-11-15,3.6,2.8,4.1,,,,11.1,,1020.0,
1996-11-16,4.2,3.4,5.0,,,,5.3,,1022.6,
1996-11-19,3.9,2.0,8.0,,,244,11.4,,1001.8,
1996-11-24,-0.6,-2.6,3.0,,,220,6.4,,1025.8,
1996-11-26,4.1,3.0,5.1,,,,13.6,,1006.3,
1996-11-27,2.6,0.0,4.0,,,,7.6,,1009.8,
1996-12-01,2.1,1.0,5.0,,,,6.2,,1020.2,
1996-12-04,2.0,-1.0,9.0,,,,4.4,,1012.6,
1996-12-06,-0.9,-3.3,2.0,,,,3.2,,1020.0,
1996-12-12,0.2,-0.8,1.0,,,,3.9,,1017.0,
1996-12-16,-0.5,-3.0,1.3,,,,2.7,,1020.6,
1996-12-17,3.6,0.6,7.0,,,,7.6,,1017.6,
1996-12-18,6.0,0.1,12.0,,,,4.7,,1012.4,
1996-12-23,1.5,0.5,3.0,,,,4.7,,1001.7,
1996-12-26,-7.1,-9.0,-5.0,,,53,23.7,,1034.5,
1996-12-27,-10.4,-12.0,-9.0,,,28,10.9,,1032.5,
1996-12-31,-7.7,-10.0,-6.0,,,,5.3,,1013.1,
1997-01-01,-9.1,-10.3,-8.0,,,,7.2,,1017.9,
1997-01-14,-5.6,-6.5,-3.0,,,,3.0,,1031.5,
1997-01-18,-2.9,-7.6,16.0,,,,2.6,,,
1997-02-07,1.9,-5.0,12.0,,,,3.3,,1035.0,
1997-02-08,2.8,-2.0,13.0,,,,5.0,,1035.4,
1997-02-09,2.4,-5.0,12.0,,,,4.3,,1033.3,
1997-02-10,4.3,-3.0,14.0,,,,8.2,,1027.7,
1997-02-16,-0.3,-3.0,4.0,,,,4.5,,1027.0,
1997-02-20,7.5,4.0,10.5,,,,13.5,,1028.2,
1997-02-23,5.5,-1.8,13.0,,,,5.3,,,
1997-03-01,8.0,1.6,17.0,,,185,6.6,,1031.0,
1997-03-04,12.1,6.0,21.0,,,,5.1,,1032.3,
1997-03-06,6.8,4.0,11.0,,,,6.8,,1032.6,
1997-03-07,5.3,0.0,10.0,,,,6.1,,1033.0,
1997-03-08,3.7,-0.9,7.0,,,,4.5,,1034.4,
1997-03-12,9.6,0.7,18.0,,,,6.4,,1031.5,
1997-03-15,8.6,6.6,11.1,,,,8.3,,1027.2,
1997-03-17,10.7,5.8,17.0,,,,7.4,,1026.8,
1997-03-20,4.1,1.8,6.0,,,,13.1,,1018.1,
1997-03-22,4.8,0.0,9.4,,,,7.6,,1025.6,
1997-03-28,8.7,2.0,12.0,,,272,13.3,,1017.6,
1997-03-30,5.3,1.0,9.0,,,,5.4,,1026.4,
1997-03-31,6.7,0.7,13.2,,,,9.7,,1026.6,
1997-04-01,9.4,1.0,17.1,,,43,10.7,,1022.4,
1997-04-08,5.5,-2.4,13.4,,,,9.5,,1029.9,
1997-04-11,11.2,3.0,19.0,,,,12.9,,1022.8,
1997-04-12,4.8,-1.4,11.0,,,19,9.1,,1025.1,
1997-04-13,5.7,-0.5,11.0,,,,9.1,,1024.9,
1997-04-14,7.3,-1.0,16.0,,,,4.9,,1022.6,
1997-04-16,5.1,0.0,10.0,,,,7.3,,1023.6,
1997-04-18,6.8,-3.0,15.2,,,,5.5,,1018.9,
1997-04-19,9.2,0.0,17.0,,,,9.2,,1010.0,
1997-04-21,3.4,-1.0,8.2,,,62,16.7,,1012.9,
1997-04-28,12.2,8.9,16.7,,,243,12.7,,1016.4,
1997-05-08,6.6,3.0,10.7,,,,11.9,,1007.3,
1997-05-10,11.6,6.0,17.0,,,,8.7,,1016.1,
1997-05-11,14.3,5.7,23.0,,,,6.6,,1014.7,
1997-05-12,13.2,10.3,16.0,,,,7.3,,1022.2,
1997-05-13,13.7,6.4,19.0,,,,2.3,,1022.8,
1997-05-14,15.9,7.8,23.0,,,,2.6,,1019.6,
1997-05-16,20.1,10.8,28.0,,,,4.3,,1014.0,
1997-05-17,20.3,12.7,28.0,,,,5.4,,1013.3,
1997-05-18,15.2,9.2,18.0,,,,9.0,,1014.4,
1997-05-21,14.3,10.3,19.0,,,251,12.2,,1011.6,
1997-05-27,15.9,7.0,24.0,,,,6.0,,1018.6,
1997-05-28,12.1,6.7,16.0,,,43,13.5,,1023.2,
1997-05-29,13.3,5.5,20.0,,,,11.7,,1025.0,
1997-05-30,14.4,5.4,20.0,,,,10.6,,1024.4,
1997-06-01,10.9,7.6,14.0,,,,13.6,,1013.1,
1997-06-02,15.1,9.6,22.0,,,,3.5,,1011.6,
1997-06-04,16.4,9.0,23.0,,,,5.1,,1016.0,
1997-06-06,18.5,12.6,25.0,,,,4.8,,1010.4,
1997-06-09,19.8,12.0,27.0,,,,4.0,,1022.5,
1997-06-10,21.6,13.0,29.0,,,,4.5,,1017.3,
1997-06-15,17.4,12.0,22.0,,,,6.7,,1018.3,
1997-06-16,17.1,11.0,24.0,,,,9.2,,1017.6,
1997-06-18,14.8,9.0,19.0,,,178,8.6,,1017.7,
1997-06-19,12.4,9.1,15.0,,,,4.8,,1011.7,
1997-06-23,13.2,10.8,17.0,,,256,13.2,,1011.7,
1997-06-30,14.5,11.4,19.0,,,,11.2,,1007.4,
1997-07-03,16.1,13.5,19.0,,,,4.2,,1016.0,
1997-07-04,14.9,12.8,20.0,,,,5.9,,1020.0,
1997-07-07,15.1,11.0,21.0,,,,3.2,,1025.8,
1997-07-10,18.3,12.0,25.0,,,,7.2,,1013.1,
1997-07-25,16.8,14.0,18.0,,,245,9.1,,1015.3,
1997-07-26,17.0,13.3,22.2,,,,5.1,,1019.1,
1997-07-27,18.7,11.6,25.0,,,,6.6,,1020.9,
1997-07-28,20.4,15.8,27.0,,,,3.9,,1021.5,
1997-07-29,19.1,12.5,26.0,,,,4.0,,1020.6,
1997-07-30,20.0,12.6,28.0,,,,3.2,,1019.3,
1997-07-31,18.1,13.0,22.0,,,,9.6,,1017.5,
1997-08-04,21.9,13.2,30.0,,,,3.6,,1017.1,
1997-08-05,22.4,16.0,30.0,,,,4.4,,1015.0,
1997-08-06,20.4,18.0,24.0,,,,4.6,,1013.8,
1997-08-07,20.6,16.8,25.6,,,,6.6,,1014.1,
1997-08-08,19.5,16.0,25.2,,,,3.7,,1017.5,
1997-08-10,20.7,13.0,27.8,,,,10.1,,1017.8,
1997-08-11,21.3,13.5,28.3,,,,8.4,,1016.0,
1997-08-18,18.7,13.0,25.0,,,,3.5,,1018.4,
1997-08-21,19.8,13.0,28.0,,,,3.2,,1019.5,
1997-08-22,20.5,11.8,30.0,,,,2.3,,1021.1,
1997-08-23,20.9,11.8,29.0,,,,2.6,,1018.6,
1997-08-24,23.2,16.0,31.0,,,,3.3,,1015.7,
1997-08-30,13.7,10.7,18.0,,,176,7.7,,1021.2,
1997-09-01,20.2,12.0,28.0,,,,3.3,,1016.9,
1997-09-03,18.6,16.0,22.0,,,328,6.6,,1019.8,
1997-09-06,18.6,15.8,23.0,,,,4.2,,1021.4,
1997-09-07,16.4,12.5,21.0,,,,3.0,,1025.7,
1997-09-08,15.0,9.0,23.0,,,,4.2,,1026.6,
1997-09-19,15.9,8.7,24.0,,,,1.6,,1023.5,
1997-09-22,12.5,7.0,19.0,,,,4.8,,1023.5,
1997-09-23,13.0,7.2,19.0,,,,4.6,,1022.8,
1997-09-24,12.2,5.2,20.8,,,,6.7,,1023.1,
1997-10-01,16.2,8.1,24.0,,,,6.2,,1020.5,
1997-10-02,17.0,12.0,23.0,,,,13.4,,1015.6,
1997-10-03,13.0,7.4,18.0,,,,5.0,,1019.6,
1997-10-11,12.1,9.9,14.0,,,,8.1,,,
1997-10-13,7.7,6.0,12.0,,,,8.9,,1014.1,
1997-10-15,5.9,5.0,7.0,,,,8.3,,,
1997-10-26,3.5,-3.0,10.0,,,15,5.2,,1026.7,
1997-10-27,4.5,0.8,9.5,,,,11.6,,1024.7,
1997-10-28,1.2,-1.6,5.0,,,63,20.0,,1028.4,
1997-10-30,-1.1,-4.0,4.0,,,,6.3,,1029.3,
1997-11-07,9.8,4.8,14.0,,,,6.8,,998.7,
1997-11-08,6.3,2.0,10.0,,,,6.6,,1004.7,
1997-11-09,4.1,-0.3,9.1,,,,6.6,,1005.2,
1997-11-11,5.4,0.0,9.0,,,,4.8,,1004.2,
1997-11-20,5.6,0.8,9.0,,,,5.6,,,
1997-11-24,2.5,0.0,4.0,,,35,6.7,,,
1997-11-27,2.3,1.0,3.4,,,,3.9,,,
1997-12-01,5.3,3.7,6.0,,,,5.8,,,
1997-12-02,2.1,-0.1,4.0,,,,6.6,,,
1997-12-04,-1.0,-3.0,1.0,,,,4.5,,,
1997-12-05,0.3,-0.6,2.0,,,37,7.1,,,
1997-12-07,-1.8,-6.0,3.0,,,,2.1,,,
1997-12-13,4.0,-1.0,6.0,,,,9.5,,,
1997-12-18,1.9,0.5,4.0,,,329,7.2,,1009.4,
1997-12-25,9.9,3.0,13.2,,,,10.6,,1021.2,
1997-12-26,7.8,5.9,12.0,,,249,19.6,,1013.6,
1997-12-30,-0.4,-5.1,5.0,,,,2.5,,1017.5,
1998-02-04,-3.0,-5.0,0.3,,,,6.5,,1014.7,
1998-02-09,-0.3,-6.0,8.0,,,,3.1,,,
1998-02-10,2.5,-3.5,12.0,,,,5.6,,,
1998-02-11,3.3,-4.0,13.1,,,,3.9,,1035.5,
1998-02-12,5.0,-1.6,13.0,,,,8.6,,1035.8,
1998-02-18,1.9,-2.7,7.0,,,,2.6,,1037.8,
1998-02-19,5.0,-2.0,14.3,,,,8.3,,1033.2,
1998-02-22,5.7,4.0,8.0,,,,5.9,,1022.5,
1998-02-25,7.8,4.6,10.2,,,,6.8,,1035.8,
1998-02-26,6.2,1.0,8.5,,,,3.8,,1034.2,
1998-02-27,5.5,0.0,11.2,,,,7.6,,1027.9,
1998-03-01,3.1,0.2,5.0,,,,7.7,,1020.8,
1998-03-02,3.9,-1.0,9.0,,,,8.1,,1025.3,
1998-03-06,6.1,0.0,11.0,,,,10.3,,1025.7,
1998-03-08,6.6,4.8,9.0,,,254,15.3,,1011.1,
1998-03-09,2.2,-2.3,5.0,,,,13.5,,1021.9,
1998-03-11,0.6,-5.0,6.0,,,,2.9,,1016.6,
1998-03-13,2.6,0.4,6.0,,,,4.4,,1027.9,
1998-03-14,3.9,0.7,7.0,,,,6.3,,1030.0,
1998-03-15,5.7,3.9,8.0,,,,6.3,,1030.2,
1998-03-20,4.8,0.0,9.8,,,,6.3,,1035.0,
1998-03-21,4.4,0.0,6.0,,,41,9.3,,1030.5,
1998-03-22,1.8,-4.0,7.6,,,,7.7,,1031.7,
1998-03-25,0.1,-6.0,5.5,,,,11.5,,1031.6,
1998-03-26,2.7,-5.0,11.3,,,,3.5,,1024.6,
1998-03-28,7.9,-1.0,17.0,,,,3.5,,1020.0,
1998-03-29,11.4,2.9,20.6,,,,4.1,,1013.6,
1998-04-01,12.5,6.6,17.7,,,,7.1,,1015.2,
1998-04-03,12.7,8.9,19.0,,,,7.2,,1003.9,
1998-04-06,9.5,4.5,15.0,,,,9.0,,1011.2,
1998-04-09,7.6,1.5,14.0,,,,5.0,,1001.1,
1998-04-10,6.3,4.0,10.0,,,,8.8,,996.4,
1998-04-11,7.1,3.1,11.0,,,,9.1,,999.4,
1998-04-15,4.7,-1.2,11.0,,,,5.4,,1002.5,
1998-04-16,6.8,2.8,11.0,,,,9.6,,1000.1,
1998-04-17,6.1,3.0,10.0,,,,6.7,,993.3,
1998-04-18,3.9,1.0,6.0,,,,11.5,,1002.1,
1998-04-23,13.7,5.0,22.0,,,,4.9,,1014.5,
1998-04-24,13.3,11.7,16.0,,,,8.2,,1020.3,
1998-04-25,14.0,5.0,21.0,,,,4.1,,1019.9,
1998-04-26,15.1,8.9,20.0,,,,6.5,,1009.0,
1998-04-28,7.4,6.0,9.0,,,,5.4,,1009.2,
1998-05-05,8.9,1.0,16.5,,,332,7.4,,1012.5,
1998-05-07,13.4,4.0,21.3,,,,3.7,,1020.3,
1998-05-09,17.8,10.6,25.0,,,,3.5,,1024.0,
1998-05-13,19.7,10.6,28.1,,,,6.1,,1018.3,
1998-05-18,12.6,4.3,20.0,,,,12.1,,1024.4,
1998-05-19,14.0,7.0,20.5,,,,11.9,,1024.1,
1998-05-20,15.6,7.0,23.0,,,,6.8,,1019.0,
1998-05-23,12.3,6.0,18.0,,,26,9.0,,1018.6,
1998-05-24,12.9,5.0,18.0,,,,7.2,,1013.3,
1998-05-28,15.8,9.6,21.6,,,,6.4,,1007.3,
1998-05-29,14.6,12.0,18.0,,,,4.8,,1012.4,
1998-05-30,16.9,8.0,25.0,,,,4.4,,1012.3,
1998-05-31,16.5,11.9,23.0,,,,8.6,,1012.4,
1998-06-01,15.8,9.0,22.0,,,,2.8,,1015.7,
1998-06-06,22.5,13.6,32.0,,,,5.5,,1012.4,
1998-06-08,16.4,12.8,21.0,,,,5.1,,1020.4,
1998-06-09,17.2,8.0,24.0,,,,3.3,,1017.7,
1998-06-12,9.8,8.4,12.0,,,,10.9,,1015.1,
1998-06-13,10.8,6.0,16.0,,,,4.9,,1020.0,
1998-06-18,15.7,8.8,22.0,,,,5.5,,1026.5,
1998-06-19,17.5,8.2,25.3,,,,1.9,,1025.1,
1998-06-20,20.6,10.9,30.0,,,,1.7,,1022.9,
1998-06-21,23.5,13.6,32.0,,,,4.7,,1021.2,
1998-06-28,17.6,16.4,19.0,,,,7.9,,1018.5,
1998-06-29,19.3,14.8,24.0,,,,5.1,,1019.3,
1998-06-30,18.6,11.9,25.0,,,,6.3,,1015.4,
1998-07-04,16.8,11.6,21.2,,,,9.1,,1021.9,
1998-07-05,17.6,13.1,22.0,,,,9.0,,1019.9,
1998-07-06,19.0,12.0,25.1,,,,8.0,,1013.4,
1998-07-07,17.3,12.8,23.0,,,,9.4,,1008.3,
1998-07-08,13.2,11.0,16.0,,,,10.4,,1015.2,
1998-07-11,18.0,15.0,21.4,,,,10.9,,1015.6,
1998-07-14,15.9,11.0,21.1,,,,9.2,,1015.0,
1998-07-15,15.9,10.0,21.2,,,,7.9,,1017.0,
1998-07-18,20.9,15.6,26.9,,,,7.2,,1015.5,
1998-07-19,22.6,13.0,32.0,,,,4.5,,1015.1,
1998-07-20,25.5,17.0,34.5,,,,4.2,,1014.1,
1998-07-21,23.3,17.0,31.0,,,,7.4,,1012.5,
1998-07-23,23.0,15.0,31.0,,,,6.5,,1016.6,
1998-07-24,21.4,17.0,26.6,,,,5.3,,1018.5,
1998-07-25,20.3,15.0,25.3,,,,6.8,,1018.3,
1998-07-26,21.0,13.6,29.0,,,,2.8,,1015.0,
1998-07-28,17.6,15.4,20.8,,,,8.7,,1014.7,
1998-07-29,19.2,14.8,24.0,,,,8.5,,1012.9,
1998-07-31,16.9,14.0,21.0,,,,5.3,,1016.8,
1998-08-06,18.7,11.0,26.0,,,,9.3,,1025.8,
1998-08-07,19.3,10.0,28.0,,,,5.9,,1022.8,
1998-08-08,21.3,11.0,31.0,,,,3.0,,1019.2,
1998-08-09,23.2,14.0,33.0,,,,2.9,,1016.7,
1998-08-10,24.1,15.0,33.0,,,,2.5,,1017.1,
1998-08-12,25.5,17.0,33.5,,,,4.4,,1015.5,
1998-08-17,23.1,14.4,32.0,,,,3.4,,1017.2,
1998-08-20,19.9,13.5,26.2,,,,5.0,,1016.8,
1998-08-22,16.2,14.4,19.0,,,260,14.9,,1012.8,
1998-08-23,16.5,11.0,21.4,,,,5.6,,1016.3,
1998-08-25,15.7,12.2,21.3,,,,4.9,,1020.6,
1998-08-26,14.8,8.0,22.4,,,,5.7,,1017.6,
1998-08-27,13.3,11.0,15.0,,,,7.8,,1016.7,
1998-08-28,10.9,5.0,17.0,,,,5.8,,1020.1,
1998-08-30,12.4,4.9,19.0,,,,5.1,,1020.0,
1998-09-02,18.2,13.7,25.0,,,,3.7,,,
1998-09-04,17.0,13.0,22.0,,,,2.8,,1013.2,
1998-09-06,15.5,12.1,20.0,,,,6.6,,1013.3,
1998-09-08,15.8,11.0,22.0,,,,4.3,,1012.3,
1998-09-09,18.7,11.5,26.4,,,,4.7,,1012.6,
1998-09-10,18.7,15.6,23.0,,,,6.1,,1011.3,
1998-09-11,14.4,12.2,16.0,,,,5.2,,1008.6,
1998-09-12,11.2,9.0,12.0,,,224,12.1,,1000.8,
1998-09-14,8.8,7.0,11.6,,,251,20.3,,1004.8,
1998-09-18,12.6,9.7,17.0,,,,3.2,,1023.9,
1998-09-20,12.1,5.0,18.2,,,31,12.7,,1030.3,
1998-09-21,12.4,6.0,17.0,,,,9.4,,1028.2,
1998-09-22,10.7,6.7,15.0,,,,5.2,,1023.9,
1998-09-26,14.1,9.9,19.0,,,,4.2,,1007.7,
1998-09-28,13.9,12.0,17.0,,,,11.1,,1008.1,
1998-09-29,13.7,11.0,18.0,,,,5.3,,1009.7,
1998-10-05,10.6,8.6,13.0,,,,4.6,,1007.6,
1998-10-08,9.4,8.0,11.0,,,,3.8,,1017.8,
1998-10-09,10.5,6.6,14.0,,,,3.7,,1021.2,
1998-10-11,11.4,10.0,13.0,,,254,14.4,,1017.2,
1998-10-18,11.0,9.0,14.0,,,,5.1,,1019.0,
1998-10-20,6.1,2.8,11.0,,,,4.6,,1025.2,
1998-10-21,5.4,-0.6,11.2,,,,3.7,,1027.4,
1998-10-23,9.9,4.0,16.0,,,,8.7,,1025.3,
1998-10-24,11.8,9.0,14.2,,,,8.3,,1016.9,
1998-10-25,11.4,6.6,15.0,,,,16.4,,1003.9,
1998-10-26,7.8,6.0,12.0,,,,14.2,,1015.0,
1998-10-28,14.2,10.5,18.0,,,253,33.4,,1014.6,
1998-10-29,11.8,6.0,18.0,,,253,29.3,,1015.3,
1998-11-02,7.6,4.0,12.0,,,,3.8,,1010.1,
1998-11-07,4.8,0.0,10.0,,,,3.3,,1031.1,
1998-11-08,3.8,-3.4,10.8,,,,3.8,,1029.7,
1998-11-09,9.1,6.9,11.0,,,,6.0,,1025.6,
1998-11-16,3.1,2.0,4.0,,,245,12.0,,1022.2,
1998-11-22,-6.2,-9.0,-4.0,,,,10.7,,1030.0,
1998-11-24,-3.6,-6.0,0.0,,,,1.7,,1024.3,
1998-11-25,-1.5,-5.3,3.0,,,,2.7,,1020.2,
1998-11-26,0.9,-1.4,4.0,,,,2.5,,1022.6,
1998-11-30,0.2,-0.2,1.0,,,,6.2,,1021.1,
1998-12-01,0.4,-1.1,1.0,,,66,12.7,,1027.6,
1998-12-03,-2.6,-3.2,-2.0,,,,4.6,,1022.9,
1998-12-13,8.3,5.0,11.0,,,237,15.2,,1032.2,
1998-12-14,6.1,3.0,11.0,,,,6.1,,1035.5,
1998-12-15,2.4,-2.0,9.0,,,,2.8,,1033.5,
1998-12-19,3.5,-3.1,9.3,,,229,13.2,,1019.9,
1998-12-20,1.3,-1.0,2.3,,,,5.7,,1010.9,
1998-12-21,0.4,-3.0,3.0,,,,5.7,,,
1998-12-24,-1.0,-4.0,1.2,,,,4.5,,1026.1,
1998-12-26,3.2,0.3,7.0,,,,5.7,,1027.2,
1998-12-28,6.5,1.0,11.0,,,,7.5,,1017.4,
1998-12-31,-1.0,-2.4,1.2,,,,4.7,,1016.2,
1999-01-01,-1.5,-3.1,0.0,,,,2.4,,1015.7,
1999-01-02,-0.5,-5.2,5.0,,,,4.2,,1015.9,
1999-01-07,5.2,-2.2,11.4,,,,13.3,,1016.8,
1999-01-08,7.3,4.6,10.0,,,262,16.5,,1008.9,
1999-01-12,-2.4,-4.9,0.0,,,,7.7,,1018.1,
1999-01-16,3.7,-1.2,11.0,,,,7.2,,1016.6,
1999-01-17,2.4,-2.9,10.0,,,,6.1,,1016.9,
1999-01-24,-0.2,-4.0,6.0,,,,4.0,,1028.9,
1999-01-26,6.3,3.5,9.0,,,,12.1,,1017.5,
1999-01-31,-5.2,-7.0,-3.0,,,38,11.4,,1038.1,
1999-02-01,-5.6,-9.0,-2.0,,,,5.5,,,
1999-02-02,-2.1,-6.6,1.0,,,,2.8,,,
1999-02-04,3.8,1.0,7.0,,,,6.6,,,
1999-02-12,-9.8,-16.0,-6.0,,,,7.0,,,
1999-02-13,-7.7,-13.0,-3.9,,,32,10.6,,,
1999-02-20,6.4,5.2,7.0,,,239,22.3,,,
1999-02-26,0.6,-2.0,4.0,,,,3.2,,,
1999-03-02,8.9,6.5,11.3,,,240,19.2,,,
1999-03-03,9.5,4.8,13.8,,,,11.3,,,
1999-03-04,3.2,0.6,6.0,,,246,7.5,,,
1999-03-05,3.4,1.5,6.0,,,,10.7,,,
1999-03-06,2.8,0.9,5.6,,,,8.7,,,
1999-03-09,7.4,0.8,13.0,,,,11.3,,,
1999-03-10,9.1,5.0,13.5,,,,6.7,,,
1999-03-11,7.6,4.9,9.7,,,,6.8,,,
1999-03-12,8.0,3.0,14.0,,,,4.5,,,
1999-03-15,9.1,2.2,15.0,,,,6.5,,,
1999-03-17,4.2,0.0,9.0,,,,15.9,,,
1999-03-20,4.1,1.7,7.0,,,,2.6,,,
1999-03-21,5.1,-0.2,11.4,,,,8.0,,,
1999-03-26,10.2,4.7,15.0,,,,5.0,,,
1999-03-27,5.7,2.8,8.0,,,,7.8,,,
1999-03-30,8.3,5.0,12.0,,,,5.0,,,
1999-04-02,10.0,2.3,18.0,,,,5.5,,,
1999-04-04,11.9,10.0,16.0,,,,8.3,,,
1999-04-08,7.8,5.4,12.2,,,,8.8,,,
1999-04-09,8.8,4.4,13.0,,,,8.1,,,
1999-04-16,1.5,0.2,3.4,,,,3.0,,1009.5,
1999-04-17,4.2,1.2,8.9,,,,5.2,,1007.3,
1999-04-18,3.6,-0.5,7.6,,,208,9.2,,1014.8,
1999-04-19,4.4,0.8,10.1,,,250,9.2,,1019.6,
1999-04-20,5.9,-0.2,12.1,,,,4.0,,1016.5,
1999-04-21,9.3,7.3,11.7,,,180,8.5,,1010.4,
1999-04-22,11.2,7.5,15.7,,,210,10.0,,1014.7,
1999-04-23,10.2,4.2,16.4,,,295,8.2,,1015.1,
1999-04-24,9.8,7.9,12.9,,,292,7.6,,,
1999-04-25,11.0,7.4,16.6,,,,5.0,,1016.0,
1999-04-26,11.8,3.1,19.6,,,,6.6,,1011.9,
1999-04-27,12.8,9.0,18.2,,,,10.3,,,
1999-04-28,12.6,7.8,17.1,,,37,14.0,,1017.2,
1999-04-29,14.9,7.8,21.8,,,341,10.9,,1010.9,
1999-04-30,13.5,10.2,17.8,,,260,8.5,,1015.6,
1999-05-01,14.5,8.8,21.0,,,,5.3,,,
1999-05-02,14.5,5.9,22.4,,,14,6.6,,1017.8,
1999-05-03,16.5,8.2,23.7,,,23,15.2,,1015.5,
1999-05-04,16.5,12.0,19.6,,,23,15.7,,1006.5,
1999-05-05,14.5,9.6,19.1,,,229,5.9,,1009.8,
1999-05-06,15.2,11.9,19.1,,,,6.4,,1016.5,
1999-05-07,15.1,6.9,23.0,,,,4.4,,,
1999-05-08,13.7,12.2,15.8,,,211,6.7,,1015.0,
1999-05-09,15.0,11.2,20.1,,,66,5.8,,1019.1,
1999-05-10,14.7,6.9,23.0,,,,5.5,,1017.5,
1999-05-11,14.2,13.0,14.9,,,,5.5,,1017.1,
1999-05-12,13.5,12.1,14.9,,,,5.0,,1014.4,
1999-05-13,13.8,11.3,17.0,,,,4.9,,1014.5,
1999-05-14,12.7,11.3,14.1,,,,4.7,,,
1999-05-15,13.4,9.0,17.9,,,1,6.0,,1013.0,
1999-05-16,12.3,5.9,16.7,,,48,12.7,,1015.6,
1999-05-17,11.0,7.4,16.4,,,,9.8,,1012.2,
1999-05-18,14.6,8.5,20.0,,,346,9.4,,1011.1,
1999-05-19,12.8,9.1,15.5,,,,8.4,,1012.5,
1999-05-20,11.9,7.7,16.0,,,293,6.2,,1013.2,
1999-05-21,11.3,10.7,12.2,,,241,10.2,,1014.1,
1999-05-22,12.3,10.6,14.2,,,,7.3,,1019.0,
1999-05-23,12.6,10.0,15.6,,,,4.1,,,
1999-05-24,15.7,10.2,21.8,,,346,5.2,,1021.5,
1999-05-25,16.3,9.4,23.7,,,,6.5,,1018.6,
1999-05-26,17.9,10.8,24.1,,,,3.6,,1018.4,
1999-05-27,19.6,10.9,27.5,,,,3.2,,1017.4,
1999-05-28,20.3,15.5,25.2,,,,7.7,,1021.6,
1999-05-29,20.5,11.7,28.7,,,,5.9,,1019.4,
1999-05-30,21.9,13.6,28.3,,,227,5.9,,1016.0,
1999-05-31,20.4,14.8,27.2,,,,6.6,,1018.8,
1999-06-01,21.2,14.2,28.2,,,,2.7,,1018.3,
1999-06-02,20.5,13.9,28.5,,,253,9.3,,1014.7,
1999-06-03,18.4,13.5,25.0,,,233,7.6,,,
1999-06-04,14.9,12.5,18.3,,,258,10.1,,,
1999-06-05,12.8,7.8,19.1,,,,6.6,,1012.1,
1999-06-06,11.1,9.2,12.7,,,217,7.5,,1014.3,
1999-06-07,14.4,9.9,21.0,,,,4.8,,1016.6,
1999-06-11,14.4,11.9,17.9,,,13,5.5,,1022.1,
1999-06-12,15.1,9.0,20.8,,,,6.5,,1021.0,
1999-06-13,16.3,10.8,22.3,,,,4.2,,1018.9,
1999-06-14,13.9,11.5,17.3,,,332,7.1,,1019.9,
1999-06-15,16.1,11.2,19.4,,,,8.7,,1021.7,
1999-06-16,17.4,11.2,22.6,,,29,9.9,,1021.3,
1999-06-17,18.3,10.7,23.9,,,,5.5,,1019.3,
1999-06-18,16.0,13.1,19.9,,,,4.7,,1019.0,
1999-06-19,13.4,8.0,18.7,,,9,7.9,,,
1999-06-20,14.1,6.1,21.1,,,,6.6,,1018.0,
1999-06-21,13.2,8.7,16.8,,,,11.3,,1014.1,
1999-06-22,11.0,8.4,14.1,,,264,8.3,,1021.8,
1999-06-23,12.4,3.9,19.6,,,,9.9,,1022.3,
1999-06-24,15.6,6.7,22.7,,,,8.0,,1022.4,
1999-06-25,17.3,8.1,25.8,,,,3.9,,1018.9,
1999-06-26,16.1,10.3,23.6,,,,6.3,,,
1999-06-27,17.6,14.0,24.2,,,,6.3,,1010.4,
1999-06-28,15.3,12.4,19.2,,,257,7.5,,1017.3,
1999-06-29,16.0,9.0,22.4,,,,3.5,,1020.7,
1999-06-30,17.9,14.2,21.1,,,233,8.4,,1021.0,
1999-07-01,18.6,12.9,24.1,,,,5.1,,1020.6,
1999-07-02,20.7,14.1,27.9,,,,4.1,,1016.7,
1999-07-03,22.4,13.0,31.3,,,,3.4,,1013.0,
1999-07-04,24.1,16.3,31.2,,,,3.9,,1009.7,
1999-07-05,22.8,16.3,28.7,,,278,9.1,,1008.2,
1999-07-06,16.7,14.4,20.0,,,221,7.5,,1015.2,
1999-07-07,15.8,14.0,19.3,,,,7.6,,1022.8,
1999-07-08,16.1,12.4,20.7,,,,6.3,,1025.7,
1999-07-09,16.2,13.1,19.8,,,54,15.4,,1022.3,
1999-07-10,17.2,15.8,18.6,,,44,8.9,,1015.2,
1999-07-11,19.0,16.0,23.1,,,,5.6,,1013.5,
1999-07-12,19.0,16.8,23.0,,,,5.6,,1012.9,
1999-07-13,19.1,16.1,25.0,,,199,6.6,,1009.8,
1999-07-14,18.4,16.1,21.3,,,263,12.5,,,
1999-07-18,21.3,12.8,30.0,,,,2.8,,,
1999-07-22,17.2,12.0,20.0,,,,12.3,,,
1999-07-23,13.5,11.0,16.0,,,,5.3,,,
1999-07-24,15.8,10.0,21.0,,,,11.3,,,
1999-07-25,17.8,11.0,25.0,,,44,11.2,,,
1999-07-26,19.5,11.5,27.0,,,,7.3,,,
1999-07-28,19.8,17.6,24.8,,,23,7.8,,1014.4,
1999-07-29,20.4,15.9,25.7,,,41,12.7,,1015.0,
1999-07-30,19.2,11.0,25.7,,,,9.9,,1014.1,
1999-07-31,18.8,11.2,25.4,,,,5.6,,1013.3,
1999-08-01,19.7,12.2,26.4,,,,3.7,,1014.2,
1999-08-02,19.9,13.2,26.8,,,,5.2,,1014.9,
1999-08-03,17.0,11.1,23.2,,,,2.8,,1014.3,
1999-08-05,21.1,17.6,25.6,,,,3.9,,,
1999-08-06,22.9,18.2,28.6,,,7,6.6,,1011.1,
1999-08-07,20.1,16.3,25.5,,,278,7.5,,1009.1,
1999-08-08,21.0,16.7,26.9,,,,7.3,,1003.1,
1999-08-09,21.6,17.9,27.0,,,105,5.4,,1006.8,
1999-08-10,18.7,16.7,22.2,,,237,7.5,,1012.5,
1999-08-11,16.8,13.8,20.0,,,,7.0,,,
1999-08-13,16.6,13.5,20.8,,,,4.6,,1016.0,
1999-08-14,15.8,10.6,21.8,,,,5.3,,1012.5,
1999-08-15,16.6,15.3,18.8,,,227,10.4,,,
1999-08-16,15.7,14.8,17.0,,,,4.8,,1011.0,
1999-08-17,16.1,12.6,18.9,,,223,5.3,,1010.7,
1999-08-18,16.2,12.0,21.8,,,,3.6,,1009.1,
1999-08-19,16.3,11.8,20.4,,,,6.6,,1015.6,
1999-08-20,16.3,13.7,20.0,,,178,8.3,,,
1999-08-21,15.5,10.3,21.3,,,,6.6,,,
1999-08-22,16.0,11.1,22.0,,,20,10.9,,,
1999-08-23,16.5,10.0,23.8,,,321,4.9,,1018.2,
1999-08-24,18.0,16.2,21.6,,,93,6.1,,1018.3,
1999-08-25,20.2,15.8,27.2,,,,4.9,,1017.0,
1999-08-27,20.1,16.4,25.0,,,,4.1,,,
1999-08-31,16.6,10.6,24.0,,,,4.1,,1017.2,
1999-09-01,17.6,12.8,22.9,,,2,5.9,,1019.9,
1999-09-02,17.2,13.3,20.6,,,48,15.1,,1020.8,
1999-09-03,16.5,11.7,22.1,,,60,17.9,,1015.8,
1999-09-04,15.2,11.2,20.0,,,,5.5,,1017.4,
1999-09-05,16.2,10.6,23.6,,,,3.1,,1016.3,
1999-09-06,17.1,12.8,22.9,,,,5.7,,1015.0,
1999-09-07,18.8,14.6,24.5,,,,6.3,,1016.4,
1999-09-08,17.6,11.6,24.2,,,,7.6,,1020.1,
1999-09-09,17.4,9.9,25.2,,,,2.5,,1022.1,
1999-09-10,18.4,11.9,25.5,,,,8.1,,1024.2,
1999-09-11,18.5,11.5,26.9,,,,1.4,,,
1999-09-14,19.1,11.7,27.0,,,,4.9,,,
1999-09-15,18.2,11.6,25.1,,,,4.3,,1011.7,
1999-09-16,15.7,13.2,18.0,,,307,6.3,,1013.6,
1999-09-17,15.2,11.5,20.0,,,,5.2,,1011.2,
1999-09-18,14.0,11.0,17.1,,,,5.9,,1010.6,
1999-09-19,15.4,10.6,21.2,,,26,7.0,,1002.4,
1999-09-20,15.0,12.8,20.5,,,99,8.3,,998.7,
1999-09-21,14.5,9.6,19.8,,,205,6.8,,1007.5,
1999-09-22,16.0,12.3,20.8,,,,4.1,,1012.1,
1999-09-23,16.4,10.8,23.3,,,,4.2,,1015.3,
1999-09-24,18.2,13.7,23.2,,,181,4.3,,1019.5,
1999-09-25,16.6,15.5,17.9,,,,4.4,,1015.4,
1999-09-26,14.9,12.0,16.2,,,185,7.7,,1011.7,
1999-09-27,13.3,7.6,19.6,,,,5.1,,1012.6,
1999-09-30,13.3,11.8,14.8,,,,8.1,,,
1999-10-01,13.3,9.9,16.4,,,251,15.4,,1012.6,
1999-10-02,13.8,9.6,18.6,,,,8.0,,1010.4,
1999-10-03,11.2,8.8,16.5,,,242,10.2,,1010.3,
1999-10-04,9.2,7.0,12.4,,,240,9.5,,1015.8,
1999-10-05,7.1,5.4,9.1,,,,6.0,,1022.4,
1999-10-06,7.8,5.5,12.3,,,,5.6,,1026.8,
1999-10-07,6.6,1.9,12.4,,,,3.0,,,
1999-10-08,7.7,2.0,13.9,,,,4.7,,1029.4,
1999-10-09,11.0,9.0,13.6,,,,6.4,,1027.6,
1999-10-10,11.6,7.2,17.1,,,,4.7,,1027.5,
1999-10-11,10.1,6.6,13.3,,,,2.4,,1028.1,
1999-10-12,9.6,5.8,16.4,,,,4.6,,1028.0,
1999-10-13,10.2,6.9,11.7,,,,4.3,,1027.2,
1999-10-14,11.5,7.8,15.5,,,,3.8,,1025.4,
1999-10-15,9.0,5.1,12.9,,,23,9.3,,1022.3,
1999-10-16,7.9,4.6,12.8,,,16,10.0,,1021.5,
1999-10-17,5.3,2.2,10.3,,,353,10.7,,,
1999-10-18,3.8,1.4,8.4,,,44,14.3,,1017.1,
1999-10-19,3.7,2.6,4.8,,,6,9.0,,1013.0,
1999-10-20,6.3,3.6,10.7,,,357,8.1,,1010.0,
1999-10-21,7.7,5.3,12.0,,,,7.7,,,
1999-10-22,8.2,1.9,15.6,,,,5.1,,1006.8,
1999-10-23,10.0,5.9,13.1,,,,6.3,,,
1999-10-24,7.1,2.9,10.6,,,,5.9,,1001.7,
1999-10-25,9.3,7.2,10.8,,,347,6.6,,,
1999-10-26,10.5,7.2,16.6,,,,5.4,,,
1999-10-27,8.0,3.5,15.6,,,,2.7,,1029.1,
1999-10-28,9.3,4.7,17.0,,,,2.4,,1028.7,
1999-10-29,12.8,8.9,18.3,,,10,6.7,,1026.4,
1999-10-30,13.5,9.2,17.6,,,324,4.9,,1018.9,
1999-10-31,11.2,4.0,14.9,,,,10.6,,,
1999-11-01,7.2,1.1,15.7,,,,3.7,,1025.8,
1999-11-02,10.2,6.1,15.2,,,,7.0,,1022.1,
1999-11-03,9.1,7.5,11.4,,,,8.7,,1029.1,
1999-11-04,8.0,7.3,9.0,,,23,7.3,,1023.3,
1999-11-05,8.6,6.7,11.0,,,,5.7,,1017.1,
1999-11-06,7.6,5.3,13.1,,,225,10.7,,1013.7,
1999-11-07,4.4,0.9,8.8,,,,3.2,,,
1999-11-08,3.8,-0.9,7.9,,,,3.2,,1031.2,
1999-11-09,5.0,3.2,6.5,,,,3.6,,1029.7,
1999-11-10,4.1,2.9,5.3,,,231,4.4,,1025.5,
1999-11-11,3.3,2.5,4.0,,,48,14.4,,1026.4,
1999-11-12,2.7,1.7,3.9,,,57,9.9,,1028.4,
1999-11-13,1.9,0.9,2.7,,,,9.1,,1022.7,
1999-11-14,1.5,0.9,2.2,,,17,6.7,,,
1999-11-15,1.7,0.9,2.3,,,,11.6,,1017.8,
1999-11-16,1.9,0.4,4.1,,,301,9.5,,1016.4,
1999-11-17,0.1,-1.3,1.2,,,,6.3,,1015.9,
1999-11-19,-1.0,-2.5,-0.1,,,,3.6,,1007.3,
1999-11-20,-3.7,-7.6,-0.4,,,,4.5,,1014.5,
1999-11-21,-3.3,-4.0,-2.9,,,67,11.8,,1013.9,
1999-11-22,-3.0,-3.8,-1.8,,,,5.1,,1018.9,
1999-11-23,-1.0,-3.3,0.8,,,207,6.0,,1026.1,
1999-11-24,0.5,-0.9,2.4,,,,3.2,,1031.2,
1999-11-25,0.5,-0.4,1.5,,,13,4.4,,1035.6,
1999-11-26,-0.8,-1.5,0.0,,,,4.3,,1035.0,
1999-11-27,-0.5,-2.2,3.1,,,,6.7,,,
1999-11-28,-3.1,-4.0,-2.0,,,,,,,
1999-11-29,-3.5,-5.0,-2.0,,,,,,,
1999-11-30,-2.5,-3.6,0.0,,,,2.3,,,
1999-12-01,0.9,-3.7,5.7,,,176,9.5,,1029.9,
1999-12-02,5.5,2.6,8.9,,,236,9.8,,,
1999-12-03,4.2,1.3,6.7,,,203,7.1,,1023.7,
1999-12-04,5.9,3.2,9.4,,,227,15.8,,1015.2,
1999-12-05,1.4,-0.7,4.6,,,251,9.9,,1024.0,
1999-12-06,-0.2,-2.4,2.0,,,199,7.4,,1032.1,
1999-12-07,2.4,-2.3,7.6,,,206,9.3,,1024.0,
1999-12-08,5.9,3.1,8.6,,,177,7.5,,,
1999-12-09,5.8,1.2,8.6,,,206,12.6,,1009.3,
1999-12-10,4.6,2.3,5.9,,,219,7.7,,1009.1,
1999-12-11,2.6,-0.6,6.7,,,188,13.0,,1010.9,
1999-12-12,8.1,3.9,12.0,,,236,24.3,,1002.6,
1999-12-13,3.5,2.2,4.5,,,233,16.9,,1013.5,
1999-12-14,3.7,1.3,5.5,,,241,18.0,,1002.9,
1999-12-15,0.5,-1.3,2.3,,,,4.2,,,
1999-12-16,-1.8,-3.1,-0.9,,,357,10.5,,1021.6,
1999-12-17,-3.5,-8.3,1.8,,,,8.3,,1028.6,
1999-12-18,4.5,2.1,7.4,,,224,17.5,,,
1999-12-19,5.2,-0.2,10.2,,,283,18.4,,1012.6,
1999-12-20,-1.9,-3.3,-0.4,,,,2.8,,1025.1,
1999-12-24,-0.5,-3.9,2.9,,,,3.6,,1024.1,
1999-12-25,6.2,0.9,9.2,,,216,19.6,,,
1999-12-26,5.8,3.4,10.0,,,234,22.1,,,
1999-12-27,4.2,-0.1,5.6,,,,17.5,,,
1999-12-28,1.1,0.2,2.8,,,,13.1,,993.2,
1999-12-29,0.6,-0.1,1.2,,,254,8.0,,1014.4,
1999-12-30,-0.7,-3.4,1.3,,,220,7.8,,1027.8,
1999-12-31,-1.2,-3.7,0.6,,,159,10.7,,1026.4,
2000-01-01,1.2,-0.4,2.6,,,183,5.3,,1028.7,
2000-01-02,1.9,1.4,2.5,,,,6.6,,1032.3,
2000-01-03,1.2,-1.6,2.8,,,209,8.3,,1032.0,
2000-01-04,0.8,-1.4,3.6,,,194,8.7,,1028.1,
2000-01-05,4.5,1.9,6.8,,,154,6.8,,1025.8,
2000-01-07,2.5,0.2,6.0,,,,6.0,,1027.6,
2000-01-08,2.6,0.7,5.6,,,182,7.7,,1025.9,
2000-01-09,2.4,0.7,4.3,,,,4.5,,,
2000-01-11,1.9,1.1,2.6,,,25,8.1,,1037.3,
2000-01-12,0.7,0.2,1.4,,,5,6.7,,1033.1,
2000-01-13,0.2,-3.7,3.0,,,,5.3,,1024.4,
2000-01-14,-2.5,-4.0,-0.4,,,,4.3,,1024.3,
2000-01-15,-2.1,-4.8,-1.1,,,65,9.4,,1030.5,
2000-01-16,-1.6,-5.0,0.1,,,68,11.2,,,
2000-01-17,-1.1,-6.0,3.0,,,,5.2,,,
2000-01-18,3.3,2.3,4.4,,,263,9.5,,,
2000-01-19,1.0,-2.5,2.8,,,,4.9,,1030.0,
2000-01-20,-2.1,-6.3,1.7,,,,2.1,,1033.7,
2000-01-21,0.7,-0.3,1.6,,,233,11.6,,1030.0,
2000-01-22,1.2,0.4,2.1,,,231,9.9,,1018.0,
2000-01-23,0.6,-0.1,1.5,,,,6.2,,1014.0,
2000-01-24,-5.6,-8.6,-0.3,,,53,12.5,,1023.2,
2000-01-25,-8.6,-11.9,-6.4,,,36,11.9,,1030.3,
2000-01-26,-9.4,-13.6,-5.9,,,,2.5,,,
2000-01-27,-7.3,-12.1,-3.6,,,,6.7,,,
2000-01-28,-3.6,-7.9,0.5,,,174,8.2,,1028.4,
2000-01-29,3.7,0.2,6.0,,,237,23.8,,1018.2,
2000-01-30,7.6,6.1,8.5,,,248,31.2,,1021.0,
2000-01-31,7.1,1.8,11.4,,,255,15.0,,1030.2,
2000-02-01,3.4,-2.4,11.4,,,,6.1,,1026.3,
2000-02-02,4.0,-0.2,6.5,,,166,6.7,,1022.2,
2000-02-03,4.2,1.1,6.6,,,252,6.6,,,
2000-02-04,0.7,-4.0,6.3,,,,3.9,,1040.0,
2000-02-05,5.2,1.4,11.3,,,,5.8,,1036.0,
2000-02-06,4.2,-1.1,11.3,,,167,8.2,,1028.9,
2000-02-07,5.9,1.6,9.1,,,219,13.4,,1024.5,
2000-02-08,8.4,6.1,10.3,,,241,23.8,,1018.3,
2000-02-09,5.0,2.5,9.4,,,264,19.5,,1026.5,
2000-02-10,4.5,-1.0,9.8,,,197,6.9,,1028.2,
2000-02-11,3.7,2.1,5.8,,,41,10.4,,1027.8,
2000-02-12,1.9,0.3,3.3,,,,7.9,,1029.3,
2000-02-13,3.7,1.6,5.3,,,231,13.4,,1025.8,
2000-02-14,5.4,3.0,7.5,,,239,5.3,,1025.5,
2000-02-15,6.2,4.5,8.2,,,232,15.1,,1021.1,
2000-02-16,4.3,0.4,7.6,,,254,19.4,,1009.9,
2000-02-17,-0.2,-4.0,1.9,,,254,11.0,,1012.6,
2000-02-18,1.2,-2.7,5.7,,,211,15.2,,1014.7,
2000-02-19,4.9,2.7,6.2,,,246,16.7,,1011.2,
2000-02-20,1.7,0.2,2.9,,,279,10.8,,1024.6,
2000-02-22,0.3,-3.0,4.9,,,,5.3,,1028.0,
2000-02-23,0.4,-4.2,5.7,,,,4.0,,1029.2,
2000-02-24,1.3,-2.8,4.1,,,174,7.2,,1031.8,
2000-02-25,6.7,3.6,9.6,,,232,13.3,,,
2000-02-26,5.6,4.0,7.7,,,,4.4,,1032.1,
2000-02-27,5.8,2.3,12.8,,,,3.0,,1030.2,
2000-02-28,8.2,-1.8,16.3,,,,11.3,,1023.7,
2000-02-29,7.3,5.5,11.4,,,228,10.3,,1019.8,
2000-03-01,5.3,2.2,8.0,,,254,15.1,,1008.6,
2000-03-02,3.0,0.7,5.3,,,256,9.5,,1024.8,
2000-03-03,5.8,1.5,10.1,,,233,19.8,,1019.6,
2000-03-04,4.5,0.3,8.0,,,273,20.9,,1021.0,
2000-03-05,0.8,-3.2,4.7,,,,4.2,,1035.3,
2000-03-06,2.0,-3.5,9.7,,,,3.1,,1033.3,
2000-03-07,4.4,-1.3,12.3,,,184,9.0,,1030.3,
2000-03-08,6.5,0.0,11.9,,,197,9.8,,1031.0,
2000-03-09,12.6,8.8,17.0,,,255,13.8,,1027.7,
2000-03-10,10.1,7.3,12.5,,,272,11.0,,,
2000-03-11,8.9,3.1,15.8,,,270,14.5,,1022.5,
2000-03-12,8.1,3.6,12.6,,,23,9.8,,1024.2,
2000-03-13,6.3,-1.6,13.9,,,,4.9,,1025.9,
2000-03-14,8.4,4.6,12.0,,,,7.6,,1024.5,
2000-03-15,4.9,0.0,8.8,,,,10.2,,,
2000-03-17,5.5,3.4,8.0,,,205,6.6,,1028.8,
2000-03-18,5.9,4.9,7.0,,,,3.4,,1026.6,
2000-03-19,5.7,4.4,7.7,,,,9.5,,1028.4,
2000-03-20,4.7,0.7,8.9,,,58,17.0,,1026.9,
2000-03-21,5.9,0.2,12.6,,,,5.3,,1022.8,
2000-03-22,7.7,-1.2,16.9,,,,3.1,,1020.1,
2000-03-23,8.4,0.9,15.4,,,271,4.6,,1016.5,
2000-03-24,9.0,5.9,13.1,,,219,8.7,,1014.0,
2000-03-25,9.4,2.8,15.0,,,152,5.0,,1016.6,
2000-03-26,6.1,4.0,8.5,,,171,11.6,,1013.9,
2000-03-27,4.4,3.0,8.0,,,241,8.6,,1008.9,
2000-03-28,4.7,1.2,9.2,,,95,12.1,,1010.6,
2000-03-29,4.6,3.2,5.8,,,10,13.5,,1006.7,
2000-03-30,4.3,3.2,6.8,,,253,17.2,,1012.6,
2000-03-31,6.9,2.2,12.7,,,185,5.8,,1010.4,
2000-04-01,5.9,2.1,8.9,,,,6.5,,1007.7,
2000-04-02,5.7,-2.0,14.6,,,,6.6,,1005.6,
2000-04-03,10.9,3.5,19.6,,,317,6.4,,993.4,
2000-04-04,11.1,4.3,17.8,,,357,8.2,,,
2000-04-05,8.4,6.3,10.3,,,,9.5,,1003.7,
2000-04-06,4.1,2.8,6.0,,,31,12.4,,1022.0,
2000-04-07,5.3,-0.3,11.4,,,65,16.1,,1029.4,
2000-04-08,7.1,-1.4,14.4,,,20,10.6,,1024.0,
2000-04-09,8.3,-0.1,15.7,,,1,9.1,,1011.2,
2000-04-10,10.2,5.5,16.5,,,,8.4,,1005.8,
2000-04-11,8.3,7.0,11.1,,,241,6.5,,1000.2,
2000-04-12,7.2,3.5,10.6,,,251,16.5,,997.0,
2000-04-13,6.8,3.9,9.9,,,243,8.2,,1002.8,
2000-04-14,10.7,5.2,18.2,,,,5.6,,,
2000-04-15,8.1,5.4,11.5,,,219,11.4,,1002.5,
2000-04-16,8.8,0.2,16.6,,,,7.3,,1003.3,
2000-04-17,8.3,6.3,9.9,,,,9.2,,1005.9,
2000-04-18,7.8,5.9,10.6,,,141,8.1,,1012.2,
2000-04-19,9.7,2.7,15.6,,,,4.2,,1012.3,
2000-04-20,10.6,3.3,19.3,,,,5.0,,1015.6,
2000-04-21,14.5,6.5,22.7,,,,4.4,,,
2000-04-22,16.3,7.3,26.2,,,,,,,
2000-04-23,15.0,8.4,21.4,,,,8.6,,1010.1,
2000-04-25,10.8,4.5,18.5,,,,3.9,,1014.5,
2000-04-26,14.5,5.5,23.6,,,,3.8,,1011.3,
2000-04-27,14.6,9.1,20.9,,,40,6.6,,1009.0,
2000-04-28,14.6,9.5,23.1,,,346,8.5,,1005.6,
2000-04-29,12.3,10.1,15.5,,,288,8.2,,1015.0,
2000-04-30,14.7,9.8,20.3,,,,5.2,,1019.1,
2000-05-01,16.1,10.2,22.2,,,358,8.2,,1016.5,
2000-05-02,16.2,12.5,21.7,,,25,8.2,,1015.3,
2000-05-03,16.4,10.3,24.1,,,252,6.2,,1016.4,
2000-05-04,16.4,10.2,22.3,,,162,5.5,,1017.0,
2000-05-05,16.4,12.3,23.0,,,41,7.1,,1014.5,
2000-05-06,15.0,8.8,22.3,,,,4.1,,1013.4,
2000-05-07,17.4,10.2,25.0,,,,,,,
2000-05-08,15.4,11.1,23.3,,,,5.6,,1017.5,
2000-05-09,16.4,10.4,25.2,,,,5.2,,1017.8,
2000-05-10,18.5,9.6,26.3,,,,4.8,,1014.7,
2000-05-11,19.4,12.1,26.9,,,,5.1,,1013.5,
2000-05-12,15.8,13.8,18.7,,,233,8.4,,1019.6,
2000-05-13,15.9,12.8,20.1,,,,4.3,,1020.7,
2000-05-14,17.0,10.3,23.2,,,39,10.9,,1021.4,
2000-05-15,17.9,8.5,26.1,,,,2.9,,1020.3,
2000-05-16,19.9,11.0,27.8,,,,5.9,,1017.1,
2000-05-17,18.1,13.5,23.3,,,240,10.4,,1014.9,
2000-05-18,12.3,10.9,13.4,,,235,7.2,,1013.3,
2000-05-19,11.1,7.0,15.2,,,267,12.1,,1013.1,
2000-05-20,12.0,8.4,16.5,,,278,10.8,,1013.6,
2000-05-21,11.6,3.9,17.5,,,,8.2,,1011.4,
2000-05-22,11.9,8.1,16.4,,,277,11.6,,1017.4,
2000-05-23,13.7,5.4,20.2,,,4,6.5,,1020.5,
2000-05-24,15.8,6.2,23.5,,,,3.6,,1017.4,
2000-05-25,15.7,10.4,18.9,,,,6.5,,1016.1,
2000-05-26,17.7,12.4,22.9,,,18,7.9,,1015.5,
2000-05-27,12.8,9.4,17.6,,,230,9.4,,1016.7,
2000-05-28,10.6,4.4,15.2,,,,8.6,,1013.3,
2000-05-29,11.5,8.1,16.1,,,247,10.9,,1016.6,
2000-05-30,10.1,5.1,15.1,,,,5.9,,1017.7,
2000-05-31,14.7,12.2,18.1,,,258,14.6,,1017.2,
2000-06-01,15.2,7.3,22.8,,,,3.5,,1023.8,
2000-06-02,19.3,10.2,27.8,,,,4.1,,1020.8,
2000-06-03,20.8,12.6,28.9,,,,3.8,,1018.0,
2000-06-04,22.5,16.2,28.5,,,177,5.3,,1017.1,
2000-06-05,20.5,16.5,27.3,,,340,8.4,,1015.1,
2000-06-06,12.9,10.7,16.2,,,261,8.3,,1020.6,
2000-06-07,15.1,11.0,19.7,,,,5.9,,1023.1,
2000-06-08,16.3,8.3,23.9,,,12,7.1,,1019.3,
2000-06-09,20.6,12.1,28.8,,,,5.9,,1013.9,
2000-06-10,20.9,13.0,27.7,,,,8.1,,1012.4,
2000-06-11,19.4,16.1,23.2,,,,9.1,,1013.3,
2000-06-12,18.2,13.7,23.8,,,339,8.7,,1024.3,
2000-06-13,20.8,15.7,27.2,,,332,8.5,,1023.3,
2000-06-14,18.7,14.4,23.8,,,,4.6,,1024.0,
2000-06-15,19.5,15.6,23.8,,,269,11.5,,1023.5,
2000-06-16,17.8,15.8,21.1,,,15,8.8,,1024.7,
2000-06-17,16.6,8.4,21.7,,,,12.3,,,
2000-06-18,18.0,7.9,26.1,,,9,6.8,,1026.6,
2000-06-19,20.3,9.5,29.9,,,,3.2,,1022.3,
2000-06-20,22.5,13.0,30.7,,,,2.9,,1017.0,
2000-06-21,24.2,17.5,29.8,,,258,6.5,,1015.9,
2000-06-22,20.2,16.6,24.2,,,272,11.4,,1018.3,
2000-06-23,16.3,14.3,18.3,,,273,8.4,,1021.1,
2000-06-24,14.1,11.0,16.8,,,,9.1,,1018.9,
2000-06-25,12.1,9.4,15.7,,,222,6.0,,1020.1,
2000-06-26,14.4,7.1,19.8,,,,6.1,,1021.4,
2000-06-27,15.0,6.4,21.7,,,31,8.5,,1020.8,
2000-06-28,13.8,9.3,17.9,,,,7.8,,1017.3,
2000-06-29,16.1,9.0,22.3,,,,8.8,,1018.2,
2000-06-30,18.0,8.8,25.0,,,,4.8,,1015.6,
2000-07-01,19.3,10.5,26.2,,,,6.0,,1012.2,
2000-07-02,22.7,16.4,29.9,,,,5.6,,1011.6,
2000-07-03,19.2,16.8,22.4,,,190,7.2,,1011.5,
2000-07-04,18.7,15.3,22.7,,,268,11.7,,1008.7,
2000-07-05,18.2,13.9,22.2,,,265,9.7,,1016.5,
2000-07-06,20.1,12.9,25.5,,,,4.6,,1018.7,
2000-07-07,18.7,15.9,24.9,,,198,10.1,,1011.4,
2000-07-08,14.1,11.2,16.1,,,236,10.5,,1014.8,
2000-07-09,13.4,10.2,17.0,,,218,11.5,,1013.0,
2000-07-10,14.2,13.1,15.6,,,219,12.5,,1002.0,
2000-07-11,13.0,11.3,16.0,,,241,9.9,,1003.6,
2000-07-12,11.9,10.0,14.6,,,229,7.8,,1015.1,
2000-07-13,12.2,7.1,17.5,,,219,9.5,,1018.4,
2000-07-14,12.6,11.3,13.5,,,240,12.7,,1011.7,
2000-07-15,10.7,9.8,11.8,,,226,10.3,,1011.8,
2000-07-16,11.2,9.3,13.8,,,,7.0,,,
2000-07-17,13.0,6.6,19.7,,,,4.6,,1018.8,
2000-07-18,15.2,6.9,22.5,,,,4.8,,1018.7,
2000-07-19,16.3,11.7,21.7,,,,7.0,,1018.7,
2000-07-20,15.9,9.5,21.9,,,33,10.9,,1020.5,
2000-07-21,16.7,8.6,24.5,,,,4.3,,1020.6,
2000-07-22,18.3,10.8,26.3,,,330,5.6,,1016.8,
2000-07-23,17.5,13.8,21.7,,,,4.1,,1013.6,
2000-07-24,18.3,15.7,23.6,,,230,7.3,,1008.6,
2000-07-25,19.0,15.2,24.2,,,224,7.3,,1008.8,
2000-07-26,18.6,15.8,23.3,,,,11.1,,1011.1,
2000-07-27,18.6,12.3,25.3,,,,4.6,,1016.4,
2000-07-28,16.8,14.5,20.7,,,,10.0,,1016.3,
2000-07-29,14.4,12.6,16.3,,,223,6.5,,1019.7,
2000-07-30,15.7,12.7,19.8,,,,5.4,,1023.5,
2000-07-31,16.9,10.5,24.3,,,,3.7,,1024.4,
2000-08-01,19.5,10.6,28.4,,,,3.8,,,
2000-08-02,18.6,13.9,24.3,,,,8.2,,1019.4,
2000-08-03,16.4,14.5,18.6,,,,5.6,,1020.5,
2000-08-04,16.1,11.7,20.8,,,162,6.5,,1020.5,
2000-08-05,14.4,12.9,16.1,,,359,10.5,,1019.9,
2000-08-06,15.4,14.1,19.2,,,269,10.2,,1020.4,
2000-08-07,16.4,12.7,21.0,,,,4.2,,1022.8,
2000-08-08,17.5,10.9,23.4,,,,4.8,,1021.4,
2000-08-09,19.2,13.3,24.9,,,,4.3,,1020.6,
2000-08-10,19.9,12.9,26.8,,,,4.2,,1018.7,
2000-08-11,21.1,13.4,28.8,,,,3.4,,,
2000-08-12,21.0,13.5,29.0,,,,3.9,,1013.8,
2000-08-13,21.4,13.7,28.9,,,,3.9,,,
2000-08-14,21.9,14.8,29.4,,,,4.8,,,
2000-08-15,21.5,14.7,27.8,,,,6.2,,1021.0,
2000-08-16,22.4,17.4,28.1,,,,3.5,,1017.7,
2000-08-17,21.0,14.8,27.7,,,,5.5,,1015.2,
2000-08-18,19.9,17.3,23.5,,,1,8.0,,1015.5,
2000-08-19,21.9,16.9,28.8,,,141,5.0,,1014.6,
2000-08-20,22.9,15.0,31.0,,,,5.1,,1012.4,
2000-08-21,19.0,15.1,24.8,,,,8.9,,1015.5,
2000-08-22,17.3,13.7,21.9,,,,6.5,,1019.5,
2000-08-23,18.1,11.6,25.3,,,,4.9,,1019.8,
2000-08-24,19.7,12.8,28.2,,,,4.5,,1021.9,
2000-08-25,19.3,11.2,28.1,,,357,3.5,,1020.7,
2000-08-26,19.3,11.8,27.2,,,348,6.0,,1013.6,
2000-08-27,16.7,14.6,19.7,,,232,7.4,,1016.6,
2000-08-28,16.6,12.3,22.0,,,239,4.6,,1021.3,
2000-08-29,15.9,10.6,22.6,,,,2.9,,1020.6,
2000-08-30,15.5,11.2,20.6,,,,4.9,,1016.4,
2000-08-31,14.9,12.5,16.8,,,,5.7,,1011.1,
2000-09-01,17.5,14.0,23.0,,,230,7.4,,,
2000-09-02,15.2,12.2,19.0,,,244,16.3,,,
2000-09-03,13.4,11.9,16.2,,,241,9.5,,1014.8,
2000-09-04,12.2,9.7,15.9,,,,5.6,,1020.2,
2000-09-05,13.2,9.0,18.2,,,,4.1,,1024.0,
2000-09-06,12.9,7.8,17.9,,,,4.9,,1019.7,
2000-09-07,14.3,10.9,18.4,,,261,11.8,,1016.4,
2000-09-08,12.7,5.7,20.1,,,,5.7,,1023.1,
2000-09-09,14.9,7.3,23.0,,,,3.1,,1024.2,
2000-09-10,16.4,9.4,24.1,,,,4.5,,1022.2,
2000-09-11,17.4,10.7,24.8,,,,5.6,,1017.4,
2000-09-12,17.3,10.3,25.0,,,,2.7,,1014.6,
2000-09-13,17.9,14.8,21.5,,,251,6.5,,1014.9,
2000-09-14,17.7,11.9,23.6,,,,3.2,,1016.4,
2000-09-15,18.9,14.5,25.7,,,,3.7,,1014.8,
2000-09-16,15.2,12.4,18.2,,,240,9.1,,1013.3,
2000-09-17,14.4,11.9,18.2,,,,9.0,,1013.6,
2000-09-18,12.8,8.1,19.6,,,,4.4,,1010.4,
2000-09-19,13.6,6.7,21.3,,,,6.9,,1005.9,
2000-09-20,13.8,11.9,17.7,,,323,9.1,,1005.9,
2000-09-21,12.0,8.5,15.2,,,255,11.0,,1016.4,
2000-09-22,11.8,5.2,19.0,,,137,5.2,,1024.9,
2000-09-23,12.2,7.5,18.4,,,20,10.1,,1022.8,
2000-09-24,11.7,6.2,19.5,,,,4.1,,1020.7,
2000-09-25,13.8,9.6,19.2,,,,3.1,,1023.1,
2000-09-26,14.9,11.1,22.5,,,,1.8,,1022.5,
2000-09-27,16.4,11.8,22.5,,,,5.0,,1019.6,
2000-09-28,16.0,11.4,22.7,,,,3.2,,1012.8,
2000-09-29,16.3,10.4,24.6,,,,6.1,,1003.2,
2000-09-30,14.2,12.5,16.1,,,280,8.3,,1005.6,
2000-10-01,13.9,11.9,16.0,,,,3.3,,1007.8,
2000-10-02,11.9,9.2,13.9,,,,5.1,,1011.3,
2000-10-03,11.4,9.4,14.1,,,,6.0,,1021.9,
2000-10-04,11.1,8.3,14.1,,,,4.3,,1022.2,
2000-10-05,12.2,10.5,15.2,,,,4.6,,1019.5,
2000-10-06,9.7,6.1,11.1,,,235,6.2,,1022.9,
2000-10-07,6.0,2.2,10.9,,,,3.3,,1025.7,
2000-10-08,5.7,2.6,9.8,,,,3.7,,1023.1,
2000-10-09,8.9,5.5,12.6,,,,7.3,,1014.5,
2000-10-10,8.0,3.8,12.1,,,238,10.4,,1002.0,
2000-10-11,7.9,4.7,10.7,,,,7.4,,994.4,
2000-10-12,10.6,9.1,13.4,,,63,6.4,,1001.3,
2000-10-13,11.1,9.0,13.7,,,,8.0,,1011.1,
2000-10-14,11.5,10.0,13.2,,,13,7.4,,1014.2,
2000-10-15,11.7,10.5,13.1,,,349,7.4,,,
2000-10-16,11.6,7.9,17.4,,,263,5.7,,1012.3,
2000-10-17,11.6,9.5,14.9,,,,5.6,,1024.2,
2000-10-18,10.3,8.0,13.0,,,,3.0,,1025.8,
2000-10-19,11.2,9.1,13.8,,,,3.1,,1022.1,
2000-10-20,10.6,7.1,13.9,,,,4.1,,1021.8,
2000-10-21,11.0,8.5,14.4,,,,3.3,,1024.6,
2000-10-22,9.8,5.5,12.1,,,,3.6,,1030.3,
2000-10-23,10.6,8.3,13.8,,,,4.9,,1028.0,
2000-10-24,11.1,6.8,14.7,,,170,6.9,,1025.1,
2000-10-25,13.3,9.9,18.1,,,194,9.0,,1019.0,
2000-10-26,11.9,9.1,14.3,,,240,10.8,,1017.3,
2000-10-27,9.3,6.0,11.7,,,,4.9,,1022.5,
2000-10-28,7.4,3.0,14.6,,,,3.3,,1021.6,
2000-10-29,9.6,5.2,12.7,,,222,11.2,,1019.8,
2000-10-30,10.0,4.0,15.3,,,179,10.0,,1008.6,
2000-10-31,8.6,6.3,14.7,,,219,12.1,,1005.6,
2000-11-01,9.5,7.1,12.9,,,226,13.1,,1010.3,
2000-11-02,9.2,4.7,12.9,,,204,8.5,,1006.7,
2000-11-03,7.4,5.3,10.3,,,216,6.8,,1003.7,
2000-11-04,6.2,4.3,9.6,,,218,6.8,,1013.2,
2000-11-05,5.4,0.7,9.7,,,189,6.4,,1014.2,
2000-11-06,5.8,0.8,9.5,,,284,8.1,,991.0,
2000-11-07,6.6,0.3,11.3,,,,12.2,,990.4,
2000-11-09,7.6,5.5,10.1,,,229,12.5,,1011.7,
2000-11-10,6.0,2.2,9.8,,,225,6.8,,1021.9,
2000-11-11,3.9,-0.4,9.7,,,,4.8,,1026.0,
2000-11-12,2.3,-2.7,5.8,,,,3.9,,1015.6,
2000-11-14,6.4,4.5,9.4,,,275,6.1,,1010.1,
2000-11-15,4.4,1.3,7.6,,,,1.8,,,
2000-11-16,3.1,1.9,3.9,,,,3.6,,,
2000-11-17,2.6,1.2,3.8,,,,4.6,,1015.7,
2000-11-20,5.1,3.3,7.0,,,200,7.3,,,
2000-11-21,4.1,0.3,7.8,,,,5.5,,1010.3,
2000-11-22,6.3,3.3,9.0,,,,7.2,,,
2000-11-23,6.5,4.2,8.8,,,321,5.4,,1006.8,
2000-11-24,5.8,4.0,7.4,,,231,7.2,,1011.9,
2000-11-25,4.0,-0.4,6.6,,,,3.5,,1012.4,
2000-11-26,4.9,0.9,7.1,,,224,13.7,,1009.8,
2000-11-27,5.5,3.0,8.1,,,215,7.3,,1020.5,
2000-11-28,7.5,3.6,12.5,,,,7.3,,1021.5,
2000-11-29,5.9,3.4,7.1,,,,4.1,,1018.1,
2000-11-30,4.1,3.0,5.7,,,,5.0,,,
2000-12-01,3.1,2.0,4.9,,,,2.7,,1020.5,
2000-12-02,4.8,2.5,7.6,,,,5.8,,1020.0,
2000-12-03,6.7,1.5,9.2,,,,5.0,,1021.8,
2000-12-04,4.5,0.3,8.6,,,,3.1,,1022.1,
2000-12-05,3.6,2.8,4.8,,,,4.2,,1021.8,
2000-12-06,3.0,1.4,5.0,,,,4.9,,,
2000-12-07,4.9,3.0,6.5,,,,4.0,,,
2000-12-08,6.2,4.0,12.0,,,283,5.5,,,
2000-12-09,8.3,5.3,10.9,,,176,6.0,,,
2000-12-10,7.6,3.7,11.1,,,225,16.0,,1022.8,
2000-12-11,9.5,4.8,12.7,,,205,8.7,,1029.1,
2000-12-12,6.7,2.8,11.3,,,161,7.2,,1027.3,
2000-12-13,9.8,4.2,12.9,,,263,11.6,,1022.5,
2000-12-15,4.9,2.5,9.0,,,254,13.5,,1010.8,
2000-12-16,2.7,0.8,3.5,,,235,12.3,,1016.6,
2000-12-17,3.1,0.5,5.5,,,,6.0,,1017.6,
2000-12-18,1.4,-2.8,4.3,,,,4.2,,1022.5,
2000-12-19,5.1,2.5,9.2,,,157,5.8,,1022.5,
2000-12-20,2.9,1.2,5.0,,,46,14.5,,1021.6,
2000-12-21,1.5,0.0,3.0,,,,8.4,,,
2000-12-22,-1.1,-2.2,-0.4,,,42,12.3,,1022.5,
2000-12-23,-1.4,-3.5,1.5,,,,4.0,,,
2000-12-24,-3.0,-4.4,-1.8,,,,4.2,,1009.3,
2000-12-25,0.9,-1.7,3.5,,,,3.7,,998.2,
2000-12-26,2.4,0.1,4.0,,,,6.1,,994.8,
2000-12-27,1.1,0.4,2.1,,,,3.9,,994.1,
2000-12-28,0.7,-3.2,3.9,,,,6.9,,1000.2,
2000-12-29,-0.9,-3.3,0.6,,,,4.8,,1002.3,
2000-12-30,-0.3,-2.9,3.0,,,,6.3,,,
2000-12-31,-1.8,-6.2,0.9,,,,4.0,,1019.7,
2001-01-01,-3.5,-7.1,-0.1,,,,3.0,,,
2001-01-02,2.6,-0.2,5.5,,,205,6.9,,,
2001-01-03,4.4,-0.6,8.5,,,225,12.1,,1012.4,
2001-01-04,1.9,-2.2,6.0,,,,6.1,,,
2001-01-05,3.4,-0.5,6.9,,,166,7.7,,1005.7,
2001-01-06,6.3,3.4,8.7,,,,8.5,,1006.5,
2001-01-07,2.0,1.2,3.4,,,,4.9,,1015.7,
2001-01-08,2.2,1.5,3.0,,,,0.8,,1015.9,
2001-01-09,0.1,-1.3,1.7,,,,3.4,,,
2001-01-10,0.6,-0.8,2.3,,,,2.0,,1017.4,
2001-01-11,2.7,1.0,4.3,,,,0.1,,1019.5,
2001-01-12,2.9,0.7,4.6,,,,10.7,,1022.3,
2001-01-13,-1.5,-3.0,0.6,,,61,20.2,,,
2001-01-14,-3.2,-4.3,-0.9,,,75,17.4,,,
2001-01-15,-3.8,-4.4,-2.8,,,,8.6,,,
2001-01-16,-2.9,-5.4,0.5,,,,2.6,,,
2001-01-17,-4.3,-8.0,0.3,,,,3.1,,,
2001-01-18,-0.8,-3.1,2.5,,,,2.9,,,
2001-01-19,0.8,-1.7,2.9,,,,3.6,,1022.5,
2001-01-20,2.2,1.0,5.0,,,,4.1,,,
2001-01-21,0.0,-2.4,2.2,,,,3.2,,1027.3,
2001-01-22,1.3,0.0,4.0,,,,5.1,,1017.5,
2001-01-23,5.1,0.1,9.1,,,,5.0,,1011.6,
2001-01-24,6.1,1.1,9.4,,,,9.0,,1008.0,
2001-01-25,3.1,0.7,4.6,,,,6.0,,,
2001-01-26,3.8,-2.2,8.1,,,,7.5,,1009.7,
2001-01-27,2.9,-0.9,6.5,,,266,16.8,,1005.0,
2001-01-28,0.8,-3.2,6.2,,,,4.6,,1004.7,
2001-01-29,0.1,-4.1,4.3,,,,7.8,,,
2001-01-30,1.0,-2.4,4.0,,,,5.5,,1021.9,
2001-01-31,-0.9,-4.6,3.3,,,,6.6,,1022.1,
2001-02-01,-0.6,-2.5,2.2,,,,7.2,,1026.4,
2001-02-02,-1.9,-5.0,0.8,,,,4.3,,1024.4,
2001-02-03,3.3,-0.2,5.2,,,240,19.9,,1014.3,
2001-02-04,8.1,5.1,12.2,,,,19.0,,1010.4,
2001-02-05,9.3,7.4,11.1,,,243,25.5,,1008.9,
2001-02-07,6.8,2.0,12.4,,,,4.5,,1009.6,
2001-02-08,6.0,1.3,11.2,,,,6.2,,1005.2,
2001-02-09,5.3,2.6,6.8,,,251,8.8,,1016.5,
2001-02-10,2.5,-2.6,8.9,,,,3.5,,,
2001-02-11,2.6,-3.8,11.2,,,,3.3,,,
2001-02-12,4.5,-2.8,12.2,,,,5.5,,1033.1,
2001-02-13,6.2,0.9,11.3,,,66,13.4,,,
2001-02-14,4.1,1.3,6.9,,,57,16.3,,1029.3,
2001-02-15,2.8,-1.2,5.5,,,,5.7,,,
2001-02-16,2.4,-4.2,10.0,,,,4.2,,,
2001-02-17,3.2,1.1,5.1,,,312,9.3,,1032.8,
2001-02-18,2.5,-2.5,5.3,,,,10.4,,,
2001-02-19,0.6,-4.4,6.0,,,,3.4,,1036.6,
2001-02-20,2.1,-1.5,5.3,,,,2.6,,1033.4,
2001-02-21,2.6,-2.9,7.2,,,,9.1,,1030.5,
2001-02-22,4.4,2.9,5.9,,,250,15.8,,,
2001-02-23,3.9,1.5,5.7,,,259,17.2,,1007.3,
2001-02-24,-0.4,-4.3,1.4,,,,4.0,,1008.3,
2001-02-25,-2.3,-5.6,0.4,,,,8.5,,1011.7,
2001-02-26,-2.5,-5.7,1.7,,,,5.2,,1012.2,
2001-02-27,-1.2,-7.5,5.6,,,16,6.0,,1001.6,
2001-02-28,1.2,-3.8,6.7,,,,7.4,,995.6,
2001-03-01,1.4,-1.2,4.8,,,231,8.5,,999.9,
2001-03-02,1.5,-2.1,4.5,,,,7.2,,,
2001-03-03,1.2,-0.1,3.0,,,,1.4,,,
2001-03-04,4.1,1.0,7.0,,,,4.8,,999.9,
2001-03-05,5.0,1.3,9.1,,,,3.2,,1015.7,
2001-03-06,2.5,-0.9,5.4,,,,3.3,,,
2001-03-07,3.3,-1.1,7.9,,,,,,,
2001-03-08,7.2,2.7,13.5,,,,6.4,,,
2001-03-09,8.2,6.6,11.7,,,220,7.3,,1010.0,
2001-03-10,7.7,4.1,10.9,,,202,11.5,,1011.1,
2001-03-11,10.3,9.0,12.7,,,216,14.3,,,
2001-03-12,9.4,5.6,13.8,,,213,10.9,,1010.0,
2001-03-13,7.1,4.5,10.5,,,247,21.4,,,
2001-03-14,5.5,3.8,7.6,,,241,13.3,,1013.8,
2001-03-15,8.4,6.0,12.0,,,228,13.5,,1014.6,
2001-03-16,9.4,4.0,17.1,,,,5.7,,1010.7,
2001-03-17,9.2,7.9,12.5,,,254,8.7,,1003.7,
2001-03-18,9.3,6.3,12.6,,,240,13.1,,1006.0,
2001-03-19,6.3,4.0,8.9,,,276,18.5,,1012.9,
2001-03-20,4.2,2.4,8.0,,,55,7.4,,1014.7,
2001-03-21,9.7,8.4,12.2,,,201,12.7,,1006.0,
2001-03-22,10.4,7.7,14.3,,,242,22.1,,1004.2,
2001-03-23,11.7,7.0,18.8,,,206,9.1,,1008.0,
2001-03-24,12.5,9.2,15.7,,,55,6.8,,1002.6,
2001-03-25,11.0,8.6,15.0,,,225,16.6,,,
2001-03-26,6.8,4.1,9.4,,,,7.8,,1007.0,
2001-03-27,5.4,2.8,8.1,,,33,8.3,,1012.1,
2001-03-28,6.1,0.0,14.2,,,,5.2,,1010.4,
2001-03-29,6.5,4.8,10.0,,,187,8.4,,1004.6,
2001-03-30,6.3,4.9,9.0,,,230,9.4,,1013.3,
2001-03-31,6.7,-0.5,13.3,,,11,5.2,,1025.1,
2001-04-01,8.8,0.3,17.3,,,,6.4,,,
2001-04-02,11.0,1.9,19.9,,,,4.0,,1020.1,
2001-04-03,11.3,6.8,15.6,,,266,10.5,,,
2001-04-04,8.9,5.2,16.9,,,230,12.0,,1014.4,
2001-04-05,7.3,3.9,11.4,,,245,9.7,,1019.6,
2001-04-06,10.0,5.3,15.3,,,237,18.7,,1014.9,
2001-04-07,7.8,4.5,10.0,,,207,11.9,,1008.1,
2001-04-08,5.4,1.2,10.2,,,237,5.1,,1014.1,
2001-04-09,6.4,5.4,7.9,,,235,11.4,,1023.0,
2001-04-10,7.5,6.0,9.0,,,237,11.1,,,
2001-04-11,6.5,5.2,9.5,,,,6.3,,,
2001-04-12,7.6,5.7,10.5,,,,4.8,,1024.1,
2001-04-13,5.3,2.9,7.4,,,8,9.6,,,
2001-04-14,2.1,-1.2,4.5,,,15,8.7,,1026.1,
2001-04-15,2.6,0.5,4.1,,,238,16.8,,1017.1,
2001-04-16,4.8,2.5,7.0,,,250,10.4,,1014.0,
2001-04-17,5.1,2.4,9.5,,,,4.8,,1017.9,
2001-04-18,6.4,3.9,10.3,,,,10.7,,1010.1,
2001-04-19,3.8,1.4,5.9,,,141,5.9,,,
2001-04-20,2.5,0.6,6.0,,,,,,,
2001-04-21,1.6,0.3,3.2,,,317,7.7,,1006.8,
2001-04-22,2.8,1.1,5.2,,,254,4.9,,1008.0,
2001-04-23,4.1,-2.8,12.1,,,229,7.0,,1005.3,
2001-04-24,9.0,1.3,15.9,,,224,5.8,,1012.9,
2001-04-25,8.4,5.8,13.9,,,232,9.2,,,
2001-04-26,8.8,5.1,13.5,,,,10.2,,1021.6,
2001-04-27,9.5,2.6,18.4,,,,4.9,,,
2001-04-28,12.2,8.8,17.7,,,250,9.8,,1015.4,
2001-04-29,13.4,8.8,19.4,,,,5.7,,1011.3,
2001-04-30,14.6,7.8,20.9,,,,6.2,,1007.9,
2001-05-01,13.2,6.5,19.0,,,293,10.3,,,
2001-05-02,16.4,8.1,26.0,,,,6.2,,,
2001-05-03,15.2,12.1,19.1,,,266,10.0,,1006.7,
2001-05-04,13.9,10.0,20.0,,,25,9.2,,,
2001-05-05,12.6,9.7,16.0,,,357,10.4,,,
2001-05-06,9.1,7.6,10.8,,,17,11.5,,1013.4,
2001-05-07,9.7,8.1,12.0,,,27,9.2,,1018.3,
2001-05-08,12.4,10.1,15.8,,,47,12.0,,1021.0,
2001-05-09,13.4,10.8,17.8,,,37,7.6,,1019.1,
2001-05-10,14.9,7.3,21.8,,,21,8.0,,,
2001-05-11,15.8,6.2,21.6,,,35,13.5,,1016.5,
2001-05-12,16.3,8.1,22.6,,,44,15.0,,1016.8,
2001-05-13,16.9,7.6,26.0,,,,,,,
2001-05-15,13.1,11.0,16.1,,,,7.2,,,
2001-05-16,15.5,10.7,22.2,,,126,6.6,,,
2001-05-17,13.6,11.9,15.3,,,271,8.5,,1013.3,
2001-05-18,11.4,7.0,14.6,,,269,10.1,,,
2001-05-19,11.8,3.3,18.4,,,,6.8,,1023.6,
2001-05-20,14.3,7.0,21.3,,,28,14.6,,1020.8,
2001-05-21,16.5,9.0,22.3,,,39,16.2,,1016.2,
2001-05-22,17.1,10.5,21.4,,,39,12.8,,1014.5,
2001-05-23,17.6,10.7,23.3,,,27,9.0,,1018.0,
2001-05-24,18.1,12.3,24.3,,,281,6.3,,1018.9,
2001-05-25,17.4,14.5,21.5,,,211,6.9,,,
2001-05-26,17.7,9.5,24.5,,,,2.6,,1019.9,
2001-05-27,19.4,11.7,26.0,,,217,7.6,,,
2001-05-28,20.9,13.7,26.8,,,245,8.2,,1023.5,
2001-05-29,21.3,13.6,27.7,,,231,7.5,,1021.5,
2001-05-30,21.4,13.3,27.8,,,,5.2,,1016.4,
2001-05-31,18.9,13.7,22.6,,,242,11.9,,1014.2,
2001-06-01,13.5,9.3,17.1,,,359,6.6,,1020.6,
2001-06-03,8.6,5.4,11.2,,,265,10.2,,1017.6,
2001-06-04,10.6,4.2,16.3,,,280,7.7,,1026.1,
2001-06-05,13.3,3.9,22.0,,,355,3.5,,1021.6,
2001-06-06,13.6,12.2,15.7,,,226,8.3,,1016.8,
2001-06-07,15.9,11.7,20.4,,,247,9.4,,1016.4,
2001-06-08,13.9,11.0,16.0,,,189,4.5,,,
2001-06-09,13.2,12.1,14.6,,,,4.7,,,
2001-06-10,12.7,10.4,14.0,,,,5.3,,,
2001-06-11,11.4,8.5,14.9,,,260,11.3,,,
2001-06-12,12.7,3.7,20.8,,,325,4.1,,,
2001-06-13,14.3,6.7,22.4,,,,6.9,,1015.8,
2001-06-14,15.6,9.5,22.2,,,,6.3,,1015.8,
2001-06-15,17.2,11.0,26.4,,,,6.6,,1013.6,
2001-06-16,15.5,12.6,19.0,,,188,8.2,,,
2001-06-17,14.0,11.9,19.0,,,230,10.9,,,
2001-06-18,12.8,11.3,14.9,,,266,14.1,,1021.0,
2001-06-19,13.0,10.4,16.5,,,300,5.6,,1025.8,
2001-06-20,14.6,7.4,21.0,,,34,6.3,,1021.8,
2001-06-21,17.3,8.1,26.0,,,,7.4,,1015.9,
2001-06-22,18.4,11.9,23.3,,,,12.5,,,
2001-06-23,16.3,8.0,23.6,,,,5.5,,1017.8,
2001-06-24,18.5,9.6,27.0,,,336,4.6,,1020.2,
2001-06-25,20.5,11.1,27.2,,,27,10.1,,1021.6,
2001-06-26,21.5,12.0,28.8,,,,8.2,,1018.1,
2001-06-27,20.2,13.1,28.9,,,291,7.1,,1014.3,
2001-06-28,17.0,15.6,20.6,,,,6.9,,,
2001-06-29,18.8,12.2,25.1,,,53,6.3,,,
2001-07-01,19.5,13.9,26.0,,,317,8.3,,1024.6,
2001-07-02,19.0,11.7,24.9,,,25,10.4,,1025.3,
2001-07-03,20.0,12.4,26.0,,,34,11.5,,,
2001-07-04,19.3,11.0,25.7,,,11,7.0,,1011.6,
2001-07-05,21.7,13.5,29.0,,,,9.4,,,
2001-07-06,23.4,13.5,29.9,,,19,12.4,,,
2001-07-08,17.9,14.8,22.2,,,223,11.6,,,
2001-07-09,18.0,13.5,22.8,,,,6.3,,,
2001-07-10,19.7,12.2,26.8,,,,4.9,,,
2001-07-11,18.3,15.9,19.9,,,265,10.2,,1016.3,
2001-07-12,17.1,10.2,22.3,,,237,6.5,,1017.0,
2001-07-13,16.8,14.4,21.1,,,213,7.2,,1014.1,
2001-07-14,19.6,15.4,24.6,,,,5.3,,1010.1,
2001-07-15,15.0,11.1,17.9,,,341,8.9,,1014.2,
2001-07-16,12.9,10.5,16.1,,,,5.6,,1016.4,
2001-07-17,16.5,11.0,22.2,,,,4.4,,1011.4,
2001-07-18,15.4,12.7,20.7,,,192,9.3,,1008.2,
2001-07-19,16.3,11.3,21.2,,,188,10.1,,,
2001-07-20,14.4,13.1,16.3,,,267,11.6,,,
2001-07-21,17.4,11.3,22.8,,,87,4.5,,1021.3,
2001-07-22,18.7,10.5,27.0,,,,,,,
2001-07-23,19.6,12.2,28.0,,,,6.6,,,
2001-07-24,19.2,15.1,26.0,,,,4.7,,1015.4,
2001-07-25,21.2,13.4,28.9,,,,11.2,,1015.6,
2001-07-26,21.7,13.7,28.5,,,,8.1,,,
2001-07-27,21.9,14.0,30.0,,,,4.2,,,
2001-07-28,21.9,15.0,29.4,,,,5.0,,1018.1,
2001-07-29,22.2,17.2,28.4,,,,5.2,,1020.3,
2001-07-30,22.6,16.4,28.7,,,,3.5,,1022.8,
2001-07-31,22.6,14.5,30.6,,,302,4.6,,,
2001-08-01,23.3,16.8,29.9,,,,5.1,,1020.7,
2001-08-02,23.8,15.4,32.2,,,,4.7,,,
2001-08-03,19.8,17.5,24.3,,,,5.3,,,
2001-08-04,17.8,15.9,20.1,,,,7.2,,1018.9,
2001-08-05,17.0,12.9,20.9,,,233,8.8,,1021.8,
2001-08-06,16.3,11.3,20.5,,,,7.4,,1019.8,
2001-08-07,19.7,16.0,25.0,,,252,11.0,,,
2001-08-08,18.0,15.2,21.5,,,218,7.3,,1012.9,
2001-08-09,18.2,15.2,22.1,,,245,6.1,,,
2001-08-10,16.8,14.4,19.8,,,,11.5,,,
2001-08-12,15.6,8.6,24.0,,,,,,,
2001-08-13,18.2,10.1,26.2,,,,3.2,,1018.5,
2001-08-14,20.1,11.8,28.8,,,,,,,
2001-08-15,22.7,14.7,30.8,,,109,3.9,,1017.0,
2001-08-16,21.7,17.7,27.3,,,215,9.2,,1017.8,
2001-08-17,19.5,17.0,22.3,,,,6.4,,,
2001-08-18,20.4,13.4,27.3,,,,3.9,,,
2001-08-19,20.8,16.0,26.8,,,,,,,
2001-08-20,18.3,15.9,23.2,,,173,7.3,,,
2001-08-21,18.1,13.7,24.6,,,,,,,
2001-08-22,19.1,12.0,25.6,,,29,7.7,,,
2001-08-23,20.3,14.0,26.5,,,,,,,
2001-08-24,20.8,14.0,28.0,,,,,,,
2001-08-25,21.3,14.0,29.0,,,,,,,
2001-08-26,21.6,15.0,30.0,,,,,,,
2001-08-27,21.5,15.0,30.0,,,,,,,
2001-08-28,19.5,16.0,23.0,,,,8.0,,,
2001-08-29,17.8,11.0,24.5,,,,8.2,,,
2001-08-30,16.9,14.0,21.4,,,,,,,
2001-08-31,14.5,11.6,16.3,,,,5.7,,,
2001-09-01,12.9,11.0,16.0,,,,,,,
2001-09-02,14.2,10.0,20.0,,,,,,,
2001-09-03,15.0,8.0,23.0,,,,,,,
2001-09-04,13.3,11.0,15.0,,,,8.3,,,
2001-09-05,11.6,9.9,15.0,,,,12.9,,,
2001-09-07,14.4,11.8,17.5,,,,8.7,,,
2001-09-08,14.2,13.0,15.7,,,250,16.5,,,
2001-09-09,10.9,8.0,14.0,,,,11.6,,,
2001-09-11,10.5,7.0,13.2,,,,,,,
2001-09-12,11.4,9.0,14.0,,,,5.9,,,
2001-09-13,13.4,8.0,19.3,,,,,,,
2001-09-14,11.8,10.0,15.6,,,,,,,
2001-09-15,12.3,9.0,16.2,,,,,,,
2001-09-16,10.2,8.0,12.0,,,252,11.3,,,
2001-09-17,7.9,6.7,10.0,,,208,7.3,,,
2001-09-18,8.5,5.0,14.1,,,,,,,
2001-09-19,8.5,3.0,13.6,,,,,,,
2001-09-20,12.9,10.6,16.6,,,,12.0,,1016.0,
2001-09-21,12.2,11.0,14.7,,,187,5.9,,1017.1,
2001-09-22,10.7,9.2,12.1,,,,4.1,,,
2001-09-23,10.5,9.3,11.6,,,9,8.9,,,
2001-09-24,12.0,10.0,15.1,,,,5.1,,1010.2,
2001-09-25,10.4,8.6,13.1,,,,3.8,,1018.0,
2001-09-26,11.1,6.5,16.9,,,199,3.6,,,
2001-09-27,11.5,5.4,18.0,,,,2.2,,,
2001-09-28,11.4,5.8,20.3,,,,,,,
2001-09-29,12.1,7.1,17.2,,,,4.3,,1015.8,
2001-09-30,14.7,12.2,18.9,,,189,5.3,,,
2001-10-01,14.7,7.9,22.0,,,175,7.9,,,
2001-10-02,19.6,15.8,25.0,,,,9.9,,,
2001-10-03,16.2,10.0,22.5,,,,6.1,,,
2001-10-04,13.8,9.1,17.4,,,,7.1,,1018.6,
2001-10-05,10.5,7.0,15.0,,,,3.4,,1015.2,
2001-10-06,15.7,11.4,21.8,,,54,4.8,,1013.4,
2001-10-07,14.3,12.3,16.4,,,171,5.8,,1011.5,
2001-10-08,12.0,10.4,16.8,,,,5.8,,,
2001-10-09,12.3,10.2,16.2,,,20,3.2,,1018.0,
2001-10-10,13.1,8.9,18.8,,,,,,,
2001-10-11,11.2,7.4,18.1,,,,3.2,,1032.6,
2001-10-12,11.2,9.1,15.5,,,,3.9,,1030.2,
2001-10-13,11.6,8.8,18.0,,,,2.9,,,
2001-10-14,13.7,8.1,21.7,,,,2.5,,,
2001-10-15,13.7,9.9,20.6,,,,,,,
2001-10-16,15.8,12.1,19.9,,,47,7.9,,,
2001-10-17,14.9,10.1,17.2,,,,5.4,,,
2001-10-18,12.8,10.3,16.6,,,,3.0,,,
2001-10-19,12.2,9.5,17.3,,,353,5.8,,1015.8,
2001-10-20,12.3,10.3,16.3,,,,7.3,,,
2001-10-21,12.4,9.7,15.2,,,175,7.2,,,
2001-10-22,12.7,7.8,18.0,,,,8.0,,1016.7,
2001-10-23,9.7,5.4,14.0,,,,2.8,,,
2001-10-24,11.3,9.9,13.0,,,220,5.1,,1026.0,
2001-10-25,10.8,9.5,12.2,,,212,9.2,,1027.7,
2001-10-26,8.1,5.4,11.2,,,,3.9,,,
2001-10-27,9.9,5.0,15.5,,,,4.1,,,
2001-10-28,11.0,5.9,17.0,,,,3.8,,,
2001-10-29,11.8,8.0,17.2,,,189,6.7,,,
2001-10-30,12.0,6.5,19.1,,,,5.7,,1027.4,
2001-10-31,11.7,6.0,18.7,,,215,9.3,,1024.5,
2001-11-01,6.0,1.6,10.3,,,,7.0,,1036.3,
2001-11-02,6.0,1.9,11.0,,,29,11.2,,1039.1,
2001-11-03,4.8,1.0,10.0,,,,3.3,,1033.2,
2001-11-04,4.7,0.0,10.9,,,,4.0,,1025.8,
2001-11-05,5.5,1.4,8.8,,,,5.2,,,
2001-11-06,7.1,5.2,10.0,,,270,9.4,,1021.1,
2001-11-07,8.4,6.3,11.0,,,240,20.1,,,
2001-11-08,8.6,3.9,10.7,,,249,28.2,,,
2001-11-09,1.7,0.6,3.5,,,,8.6,,,
2001-11-10,1.2,-0.4,3.8,,,48,19.5,,1026.7,
2001-11-11,-0.3,-1.8,2.0,,,,9.7,,1024.3,
2001-11-12,1.2,-0.2,3.4,,,,4.6,,,
2001-11-13,1.7,0.0,3.0,,,,4.1,,,
2001-11-14,0.6,-0.5,2.1,,,47,12.3,,,
2001-11-15,0.3,-1.0,2.7,,,68,14.9,,,
2001-11-16,-0.5,-2.0,1.7,,,69,8.8,,1038.2,
2001-11-17,0.8,0.0,1.5,,,119,6.2,,,
2001-11-18,0.7,-0.6,2.0,,,,4.6,,,
2001-11-19,0.0,-0.6,0.7,,,55,10.8,,,
2001-11-20,0.9,-2.7,4.3,,,,6.1,,,
2001-11-22,1.0,-3.1,4.9,,,229,11.7,,1026.2,
2001-11-23,1.2,-0.9,3.7,,,272,10.9,,1023.6,
2001-11-24,0.1,-1.8,1.5,,,198,4.3,,1027.9,
2001-11-25,2.6,0.4,4.4,,,177,3.8,,1022.7,
2001-11-26,6.0,4.6,7.4,,,,3.9,,1015.0,
2001-11-27,5.5,2.1,7.2,,,224,7.6,,1013.9,
2001-11-28,2.0,-1.1,4.1,,,204,8.3,,1021.7,
2001-11-29,3.4,-0.5,6.4,,,199,6.9,,,
2001-11-30,6.2,4.0,8.5,,,181,10.4,,,
2001-12-01,8.7,7.5,10.4,,,188,5.7,,1021.7,
2001-12-02,8.7,7.0,10.0,,,,,,,
2001-12-03,8.2,7.0,9.4,,,,,,,
2001-12-04,8.1,6.8,9.3,,,221,11.8,,,
2001-12-05,8.0,7.0,9.1,,,229,9.0,,1025.3,
2001-12-06,7.6,1.7,10.2,,,263,16.7,,1027.9,
2001-12-07,2.1,-0.3,4.0,,,6,10.7,,1035.7,
2001-12-08,2.4,0.3,3.2,,,52,14.4,,1036.7,
2001-12-09,-0.2,-2.0,1.8,,,49,13.4,,,
2001-12-10,-2.2,-2.7,-1.7,,,42,11.3,,1039.7,
2001-12-11,-0.5,-3.7,2.6,,,352,6.5,,1035.8,
2001-12-12,1.6,0.8,2.5,,,52,8.7,,,
2001-12-13,-1.3,-10.2,2.0,,,,19.8,,,
2001-12-14,-10.8,-13.0,-8.6,,,68,20.1,,,
2001-12-15,-9.8,-12.0,-8.0,,,,11.8,,,
2001-12-16,-4.6,-12.0,-1.0,,,70,12.2,,,
2001-12-17,-4.1,-7.0,-0.9,,,,5.0,,,
2001-12-18,-3.1,-9.1,-0.2,,,,6.9,,,
2001-12-19,-2.5,-3.4,-1.5,,,,5.3,,,
2001-12-20,-3.5,-8.9,-1.7,,,,5.4,,1028.5,
2001-12-21,-4.4,-7.7,-0.8,,,,6.6,,1023.9,
2001-12-22,0.0,-1.3,1.4,,,249,17.2,,1011.8,
2001-12-23,-3.7,-7.0,-1.3,,,264,9.5,,1017.9,
2001-12-24,-8.0,-13.9,-2.1,,,,6.4,,1022.4,
2001-12-25,1.6,-1.8,3.4,,,241,23.8,,1010.7,
2001-12-26,0.5,-2.2,2.6,,,252,14.7,,1007.7,
2001-12-27,-2.0,-5.6,0.1,,,225,11.9,,1018.6,
2001-12-28,4.1,-0.4,6.6,,,239,29.3,,1013.3,
2001-12-29,6.3,5.1,8.0,,,242,31.0,,1003.6,
2001-12-30,0.3,-3.7,5.4,,,258,13.5,,,
2001-12-31,-2.2,-4.7,0.2,,,,4.7,,1027.1,
2002-01-01,-5.7,-9.4,-1.0,,,,3.4,,,
2002-01-02,-5.9,-10.0,-0.6,,,,4.9,,1038.6,
2002-01-04,-6.7,-9.8,-3.9,,,,6.1,,1037.1,
2002-01-05,-6.1,-8.8,-4.5,,,,2.2,,1040.9,
2002-01-06,-6.1,-7.5,-4.6,,,,2.9,,,
2002-01-07,-2.7,-6.6,0.4,,,26,8.3,,,
2002-01-08,-2.3,-5.2,0.3,,,,3.6,,,
2002-01-09,-3.6,-4.5,-2.2,,,238,3.5,,1041.2,
2002-01-10,-4.5,-5.6,-2.3,,,284,3.3,,,
2002-01-11,-4.1,-6.1,-0.9,,,212,4.2,,1038.8,
2002-01-12,-1.3,-4.2,1.7,,,,4.0,,1036.8,
2002-01-13,-1.4,-2.0,-0.6,,,,4.4,,1033.3,
2002-01-14,-1.5,-2.1,-1.0,,,55,7.2,,1030.5,
2002-01-15,-2.5,-3.0,-1.8,,,,4.4,,1024.8,
2002-01-16,-1.6,-3.4,0.3,,,,4.5,,,
2002-01-17,-0.2,-1.0,0.9,,,,4.1,,1027.2,
2002-01-18,0.4,-2.6,2.7,,,220,5.8,,1026.3,
2002-01-19,-0.1,-3.8,3.4,,,171,7.1,,1025.7,
2002-01-20,5.1,3.0,7.6,,,232,12.8,,1026.9,
2002-01-21,4.9,-1.3,9.9,,,221,7.0,,1022.9,
2002-01-22,3.1,-3.4,9.0,,,,9.0,,,
2002-01-23,2.5,-1.4,5.9,,,,4.8,,1013.9,
2002-01-24,6.0,3.1,7.9,,,219,15.7,,,
2002-01-25,6.1,2.4,8.0,,,248,12.2,,,
2002-01-26,8.1,1.4,12.6,,,232,14.5,,,
2002-01-27,9.8,7.7,12.0,,,249,27.8,,,
2002-01-28,11.1,7.3,14.0,,,238,16.2,,,
2002-01-29,4.4,-0.3,9.2,,,,5.6,,,
2002-01-30,2.5,-3.4,12.5,,,219,4.5,,1027.4,
2002-01-31,5.3,0.7,11.1,,,185,8.0,,1024.6,
2002-02-01,7.7,3.2,12.7,,,198,8.4,,1028.2,
2002-02-02,4.8,-1.2,13.8,,,,2.7,,,
2002-02-03,4.2,-2.3,14.5,,,,3.7,,,
2002-02-04,7.2,1.6,11.6,,,214,9.6,,1025.6,
2002-02-05,8.4,0.6,11.7,,,199,10.4,,1016.6,
2002-02-06,5.3,2.3,8.2,,,204,8.9,,1008.9,
2002-02-07,3.5,1.3,7.1,,,,5.4,,,
2002-02-08,3.8,0.3,5.6,,,190,9.9,,1028.8,
2002-02-09,8.5,5.1,12.0,,,219,12.3,,,
2002-02-10,6.8,4.9,9.2,,,252,24.6,,1018.6,
2002-02-11,8.7,5.0,11.8,,,233,14.3,,1020.2,
2002-02-12,10.8,6.2,15.4,,,239,14.8,,1021.7,
2002-02-13,11.2,7.6,14.3,,,236,13.2,,,
2002-02-14,6.4,4.8,8.0,,,41,16.1,,,
2002-02-15,2.2,-1.2,4.4,,,42,16.2,,1021.4,
2002-02-16,2.8,-0.7,5.8,,,,6.7,,1024.4,
2002-02-17,0.8,-3.3,7.6,,,,2.8,,,
2002-02-18,1.5,-4.8,8.8,,,,7.5,,1023.2,
2002-02-19,3.6,2.1,6.5,,,252,17.6,,1027.3,
2002-02-20,4.7,4.0,6.0,,,244,25.5,,,
2002-02-21,1.2,-3.6,3.4,,,301,12.8,,1013.2,
2002-02-22,-0.8,-6.2,3.7,,,210,13.8,,1019.0,
2002-02-25,5.2,0.8,8.8,,,236,21.1,,,
2002-02-26,9.3,6.6,11.7,,,243,26.0,,,
2002-02-27,7.9,4.9,11.1,,,254,16.6,,1008.1,
2002-02-28,6.6,3.4,10.3,,,250,16.7,,1010.0,
2002-03-01,5.4,1.7,9.0,,,94,6.2,,,
2002-03-02,3.9,2.0,5.0,,,310,5.4,,,
2002-03-03,3.6,-0.4,6.4,,,,4.9,,1019.2,
2002-03-04,2.6,-3.3,9.3,,,10,7.1,,,
2002-03-05,2.8,-2.8,9.6,,,,3.3,,,
2002-03-06,5.2,0.0,11.3,,,288,8.9,,,
2002-03-07,8.7,6.4,12.0,,,261,15.4,,1021.4,
2002-03-08,8.8,4.2,13.1,,,27,8.5,,,
2002-03-09,7.4,0.5,13.5,,,238,9.1,,1018.2,
2002-03-10,7.8,3.0,12.9,,,238,5.0,,1021.2,
2002-03-11,7.4,-1.6,18.4,,,,4.5,,,
2002-03-12,8.6,1.0,17.0,,,,3.4,,,
2002-03-13,10.4,2.0,19.1,,,,2.9,,,
2002-03-14,7.0,2.0,13.0,,,,6.6,,,
2002-03-15,6.2,0.0,12.1,,,,3.6,,,
2002-03-16,8.9,1.3,16.3,,,27,6.6,,1016.3,
2002-03-17,9.6,2.7,17.1,,,,4.6,,1014.0,
2002-03-18,10.4,2.9,16.7,,,,10.6,,1012.0,
2002-03-19,11.4,9.7,13.2,,,247,28.8,,1009.5,
2002-03-20,13.0,11.5,15.2,,,249,28.3,,,
2002-03-21,13.1,10.1,15.9,,,258,19.8,,1022.2,
2002-03-22,9.0,4.2,11.3,,,274,14.6,,1024.2,
2002-03-23,4.4,2.0,6.4,,,14,9.7,,1028.2,
2002-03-24,2.4,0.0,5.1,,,,9.2,,1031.5,
2002-03-25,2.2,-1.2,6.0,,,48,13.4,,,
2002-03-27,2.9,-2.2,9.1,,,46,15.4,,1028.2,
2002-03-28,4.5,-2.0,11.2,,,35,13.9,,1027.1,
2002-03-29,7.0,-2.1,16.6,,,,8.1,,1023.8,
2002-03-30,5.1,-0.5,9.8,,,,4.6,,1024.9,
2002-03-31,8.2,-0.4,16.1,,,,6.5,,1021.5,
2002-04-01,8.1,0.0,17.4,,,,3.9,,1018.5,
2002-04-02,10.2,0.4,19.2,,,,8.3,,1016.0,
2002-04-03,12.8,4.8,19.7,,,40,8.0,,,
2002-04-04,10.7,2.6,18.4,,,29,11.2,,1004.6,
2002-04-05,8.7,3.5,14.3,,,38,11.7,,,
2002-04-06,6.2,-0.3,11.0,,,50,19.6,,1011.7,
2002-04-07,5.7,-0.5,11.8,,,42,14.3,,1017.3,
2002-04-08,6.3,3.8,9.0,,,,7.1,,,
2002-04-09,7.0,0.1,12.6,,,37,15.8,,,
2002-04-10,7.1,2.2,12.3,,,55,19.1,,,
2002-04-12,9.8,4.8,15.5,,,,5.9,,,
2002-04-13,8.6,6.7,9.3,,,350,9.2,,,
2002-04-14,5.5,3.3,7.3,,,261,8.0,,,
2002-04-15,4.7,2.4,9.5,,,,6.6,,,
2002-04-16,5.0,-1.5,11.4,,,,8.7,,,
2002-04-17,7.6,5.2,11.2,,,264,5.8,,,
2002-04-18,8.4,1.0,16.0,,,,4.0,,,
2002-04-19,9.7,5.7,14.6,,,,8.5,,,
2002-04-20,6.5,1.5,10.7,,,,6.3,,1028.2,
2002-04-21,9.7,4.6,13.8,,,360,16.3,,1032.4,
2002-04-22,11.2,4.4,18.1,,,,7.4,,,
2002-04-23,12.0,3.8,19.8,,,,4.2,,,
2002-04-24,11.2,10.0,12.7,,,297,4.9,,,
2002-04-25,13.7,9.0,19.6,,,178,7.4,,,
2002-04-26,12.6,8.0,19.3,,,215,11.7,,,
2002-04-27,9.6,5.9,12.9,,,265,15.4,,1015.5,
2002-04-28,10.3,2.7,17.6,,,210,11.3,,1010.9,
2002-04-29,10.2,6.1,15.3,,,240,15.2,,1012.4,
2002-04-30,12.6,6.5,19.5,,,,6.6,,1015.0,
2002-05-01,10.7,6.7,15.2,,,289,10.1,,1011.0,
2002-05-02,9.1,8.0,10.4,,,,5.9,,,
2002-05-03,7.7,7.3,8.5,,,315,8.4,,1011.0,
2002-05-04,6.6,5.3,8.1,,,,5.7,,1013.4,
2002-05-05,7.4,5.3,10.7,,,263,9.3,,1017.0,
2002-05-06,8.9,2.5,15.0,,,,8.0,,,
2002-05-07,11.9,4.0,19.4,,,24,10.1,,,
2002-05-08,14.9,9.1,19.5,,,,7.4,,,
2002-05-09,16.1,9.1,21.8,,,256,8.1,,,
2002-05-10,15.6,8.6,22.0,,,282,5.6,,1009.1,
2002-05-11,13.1,8.5,16.7,,,254,8.5,,1010.8,
2002-05-13,14.2,10.1,19.8,,,,5.5,,1016.8,
2002-05-15,14.5,6.3,21.7,,,,3.9,,1027.1,
2002-05-16,17.2,8.7,26.1,,,,3.2,,1022.2,
2002-05-17,19.8,10.0,28.0,,,,3.8,,1014.4,
2002-05-18,16.5,12.0,21.7,,,,9.4,,1015.6,
2002-05-19,12.8,10.8,15.4,,,,4.3,,1022.4,
2002-05-20,15.5,10.1,20.9,,,42,9.5,,1017.0,
2002-05-21,16.9,7.9,24.9,,,15,5.6,,1009.1,
2002-05-22,17.6,10.1,26.1,,,306,5.9,,1004.5,
2002-05-23,12.1,9.5,14.6,,,290,11.0,,1008.5,
2002-05-24,12.6,8.8,18.4,,,210,5.7,,,
2002-05-25,11.4,8.1,16.7,,,202,7.7,,,
2002-05-26,10.7,5.3,17.6,,,,6.0,,,
2002-05-27,9.4,6.7,12.0,,,,6.2,,,
2002-05-28,10.3,6.8,15.0,,,206,5.7,,,
2002-05-29,11.3,7.0,15.3,,,,7.6,,1019.3,
2002-05-30,13.4,4.0,20.8,,,,5.7,,,
2002-05-31,15.9,8.0,22.4,,,,3.9,,1024.8,
2002-06-01,17.4,8.4,24.4,,,35,8.9,,,
2002-06-02,17.9,9.6,24.3,,,39,11.3,,,
2002-06-03,15.5,9.2,20.5,,,340,6.5,,1014.3,
2002-06-04,18.9,12.7,25.4,,,65,5.8,,,
2002-06-05,17.4,13.3,22.5,,,281,9.4,,999.4,
2002-06-06,15.4,11.9,21.8,,,,6.9,,,
2002-06-07,13.8,11.7,16.3,,,260,9.7,,,
2002-06-08,14.5,10.0,18.5,,,,3.4,,,
2002-06-09,14.7,12.8,17.4,,,343,7.2,,1009.8,
2002-06-10,13.5,11.2,17.0,,,279,12.8,,,
2002-06-12,17.0,6.6,25.3,,,,5.7,,,
2002-06-13,20.0,13.1,26.0,,,244,9.4,,,
2002-06-15,22.5,13.7,30.6,,,,6.5,,,
2002-06-16,22.8,17.3,28.5,,,,4.5,,,
2002-06-17,24.1,15.3,32.9,,,,3.3,,1019.0,
2002-06-21,22.4,17.0,29.8,,,,6.0,,,
2002-06-22,23.5,15.6,30.0,,,,5.6,,,
2002-06-23,25.3,18.3,32.0,,,,5.9,,,
2002-06-24,19.4,17.3,21.9,,,,9.0,,1021.0,
2002-06-25,19.1,15.3,24.0,,,39,10.2,,,
2002-06-26,18.8,10.4,25.6,,,335,5.0,,1021.8,
2002-06-27,19.5,12.3,26.3,,,,7.1,,1015.7,
2002-06-28,16.4,12.3,20.3,,,,8.7,,,
2002-06-29,14.9,9.3,20.7,,,,5.3,,1021.6,
2002-06-30,15.8,7.7,23.2,,,326,6.8,,,
2002-07-01,19.1,12.0,26.0,,,,9.1,,,
2002-07-02,16.8,14.9,19.1,,,,7.1,,,
2002-07-03,18.1,11.3,25.2,,,245,12.2,,1009.1,
2002-07-04,15.5,11.0,19.6,,,286,13.6,,,
2002-07-05,16.2,6.2,24.4,,,312,5.4,,1016.6,
2002-07-06,16.0,13.5,18.0,,,221,6.2,,1016.1,
2002-07-07,18.7,14.4,24.6,,,,3.1,,1019.2,
2002-07-08,20.8,11.2,30.1,,,,3.5,,1015.2,
2002-07-09,20.9,15.0,29.3,,,247,7.0,,,
2002-07-10,15.9,13.5,22.0,,,285,8.2,,,
2002-07-11,17.4,12.0,22.6,,,,6.5,,,
2002-07-12,20.0,12.1,27.2,,,,3.4,,1018.7,
2002-07-13,16.8,14.8,19.6,,,225,7.3,,1016.3,
2002-07-14,17.4,13.0,22.9,,,,7.7,,,
2002-07-15,18.8,16.0,22.9,,,24,16.1,,,
2002-07-16,18.4,16.7,21.0,,,329,11.9,,1010.7,
2002-07-17,16.1,14.3,17.2,,,247,8.1,,1013.2,
2002-07-18,17.3,14.0,21.6,,,214,7.2,,1016.4,
2002-07-19,17.8,11.3,24.0,,,,6.8,,,
2002-07-20,18.8,9.4,26.9,,,,4.7,,1016.9,
2002-07-21,18.9,14.0,24.0,,,,10.1,,,
2002-07-22,17.9,11.6,23.1,,,333,6.8,,1018.9,
2002-07-23,18.2,9.9,26.6,,,,5.1,,1016.6,
2002-07-24,18.2,14.1,22.5,,,241,11.9,,1015.7,
2002-07-25,17.0,14.2,19.6,,,256,8.2,,,
2002-07-26,17.1,13.8,20.4,,,202,5.2,,1019.9,
2002-07-28,20.0,12.9,27.5,,,9,6.7,,1018.2,
2002-07-30,22.7,14.2,30.6,,,,5.8,,,
2002-07-31,20.3,17.1,26.4,,,240,9.3,,,
2002-08-01,17.6,15.2,22.0,,,,6.9,,,
2002-08-02,17.7,9.9,25.6,,,347,5.1,,1015.6,
2002-08-03,17.7,14.1,22.4,,,,7.4,,,
2002-08-04,17.4,14.3,20.4,,,,5.1,,1014.5,
2002-08-05,17.9,12.0,24.6,,,,4.8,,1014.7,
2002-08-06,15.1,12.4,18.7,,,264,5.3,,1014.0,
2002-08-07,15.2,13.6,17.4,,,219,7.4,,1016.8,
2002-08-08,17.1,12.8,22.7,,,,4.0,,1014.3,
2002-08-09,15.4,12.1,20.6,,,,5.6,,1008.9,
2002-08-10,13.6,11.4,15.2,,,287,6.4,,,
2002-08-11,12.4,11.0,14.5,,,226,8.1,,,
2002-08-12,16.1,14.3,19.1,,,263,12.8,,1012.7,
2002-08-13,16.8,12.9,21.0,,,239,6.4,,,
2002-08-14,16.8,8.8,23.8,,,,12.0,,1020.4,
2002-08-15,18.7,11.5,25.2,,,41,9.4,,1017.6,
2002-08-16,19.1,11.5,26.3,,,,6.6,,1017.8,
2002-08-17,19.7,11.8,27.0,,,,6.9,,,
2002-08-18,20.2,12.4,28.0,,,,2.4,,1014.0,
2002-08-19,20.7,12.4,29.0,,,,3.4,,1015.6,
2002-08-20,19.9,15.4,27.2,,,,7.8,,,
2002-08-21,18.0,16.0,21.9,,,,7.0,,,
2002-08-22,16.9,11.0,23.6,,,20,6.8,,1016.2,
2002-08-23,16.9,13.1,22.7,,,306,3.8,,1016.9,
2002-08-24,18.4,11.0,25.3,,,,4.6,,,
2002-08-25,20.2,15.9,25.6,,,,7.9,,1019.4,
2002-08-26,19.5,14.7,24.6,,,312,7.5,,1015.0,
2002-08-27,18.2,15.8,21.1,,,251,6.7,,1015.8,
2002-08-28,18.2,11.7,24.9,,,,3.6,,1014.7,
2002-08-29,18.9,13.5,25.0,,,353,7.0,,1016.0,
2002-08-30,18.7,13.7,25.5,,,2,5.0,,1018.9,
2002-08-31,18.6,14.3,26.0,,,,5.5,,1018.6,
2002-09-01,15.9,14.5,17.0,,,,9.5,,1023.2,
2002-09-02,15.2,14.0,17.2,,,33,10.8,,,
2002-09-03,14.6,13.0,17.1,,,351,6.4,,1018.3,
2002-09-04,16.1,11.9,20.8,,,,4.8,,1015.7,
2002-09-06,16.3,11.8,22.9,,,7,6.5,,,
2002-09-07,17.0,12.2,23.0,,,,4.8,,,
2002-09-08,18.6,13.2,24.5,,,,4.7,,,
2002-09-09,16.6,11.7,24.0,,,272,6.5,,1013.1,
2002-09-10,14.6,12.0,17.2,,,220,6.0,,1020.7,
2002-09-11,13.5,10.1,17.2,,,40,9.6,,1022.5,
2002-09-12,15.8,13.1,20.6,,,57,13.1,,1019.5,
2002-09-13,13.3,7.3,18.9,,,37,12.4,,1020.2,
2002-09-14,12.1,5.5,19.6,,,,6.1,,,
2002-09-15,12.2,6.7,17.7,,,,7.2,,,
2002-09-16,11.6,4.9,18.1,,,20,9.8,,1018.4,
2002-09-17,12.0,4.4,19.9,,,,3.7,,1017.5,
2002-09-18,13.8,5.8,23.1,,,,2.7,,1016.1,
2002-09-19,15.7,13.4,18.1,,,,4.8,,1015.9,
2002-09-20,17.4,15.2,20.5,,,190,6.2,,1017.3,
2002-09-21,15.8,13.1,18.7,,,18,7.0,,1014.9,
2002-09-22,12.6,10.6,16.0,,,350,7.5,,1010.3,
2002-09-23,8.7,7.9,10.6,,,306,6.4,,,
2002-09-24,6.0,3.6,7.9,,,12,14.3,,1012.9,
2002-09-25,4.5,2.5,6.4,,,,4.9,,1018.7,
2002-09-26,7.5,5.6,9.2,,,192,5.2,,,
2002-09-27,10.0,7.7,14.3,,,,4.0,,,
2002-09-29,8.1,1.8,15.0,,,19,9.8,,,
2002-09-30,7.9,0.8,16.7,,,,3.6,,1028.6,
2002-10-01,9.0,3.9,17.7,,,,3.2,,1026.0,
2002-10-02,9.5,3.6,18.0,,,,2.6,,,
2002-10-03,11.9,6.7,19.1,,,,4.0,,,
2002-10-04,12.6,10.1,15.2,,,204,5.3,,1024.9,
2002-10-05,10.6,6.5,14.9,,,311,5.7,,,
2002-10-06,10.2,9.5,11.0,,,238,9.5,,1015.9,
2002-10-08,6.9,1.6,13.4,,,10,6.7,,1014.5,
2002-10-09,6.5,2.8,9.7,,,13,10.0,,,
2002-10-10,8.1,7.0,10.0,,,30,11.9,,1007.2,
2002-10-11,8.9,7.6,11.1,,,17,7.4,,1010.0,
2002-10-12,9.0,8.0,10.6,,,,4.3,,,
2002-10-13,10.2,6.0,13.6,,,,4.5,,,
2002-10-14,10.2,7.1,11.9,,,206,6.0,,1014.6,
2002-10-15,11.3,8.8,14.8,,,,3.1,,1014.6,
2002-10-16,15.3,11.4,21.9,,,,6.7,,1008.0,
2002-10-17,10.9,9.1,13.4,,,220,8.9,,,
2002-10-18,7.8,5.8,11.0,,,248,16.1,,,
2002-10-19,6.6,4.0,9.1,,,236,10.5,,,
2002-10-20,4.5,0.6,9.4,,,,3.4,,,
2002-10-21,7.3,2.5,12.1,,,288,5.5,,1010.2,
2002-10-22,13.1,8.0,17.2,,,,10.0,,,
2002-10-23,11.5,7.2,14.1,,,255,17.9,,1005.8,
2002-10-24,7.6,3.2,11.0,,,256,5.9,,1016.7,
2002-10-25,10.5,6.9,14.2,,,203,12.5,,,
2002-10-28,8.6,2.6,12.6,,,259,13.2,,1032.5,
2002-10-29,4.6,-1.8,11.3,,,,4.5,,,
2002-10-30,9.9,5.2,16.4,,,203,6.6,,1018.0,
2002-10-31,9.5,3.5,15.7,,,,3.0,,1019.3,
2002-11-01,10.1,5.1,13.8,,,,4.2,,,
2002-11-02,11.0,9.3,12.0,,,215,11.6,,1018.0,
2002-11-03,11.2,9.0,15.2,,,216,13.3,,1012.2,
2002-11-04,7.5,6.4,8.9,,,239,10.1,,,
2002-11-05,7.2,5.5,9.1,,,,6.0,,,
2002-11-06,5.6,0.7,10.1,,,,2.7,,,
2002-11-07,3.8,1.6,5.7,,,,8.9,,,
2002-11-08,4.3,2.6,7.1,,,238,10.1,,,
2002-11-09,5.9,3.7,8.0,,,224,18.9,,,
2002-11-10,5.5,2.9,8.0,,,160,8.1,,1013.0,
2002-11-11,9.8,5.2,12.8,,,227,16.6,,,
2002-11-12,3.9,0.2,8.0,,,208,4.8,,,
2002-11-13,4.8,1.0,10.8,,,,4.8,,1006.6,
2002-11-14,4.8,1.7,8.3,,,301,8.1,,,
2002-11-15,6.6,4.9,8.1,,,,4.0,,996.4,
2002-11-16,6.7,4.0,9.3,,,,7.1,,,
2002-11-17,7.7,2.6,13.0,,,,5.0,,,
2002-11-20,5.7,4.6,7.6,,,91,5.2,,,
2002-11-21,4.7,1.4,7.6,,,358,4.5,,1002.3,
2002-11-22,5.1,1.1,7.4,,,208,10.4,,1005.3,
2002-11-23,3.8,-1.1,8.5,,,336,5.4,,1011.8,
2002-11-24,6.2,3.9,8.7,,,,5.6,,,
2002-11-25,5.4,0.9,7.8,,,184,6.0,,1006.5,
2002-11-26,6.9,6.0,7.5,,,,2.8,,1014.5,
2002-11-27,7.7,6.8,8.6,,,,4.5,,1017.4,
2002-11-28,6.4,6.0,7.1,,,237,5.8,,1017.4,
2002-11-29,6.5,2.8,8.4,,,190,6.4,,1016.9,
2002-11-30,4.6,2.1,7.2,,,,2.4,,,
2002-12-01,3.5,1.3,6.1,,,,4.6,,1018.2,
2002-12-02,5.0,2.6,6.4,,,227,8.9,,1008.9,
2002-12-03,3.3,0.8,4.3,,,,3.9,,1011.1,
2002-12-04,3.0,1.6,4.0,,,,2.7,,1016.9,
2002-12-05,3.2,2.0,4.3,,,,7.3,,,
2002-12-06,4.2,2.6,6.0,,,53,14.7,,,
2002-12-07,2.1,1.7,2.4,,,37,11.6,,1019.6,
2002-12-08,1.1,0.0,2.3,,,43,13.1,,,
2002-12-09,-1.4,-2.1,0.5,,,31,10.9,,,
2002-12-10,-2.2,-3.0,-1.6,,,46,10.3,,,
2002-12-11,-3.1,-3.8,-2.2,,,16,10.3,,1024.0,
2002-12-12,-2.6,-3.4,-1.4,,,18,4.9,,,
2002-12-14,-0.1,-0.9,0.6,,,,5.8,,1023.2,
2002-12-15,2.9,0.0,6.9,,,237,6.1,,,
2002-12-16,6.8,6.1,8.0,,,223,12.3,,1019.0,
2002-12-17,6.0,4.6,6.9,,,317,6.5,,1019.6,
2002-12-18,3.2,1.0,4.0,,,39,14.0,,1026.4,
2002-12-19,0.8,0.1,1.1,,,48,9.2,,,
2002-12-20,2.3,-0.5,4.9,,,192,7.6,,1026.4,
2002-12-21,5.8,3.9,7.3,,,182,8.1,,1022.7,
2002-12-22,7.8,5.6,11.0,,,195,14.9,,,
2002-12-23,10.3,7.7,12.0,,,238,7.8,,1015.5,
2002-12-24,7.5,4.0,9.9,,,160,5.3,,,
2002-12-25,6.7,5.4,8.3,,,,3.5,,,
2002-12-26,6.1,4.8,7.8,,,,7.9,,1015.7,
2002-12-27,4.0,2.1,7.9,,,320,4.5,,1005.2,
2002-12-28,5.6,2.4,7.6,,,212,7.2,,1003.4,
2002-12-29,6.7,4.9,9.6,,,238,14.8,,,
2002-12-30,10.4,8.0,12.8,,,248,17.8,,1009.0,
2002-12-31,7.7,6.6,9.3,,,247,8.1,,1009.8,
2003-01-01,7.8,6.6,9.2,,,236,12.7,,,
2003-01-02,10.9,8.6,13.5,,,244,27.2,,,
2003-01-03,8.5,7.2,10.8,,,249,21.9,,1004.4,
2003-01-04,5.5,2.0,7.7,,,242,14.1,,1003.8,
2003-01-05,-1.8,-2.8,0.9,,,,9.3,,1011.8,
2003-01-06,-2.2,-3.2,-1.2,,,36,10.6,,1011.4,
2003-01-07,-3.9,-6.0,-2.3,,,48,11.2,,1015.2,
2003-01-09,-7.0,-8.0,-6.5,,,21,11.7,,1015.1,
2003-01-10,-7.8,-9.0,-6.8,,,,9.9,,,
2003-01-11,-5.7,-7.0,-4.2,,,72,19.4,,,
2003-01-12,-7.2,-9.8,-4.2,,,,10.8,,,
2003-01-13,-6.5,-12.4,-1.1,,,195,5.1,,1037.3,
2003-01-14,0.8,-1.3,3.3,,,,3.2,,1038.1,
2003-01-15,1.7,-0.7,4.4,,,180,6.1,,1033.4,
2003-01-16,0.7,-1.5,3.4,,,,4.3,,1032.5,
2003-01-17,0.4,-4.1,3.8,,,176,6.0,,,
2003-01-18,-0.1,-4.0,5.5,,,,3.9,,1023.2,
2003-01-19,-0.5,-4.1,4.8,,,193,7.0,,1016.7,
2003-01-20,2.4,-2.0,6.8,,,,4.7,,1012.5,
2003-01-21,1.1,-0.6,3.7,,,,4.8,,1000.8,
2003-01-22,4.2,-1.2,7.0,,,221,13.0,,1003.1,
2003-01-23,3.5,2.2,5.8,,,238,9.3,,,
2003-01-24,2.5,1.4,4.1,,,,7.9,,1034.1,
2003-01-25,1.1,0.6,2.0,,,35,7.6,,1035.9,
2003-01-26,0.9,-0.7,2.2,,,219,4.1,,1033.8,
2003-01-27,2.5,0.7,4.3,,,168,6.8,,,
2003-01-28,5.3,2.3,7.5,,,248,16.2,,,
2003-01-29,1.2,0.5,3.6,,,240,16.1,,1006.3,
2003-01-30,-0.2,-3.0,1.3,,,250,11.5,,1003.9,
2003-01-31,-4.2,-8.0,-2.0,,,305,6.4,,1013.0,
2003-02-01,-7.7,-12.3,-4.0,,,275,5.6,,,
2003-02-02,-1.0,-6.1,3.1,,,195,12.2,,,
2003-02-03,2.5,0.0,3.9,,,234,20.0,,1004.4,
2003-02-04,-0.1,-3.1,1.7,,,,6.4,,,
2003-02-05,-1.8,-6.0,-0.2,,,245,10.5,,1008.3,
2003-02-06,-1.4,-4.9,1.2,,,,9.8,,1020.8,
2003-02-07,-4.2,-10.3,0.0,,,,4.6,,1028.3,
2003-02-08,-0.1,-1.7,2.3,,,,2.9,,1026.8,
2003-02-09,-0.1,-3.6,2.0,,,,6.1,,1022.7,
2003-02-10,0.6,-0.2,2.0,,,,5.2,,1024.2,
2003-02-11,-1.2,-2.3,-0.2,,,46,10.3,,1028.2,
2003-02-12,-4.0,-4.8,-2.3,,,50,14.7,,1029.0,
2003-02-13,-4.3,-5.0,-3.0,,,45,10.2,,,
2003-02-14,-4.5,-5.3,-3.3,,,34,6.4,,,
2003-02-15,-4.8,-6.9,-2.3,,,44,10.1,,1031.1,
2003-02-18,-5.4,-9.0,-3.4,,,53,10.0,,,
2003-02-19,-6.3,-10.1,-2.0,,,,5.5,,,
2003-02-21,-4.2,-9.0,2.2,,,,3.6,,,
2003-02-25,-2.0,-7.8,6.2,,,,3.6,,1025.0,
2003-02-26,3.2,-4.9,12.4,,,,3.5,,,
2003-02-27,2.6,-4.9,11.6,,,,3.7,,,
2003-02-28,6.0,0.6,11.8,,,,5.0,,,
2003-03-01,7.0,0.5,14.4,,,,5.7,,1023.0,
2003-03-02,6.9,4.7,10.1,,,214,14.6,,,
2003-03-03,4.0,0.7,6.3,,,,9.0,,1021.0,
2003-03-04,2.3,-1.9,8.2,,,,2.7,,1025.1,
2003-03-05,7.0,1.2,14.9,,,,2.8,,,
2003-03-06,5.2,0.7,11.0,,,,7.5,,,
2003-03-07,4.7,-0.7,9.7,,,104,6.4,,1024.4,
2003-03-08,4.3,-0.6,10.2,,,196,7.2,,1026.6,
2003-03-09,6.6,0.5,14.0,,,,5.0,,,
2003-03-10,8.2,-1.3,18.0,,,,6.3,,,
2003-03-11,11.8,4.2,20.0,,,200,9.8,,,
2003-03-12,10.1,4.7,13.6,,,237,14.0,,1023.5,
2003-03-13,5.9,2.1,10.5,,,,12.5,,1031.0,
2003-03-14,3.2,-0.1,7.7,,,64,20.8,,1030.2,
2003-03-15,3.0,0.2,7.5,,,65,20.4,,,
2003-03-16,3.9,-0.7,9.3,,,70,19.1,,1039.1,
2003-03-17,4.2,-3.4,12.0,,,,4.4,,,
2003-03-19,5.3,-2.4,13.6,,,,4.9,,,
2003-03-20,6.2,-2.7,15.7,,,,3.7,,,
2003-03-22,4.9,-2.4,11.8,,,25,10.2,,1024.1,
2003-03-23,5.5,-3.3,15.2,,,,4.3,,,
2003-03-24,7.6,-2.0,18.0,,,,2.5,,,
2003-03-25,8.6,-0.1,18.2,,,,4.6,,1024.4,
2003-03-26,8.8,0.0,17.8,,,,2.2,,,
2003-03-27,10.4,1.3,19.7,,,,3.0,,,
2003-03-28,12.2,7.6,18.1,,,,3.9,,,
2003-03-29,13.1,8.0,19.9,,,,5.7,,1014.0,
2003-03-30,12.6,7.2,18.3,,,,6.7,,,
2003-03-31,11.0,9.3,14.5,,,,9.2,,,
2003-04-01,9.3,1.0,18.1,,,,8.6,,,
2003-04-02,7.3,2.8,14.0,,,258,16.4,,,
2003-04-03,3.9,1.8,6.3,,,26,9.7,,,
2003-04-04,3.7,-2.2,8.7,,,51,12.5,,,
2003-04-05,5.5,-2.8,13.2,,,,5.0,,,
2003-04-06,5.9,1.8,9.7,,,,11.4,,,
2003-04-07,-0.2,-3.8,2.7,,,65,14.4,,1023.2,
2003-04-08,1.8,-4.2,7.4,,,68,11.3,,1021.8,
2003-04-09,3.7,1.0,6.7,,,167,7.5,,1013.2,
2003-04-10,2.7,-0.5,4.0,,,335,8.7,,,
2003-04-11,4.5,-1.0,10.2,,,,5.5,,1012.2,
2003-04-12,7.1,3.6,10.3,,,,4.2,,1016.6,
2003-04-13,9.5,0.6,18.0,,,,10.8,,1021.1,
2003-04-14,12.2,3.1,20.5,,,29,13.6,,1016.5,
2003-04-15,13.5,5.1,21.8,,,35,13.9,,1018.7,
2003-04-16,14.6,4.2,21.3,,,35,11.7,,1020.3,
2003-04-17,13.1,5.2,19.6,,,33,14.2,,1023.3,
2003-04-18,12.6,4.2,19.3,,,39,11.8,,1022.1,
2003-04-19,7.6,2.5,12.0,,,57,17.0,,1013.5,
2003-04-20,11.1,1.4,21.1,,,105,7.9,,1009.2,
2003-04-21,10.6,8.9,14.6,,,178,11.0,,1014.3,
2003-04-22,11.6,5.9,17.6,,,,,,1015.3,
2003-04-23,12.0,5.0,18.8,,,,6.7,,1014.1,
2003-04-24,12.8,3.8,21.1,,,,3.6,,,
2003-04-25,14.9,5.3,23.6,,,,3.3,,1016.2,
2003-04-26,13.8,10.1,19.0,,,211,11.2,,,
2003-04-27,13.1,10.0,17.3,,,266,16.1,,1016.4,
2003-04-28,14.7,4.9,23.4,,,,5.3,,1011.5,
2003-04-29,15.1,8.9,20.5,,,312,5.3,,1014.1,
2003-04-30,12.7,9.4,17.6,,,,8.5,,1014.3,
2003-05-01,13.2,7.7,18.2,,,,8.2,,1022.2,
2003-05-02,12.5,5.5,18.8,,,,5.7,,1017.4,
2003-05-03,13.0,7.6,18.2,,,269,9.3,,1023.7,
2003-05-04,14.2,2.8,25.5,,,329,5.2,,1021.0,
2003-05-05,17.5,7.5,27.3,,,,4.8,,,
2003-05-06,19.6,11.8,26.6,,,325,6.9,,1014.6,
2003-05-07,20.0,14.6,26.7,,,27,12.7,,1018.3,
2003-05-08,18.8,13.9,25.1,,,302,7.2,,1017.9,
2003-05-09,14.7,12.2,17.2,,,,7.1,,,
2003-05-11,16.8,13.3,21.3,,,46,5.5,,1019.2,
2003-05-12,15.6,12.3,20.0,,,228,6.3,,1018.8,
2003-05-13,10.9,8.0,13.4,,,246,8.3,,1018.2,
2003-05-14,7.9,4.0,11.7,,,,9.2,,1023.5,
2003-05-15,8.7,2.4,15.2,,,,4.0,,1024.1,
2003-05-16,11.1,0.7,19.6,,,347,5.9,,1017.2,
2003-05-17,11.8,8.4,15.0,,,,6.7,,1016.0,
2003-05-19,17.4,11.9,24.8,,,225,12.1,,1015.7,
2003-05-20,11.3,7.7,14.7,,,253,11.8,,1021.0,
2003-05-21,10.1,7.9,12.8,,,245,9.4,,1026.6,
2003-05-22,9.5,5.0,11.5,,,175,7.0,,1028.7,
2003-05-23,16.6,10.5,24.5,,,196,7.3,,1019.8,
2003-05-24,18.2,9.3,27.1,,,,5.7,,1008.3,
2003-05-25,12.3,11.0,16.5,,,292,9.2,,1015.4,
2003-05-26,12.4,10.4,14.4,,,18,9.0,,1020.2,
2003-05-27,15.4,13.1,18.9,,,359,8.4,,1020.9,
2003-05-29,17.9,14.0,22.8,,,58,8.9,,,
2003-05-30,18.3,10.7,25.7,,,,4.2,,1014.3,
2003-05-31,20.1,12.1,27.4,,,,6.4,,1013.1,
2003-06-01,19.6,12.2,27.5,,,,4.8,,1011.9,
2003-06-02,19.8,13.3,27.0,,,,7.7,,,
2003-06-03,21.2,14.3,27.7,,,,4.1,,1013.2,
2003-06-04,23.3,16.0,30.2,,,,5.5,,,
2003-06-05,22.8,16.1,28.5,,,286,8.0,,1017.9,
2003-06-06,21.0,17.3,25.9,,,296,6.3,,1020.2,
2003-06-07,22.3,17.2,28.0,,,,5.1,,,
2003-06-08,21.6,14.9,27.6,,,,6.4,,,
2003-06-09,21.7,16.6,26.9,,,98,5.8,,1018.9,
2003-06-10,23.0,13.6,31.7,,,,5.2,,,
2003-06-11,24.6,18.3,30.6,,,,5.7,,1018.7,
2003-06-12,24.7,16.6,33.3,,,,5.2,,1017.9,
2003-06-13,22.9,19.0,28.1,,,145,7.0,,1020.4,
2003-06-14,23.1,16.2,31.4,,,,5.5,,1018.8,
2003-06-15,22.9,17.8,29.7,,,,4.9,,1016.8,
2003-06-16,22.4,15.9,28.6,,,,5.9,,1013.3,
2003-06-17,21.7,13.7,29.9,,,302,7.5,,1011.7,
2003-06-18,20.7,17.8,24.7,,,282,13.6,,1018.7,
2003-06-19,20.1,12.3,27.2,,,,7.0,,1023.8,
2003-06-20,21.9,14.7,28.2,,,266,13.3,,1020.2,
2003-06-21,21.2,12.6,28.0,,,333,8.5,,1017.6,
2003-06-22,22.2,11.2,32.6,,,10,6.9,,1013.0,
2003-06-23,25.7,14.3,36.0,,,232,12.4,,1010.8,
2003-06-24,25.8,17.7,33.0,,,,9.9,,,
2003-06-25,25.6,19.2,33.0,,,352,6.9,,1016.5,
2003-06-26,22.2,16.5,31.1,,,274,8.8,,1014.8,
2003-06-27,21.7,14.8,28.7,,,,7.1,,1013.8,
2003-06-28,21.9,16.4,26.1,,,,6.5,,1013.2,
2003-06-29,23.2,14.4,31.2,,,,6.7,,1008.9,
2003-06-30,25.4,15.4,35.4,,,,8.3,,1004.4,
2003-07-01,15.5,12.4,19.1,,,,7.8,,1008.0,
2003-07-02,17.7,13.1,22.6,,,266,11.9,,1008.8,
2003-07-03,16.0,14.0,20.7,,,256,7.9,,1012.4,
2003-07-04,14.0,12.1,16.1,,,237,7.6,,,
2003-07-05,16.3,12.4,21.1,,,238,6.1,,,
2003-07-06,18.3,11.7,24.5,,,8,6.5,,1018.9,
2003-07-07,19.6,12.4,26.2,,,,6.0,,1020.9,
2003-07-08,20.7,14.2,27.6,,,,5.1,,1020.0,
2003-07-09,21.0,13.9,27.7,,,,5.9,,1017.8,
2003-07-10,21.7,13.9,28.1,,,316,6.0,,1018.0,
2003-07-11,21.8,14.3,28.7,,,,4.0,,1018.2,
2003-07-12,22.6,13.9,29.9,,,,6.0,,1017.9,
2003-07-13,22.0,14.8,28.3,,,33,11.2,,1016.9,
2003-07-14,22.0,12.9,28.7,,,34,12.4,,1013.0,
2003-07-15,23.5,13.7,32.8,,,278,7.0,,1010.5,
2003-07-16,22.7,16.3,32.4,,,,7.0,,,
2003-07-17,19.0,15.7,21.9,,,220,7.3,,1019.3,
2003-07-18,20.3,14.5,25.8,,,,6.5,,1022.7,
2003-07-19,21.5,12.7,30.0,,,357,5.9,,1019.8,
2003-07-20,24.6,14.5,33.8,,,,3.6,,1014.5,
2003-07-21,21.7,17.8,26.2,,,162,10.7,,1016.8,
2003-07-22,23.6,16.8,30.1,,,245,6.5,,1018.4,
2003-07-23,21.8,16.9,26.6,,,14,5.0,,1018.2,
2003-07-24,17.6,15.6,22.4,,,,6.2,,1016.8,
2003-07-25,19.4,12.0,26.9,,,,3.8,,,
2003-07-26,23.8,18.0,29.5,,,202,6.0,,,
2003-07-27,21.6,18.0,29.0,,,,9.3,,,
2003-07-28,18.7,15.9,22.1,,,,4.6,,,
2003-07-29,18.5,12.7,23.0,,,,5.5,,,
2003-07-30,18.7,10.0,26.0,,,,4.0,,,
2003-07-31,18.0,14.8,23.0,,,270,6.0,,,
2003-08-01,20.2,13.2,27.0,,,,8.7,,1018.6,
2003-08-02,22.4,14.8,29.6,,,,6.5,,1019.2,
2003-08-03,24.1,16.0,33.0,,,,3.5,,,
2003-08-04,25.0,16.0,33.6,,,,4.9,,,
2003-08-05,25.8,16.0,35.0,,,,4.7,,,
2003-08-06,26.0,18.0,34.0,,,,3.2,,,
2003-08-07,26.4,17.0,34.6,,,,7.8,,,
2003-08-08,25.7,16.0,35.3,,,,5.9,,1018.7,
2003-08-09,25.3,15.8,34.4,,,,4.4,,1018.5,
2003-08-10,25.8,16.5,34.6,,,,4.0,,1016.4,
2003-08-11,25.3,15.7,35.4,,,,4.6,,1017.6,
2003-08-12,25.0,15.1,35.2,,,,4.1,,1021.1,
2003-08-13,26.5,14.8,36.8,,,,5.7,,1019.4,
2003-08-14,23.5,18.6,28.5,,,219,8.7,,1016.4,
2003-08-16,21.8,14.8,29.8,,,0,5.4,,1015.0,
2003-08-17,23.2,16.5,30.9,,,,6.8,,1015.1,
2003-08-18,19.0,16.1,24.1,,,,8.0,,,
2003-08-19,21.6,16.3,27.6,,,,4.8,,1020.5,
2003-08-20,20.9,14.4,28.7,,,,5.3,,1018.3,
2003-08-21,21.9,17.2,27.5,,,248,5.9,,1016.8,
2003-08-22,21.3,14.2,28.5,,,,3.7,,1018.2,
2003-08-23,20.5,11.7,29.9,,,,4.8,,1018.7,
2003-08-24,21.1,13.7,28.9,,,22,6.5,,1016.0,
2003-08-25,21.1,16.4,26.4,,,16,9.5,,1012.6,
2003-08-26,20.9,12.8,29.6,,,,6.9,,1012.8,
2003-08-27,20.9,11.3,29.4,,,,4.6,,1011.9,
2003-08-28,20.4,12.7,27.4,,,,4.6,,1008.0,
2003-08-30,16.2,14.7,17.7,,,,8.6,,1013.4,
2003-08-31,14.0,11.0,18.1,,,208,8.8,,1018.8,
2003-09-01,12.2,8.0,17.7,,,,5.2,,1019.8,
2003-09-02,12.3,5.5,18.5,,,,8.8,,1023.8,
2003-09-03,12.5,5.3,18.8,,,29,12.1,,1027.2,
2003-09-04,13.3,5.1,21.6,,,357,6.0,,1028.5,
2003-09-05,14.6,6.2,23.0,,,,3.9,,1022.8,
2003-09-06,16.8,14.2,20.6,,,206,5.9,,1019.6,
2003-09-07,18.2,14.3,23.7,,,,4.3,,1015.5,
2003-09-08,15.7,11.6,18.9,,,259,7.1,,1010.2,
2003-09-10,14.6,11.6,18.4,,,,8.3,,1017.5,
2003-09-11,14.4,11.3,17.3,,,272,10.6,,1019.3,
2003-09-12,13.9,7.9,19.0,,,,6.2,,,
2003-09-13,14.0,8.1,20.1,,,14,8.7,,1028.9,
2003-09-14,13.5,6.8,19.4,,,50,14.5,,1028.2,
2003-09-15,12.5,6.1,19.7,,,24,5.9,,1026.4,
2003-09-16,13.3,5.6,22.8,,,,2.0,,1025.4,
2003-09-17,14.3,6.9,23.9,,,,4.3,,1024.3,
2003-09-18,15.3,7.7,25.5,,,,2.3,,,
2003-09-19,16.6,7.8,26.8,,,,1.5,,,
2003-09-20,17.5,9.4,27.0,,,,2.0,,1023.5,
2003-09-22,18.0,10.3,25.8,,,,6.6,,1015.9,
2003-09-23,15.2,10.7,20.2,,,255,13.5,,1015.8,
2003-09-24,11.0,8.4,14.0,,,,13.8,,1027.5,
2003-09-25,10.3,3.9,17.2,,,14,5.9,,1028.0,
2003-09-26,12.7,5.1,22.3,,,,3.2,,1023.2,
2003-09-27,14.9,7.3,21.5,,,,3.8,,1018.7,
2003-09-28,14.1,11.8,19.3,,,,5.7,,1013.7,
2003-09-29,12.4,6.5,16.3,,,279,8.2,,1015.7,
2003-09-30,9.8,3.8,17.0,,,,6.3,,1015.8,
2003-10-01,9.7,5.7,11.9,,,323,6.2,,1012.9,
2003-10-02,14.9,8.8,22.1,,,,3.6,,1014.1,
2003-10-03,15.4,11.9,19.6,,,209,7.5,,1012.1,
2003-10-04,13.0,10.7,14.7,,,242,9.8,,1009.0,
2003-10-05,7.6,6.1,10.7,,,,8.8,,1009.2,
2003-10-06,8.7,6.0,12.2,,,242,13.1,,,
2003-10-07,8.0,2.1,9.7,,,247,25.8,,1011.6,
2003-10-08,6.9,3.1,11.4,,,238,14.0,,1018.8,
2003-10-09,10.9,8.0,13.1,,,228,11.7,,1019.9,
2003-10-10,12.2,10.4,14.9,,,212,5.4,,1023.2,
2003-10-11,10.7,6.5,16.1,,,,2.8,,1025.1,
2003-10-12,9.0,4.6,14.4,,,,6.5,,1024.6,
2003-10-14,8.0,5.2,11.9,,,25,12.4,,1024.3,
2003-10-15,6.8,2.0,12.8,,,42,17.2,,1026.3,
2003-10-16,5.5,0.6,11.6,,,37,13.3,,1026.1,
2003-10-17,3.4,-1.5,9.7,,,,8.6,,1023.8,
2003-10-18,1.0,-2.9,5.0,,,,7.2,,1016.9,
2003-10-19,3.3,-1.1,7.7,,,,4.1,,1010.8,
2003-10-20,6.4,4.0,8.9,,,,2.8,,1001.1,
2003-10-21,6.4,4.5,8.2,,,294,9.6,,1007.6,
2003-10-22,3.7,-1.7,9.3,,,,5.3,,,
2003-10-23,3.4,0.5,4.9,,,12,9.8,,1008.1,
2003-10-24,-0.3,-3.9,1.5,,,43,10.3,,1018.0,
2003-10-25,-1.7,-5.9,4.2,,,,5.0,,1026.0,
2003-10-26,0.8,-2.8,6.2,,,210,5.6,,1018.9,
2003-10-27,0.6,-5.0,8.1,,,,6.8,,1019.9,
2003-10-28,0.0,-4.9,7.6,,,,2.2,,1020.3,
2003-10-29,3.6,-2.4,7.4,,,,5.2,,1006.8,
2003-10-30,4.4,1.2,7.3,,,,10.7,,997.5,
2003-10-31,5.4,2.4,8.5,,,313,5.2,,988.0,
2003-11-01,7.1,4.1,10.6,,,,5.2,,997.9,
2003-11-02,7.2,4.8,11.3,,,185,7.4,,1011.1,
2003-11-03,7.9,4.1,10.5,,,213,12.8,,1019.8,
2003-11-04,6.0,1.2,13.5,,,336,5.8,,1032.0,
2003-11-05,4.2,-0.8,10.5,,,,4.8,,1032.8,
2003-11-06,2.5,-1.5,4.9,,,,7.5,,1031.9,
2003-11-07,5.1,1.8,9.0,,,46,14.9,,1024.9,
2003-11-08,3.1,-1.1,6.6,,,,6.9,,1021.0,
2003-11-09,1.3,-3.4,8.8,,,,2.3,,1027.0,
2003-11-10,2.3,-1.7,6.9,,,,4.8,,1025.5,
2003-11-11,3.9,2.7,5.3,,,,3.7,,1024.5,
2003-11-12,5.3,2.9,8.9,,,200,7.1,,1022.8,
2003-11-13,7.0,2.3,9.7,,,,5.7,,1027.2,
2003-11-14,6.5,4.3,8.3,,,244,6.3,,1024.9,
2003-11-15,7.2,3.0,11.8,,,,4.2,,1019.6,
2003-11-16,6.0,1.9,10.2,,,,4.6,,1015.5,
2003-11-17,5.3,1.4,7.9,,,,6.7,,1026.9,
2003-11-18,5.5,1.2,9.5,,,,4.7,,1030.7,
2003-11-19,5.3,1.0,11.6,,,,5.7,,1028.2,
2003-11-20,4.0,2.3,6.3,,,,2.6,,1023.3,
2003-11-21,2.7,0.7,4.8,,,,2.6,,1018.4,
2003-11-22,2.3,0.3,5.5,,,,2.3,,1015.0,
2003-11-23,3.4,0.5,9.6,,,,2.6,,1011.1,
2003-11-24,5.7,1.1,13.8,,,,5.0,,1009.4,
2003-11-25,7.1,2.4,11.2,,,182,4.9,,1013.0,
2003-11-26,5.8,3.8,7.8,,,,3.7,,,
2003-11-27,5.4,2.5,7.0,,,,6.1,,999.5,
2003-11-28,1.6,0.1,2.8,,,213,6.9,,1011.0,
2003-11-29,3.2,2.0,4.7,,,154,4.0,,1016.8,
2003-11-30,4.0,1.6,7.8,,,181,6.7,,1013.5,
2003-12-01,4.4,1.7,7.5,,,329,7.8,,1007.6,
2003-12-02,5.5,1.4,12.6,,,354,5.1,,1013.4,
2003-12-03,4.0,0.6,6.5,,,330,8.3,,1020.0,
2003-12-04,3.3,0.4,4.9,,,45,10.5,,1022.8,
2003-12-05,0.9,-1.6,3.1,,,,4.1,,1029.5,
2003-12-06,2.3,0.8,3.8,,,192,7.7,,1024.9,
2003-12-07,-0.1,-3.9,2.7,,,55,20.7,,1026.3,
2003-12-08,-2.4,-6.0,-0.3,,,28,7.8,,1028.9,
2003-12-09,-1.7,-2.3,-0.7,,,,6.7,,1021.7,
2003-12-10,-0.7,-3.3,4.4,,,218,5.3,,1018.3,
2003-12-11,-0.6,-5.4,6.2,,,,5.1,,1022.6,
2003-12-12,4.9,0.1,8.9,,,209,5.6,,1025.4,
2003-12-13,5.7,-0.3,10.3,,,209,9.0,,1024.1,
2003-12-14,7.1,3.2,9.9,,,262,20.9,,1015.9,
2003-12-15,2.2,0.7,4.0,,,261,13.9,,1022.0,
2003-12-16,0.3,-2.6,2.9,,,251,7.5,,1030.7,
2003-12-17,-1.8,-4.3,1.6,,,346,4.9,,1030.4,
2003-12-18,-3.1,-6.2,-0.8,,,,2.3,,1028.2,
2003-12-19,-0.1,-2.4,2.3,,,,3.8,,1026.1,
2003-12-20,3.4,-0.8,9.0,,,,6.2,,1023.9,
2003-12-21,6.1,1.6,8.4,,,252,21.6,,1012.3,
2003-12-22,0.2,-2.5,1.8,,,258,7.0,,1018.8,
2003-12-23,-4.4,-8.2,-0.8,,,,6.3,,1031.5,
2003-12-24,-6.9,-11.0,-2.2,,,,4.3,,1035.4,
2003-12-25,-6.0,-9.9,-0.2,,,,2.6,,1033.6,
2003-12-26,-4.4,-8.6,2.1,,,,2.3,,1023.6,
2003-12-27,2.7,-3.9,8.0,,,,10.3,,1012.2,
2003-12-28,1.7,-2.8,6.0,,,241,8.7,,1004.1,
2003-12-29,1.2,-1.0,2.8,,,112,7.0,,1013.0,
2003-12-30,0.6,-0.2,1.2,,,23,7.2,,1013.2,
2003-12-31,0.4,-0.2,1.1,,,4,8.5,,1020.3,
2004-01-01,-0.5,-1.1,0.3,,,,5.6,,1016.5,
2004-01-02,-1.3,-2.5,-0.3,,,,8.2,,1013.3,
2004-01-03,-4.3,-5.8,-2.8,,,15,9.2,,1022.6,
2004-01-04,-4.5,-7.8,-1.9,,,,5.1,,1023.5,
2004-01-05,-1.0,-3.1,0.7,,,193,3.9,,1026.2,
2004-01-06,-0.5,-2.3,1.8,,,,2.9,,1025.3,
2004-01-07,1.4,-2.4,4.2,,,,4.4,,1022.9,
2004-01-08,0.5,-0.4,2.9,,,,3.1,,1016.5,
2004-01-09,5.3,3.0,8.0,,,235,17.7,,1010.8,
2004-01-10,4.9,1.4,7.5,,,219,10.4,,1018.2,
2004-01-11,7.0,4.4,10.1,,,198,15.8,,1016.4,
2004-01-12,7.9,5.5,10.6,,,244,23.6,,1008.8,
2004-01-13,9.5,4.9,12.2,,,230,24.3,,1000.5,
2004-01-14,6.2,3.2,8.8,,,258,19.5,,1005.1,
2004-01-15,2.6,1.1,3.9,,,247,16.6,,1011.8,
2004-01-16,3.3,-1.4,6.0,,,217,19.0,,1007.4,
2004-01-17,4.4,3.3,5.9,,,236,10.3,,1003.3,
2004-01-18,2.8,1.1,4.0,,,34,14.6,,1013.0,
2004-01-19,0.3,-2.3,2.3,,,273,9.8,,1022.5,
2004-01-20,1.9,1.0,2.9,,,,10.9,,1012.7,
2004-01-21,0.4,-1.0,2.0,,,,4.4,,1019.1,
2004-01-23,-1.8,-3.7,0.9,,,,6.3,,1021.0,
2004-01-24,-2.9,-6.9,1.1,,,,4.4,,1019.3,
2004-01-25,0.8,-1.1,2.6,,,216,5.9,,1017.8,
2004-01-26,-2.3,-4.9,-1.1,,,,4.9,,1006.5,
2004-01-27,-0.4,-1.9,0.8,,,,5.1,,1001.9,
2004-01-28,-1.3,-3.8,0.0,,,240,8.4,,1006.3,
2004-01-29,-1.5,-3.2,-0.4,,,240,15.8,,1009.1,
2004-01-30,-3.2,-7.8,-0.2,,,204,8.9,,1022.6,
2004-01-31,2.2,-5.4,8.1,,,194,13.4,,1019.7,
2004-02-01,8.1,4.4,12.6,,,229,16.5,,1025.7,
2004-02-02,6.1,0.0,11.5,,,196,7.4,,1030.3,
2004-02-03,4.6,-0.4,12.4,,,,5.4,,1035.1,
2004-02-05,4.9,-1.9,13.2,,,158,9.6,,1034.6,
2004-02-06,6.8,-0.1,13.8,,,190,11.1,,1028.0,
2004-02-07,8.8,4.6,12.0,,,254,22.0,,1021.8,
2004-02-08,3.6,1.4,5.2,,,255,27.7,,1022.2,
2004-02-09,1.0,-2.1,3.8,,,278,12.3,,1033.6,
2004-02-10,-0.8,-5.5,4.2,,,,3.4,,1035.6,
2004-02-11,1.8,0.8,2.6,,,,8.9,,1027.9,
2004-02-12,2.2,0.9,4.0,,,,6.4,,1032.4,
2004-02-13,2.3,-2.1,7.5,,,33,6.4,,1034.0,
2004-02-14,2.4,-1.9,7.9,,,,6.1,,1027.7,
2004-02-15,3.8,1.2,6.7,,,,6.6,,1025.0,
2004-02-16,4.4,1.7,8.0,,,53,12.1,,,
2004-02-17,2.6,-2.4,6.4,,,204,5.6,,1027.7,
2004-02-18,2.2,-0.4,5.5,,,8,6.9,,1022.9,
2004-02-19,1.0,-0.2,1.9,,,60,24.0,,1014.5,
2004-02-20,1.5,-1.2,5.5,,,49,14.1,,1018.6,
2004-02-21,2.5,-0.4,7.0,,,,8.8,,,
2004-02-22,5.0,-0.1,9.6,,,274,5.2,,1005.9,
2004-02-23,-1.2,-8.1,2.9,,,2,11.7,,,
2004-02-24,-5.0,-9.6,0.1,,,,2.1,,,
2004-02-26,-1.0,-3.6,1.9,,,,6.2,,1005.2,
2004-02-27,-3.4,-8.2,-0.2,,,349,4.0,,1002.4,
2004-02-28,-4.7,-10.9,0.6,,,311,3.9,,1006.1,
2004-02-29,-1.7,-6.0,1.8,,,4,9.0,,1015.1,
2004-03-01,-1.9,-3.7,1.6,,,43,17.1,,1026.7,
2004-03-02,-2.8,-6.4,-0.1,,,,4.3,,1034.1,
2004-03-03,1.5,-3.5,6.8,,,,3.5,,1033.3,
2004-03-04,0.1,-5.6,6.3,,,,3.2,,1027.9,
2004-03-05,1.0,-2.2,4.1,,,338,4.9,,1021.2,
2004-03-06,3.2,0.8,6.0,,,266,7.5,,,
2004-03-07,3.2,0.5,6.3,,,,7.2,,1024.1,
2004-03-08,1.4,-1.2,4.8,,,0,8.0,,1026.1,
2004-03-09,0.6,-4.0,4.2,,,52,9.2,,1027.1,
2004-03-10,-0.6,-5.1,3.5,,,12,9.5,,1022.1,
2004-03-11,-0.1,-2.0,2.1,,,,3.7,,1020.6,
2004-03-12,1.7,-3.8,6.8,,,,4.5,,1017.9,
2004-03-13,5.4,-0.1,11.0,,,,6.2,,1021.1,
2004-03-14,6.5,3.7,10.3,,,220,6.7,,1030.9,
2004-03-15,6.9,-1.6,15.8,,,,5.9,,1035.4,
2004-03-16,8.5,0.1,18.4,,,,2.9,,1035.1,
2004-03-17,9.9,-0.5,21.6,,,,3.0,,1032.0,
2004-03-18,11.5,1.8,21.1,,,,3.9,,,
2004-03-19,11.3,6.2,15.1,,,262,9.0,,1025.0,
2004-03-20,12.4,9.6,15.0,,,249,25.5,,1021.5,
2004-03-21,10.8,7.9,13.6,,,254,20.9,,1014.9,
2004-03-22,5.7,3.2,8.8,,,241,13.4,,1015.7,
2004-03-23,2.5,0.1,6.5,,,,7.1,,1012.5,
2004-03-24,2.6,1.8,3.5,,,342,10.8,,1012.6,
2004-03-25,2.2,0.7,3.9,,,4,9.9,,1016.3,
2004-03-26,1.5,-0.1,3.0,,,52,16.7,,1016.2,
2004-03-27,1.0,-3.0,6.0,,,58,11.9,,1016.1,
2004-03-29,5.6,-2.7,14.6,,,17,9.0,,1020.2,
2004-03-30,8.2,0.8,16.4,,,26,9.1,,1014.7,
2004-03-31,9.3,-0.6,20.0,,,,2.9,,,
2004-04-01,10.5,1.8,20.1,,,,7.1,,1011.5,
2004-04-02,11.3,2.3,20.9,,,336,4.1,,1011.3,
2004-04-03,10.5,7.0,14.6,,,227,8.4,,1023.2,
2004-04-04,8.3,1.9,14.0,,,206,10.5,,1025.1,
2004-04-05,9.5,7.8,12.2,,,259,14.8,,1019.3,
2004-04-06,6.1,3.5,7.7,,,242,17.0,,1010.9,
2004-04-07,4.2,1.7,7.8,,,266,12.1,,1011.0,
2004-04-08,5.3,2.2,9.9,,,275,7.1,,1015.4,
2004-04-09,6.0,0.1,10.2,,,27,17.4,,1011.7,
2004-04-10,5.4,3.1,7.9,,,33,11.2,,1011.6,
2004-04-11,6.3,3.7,10.7,,,190,7.0,,1017.8,
2004-04-12,7.0,1.5,11.3,,,49,15.1,,1019.8,
2004-04-13,7.0,1.9,10.5,,,39,13.4,,1018.8,
2004-04-14,8.0,0.8,13.9,,,37,11.1,,1019.6,
2004-04-15,9.3,0.9,16.4,,,77,4.9,,1020.0,
2004-04-16,11.1,1.7,19.8,,,,8.6,,1014.1,
2004-04-17,10.8,2.6,18.4,,,,8.1,,1006.4,
2004-04-18,11.1,7.8,16.7,,,236,8.5,,999.0,
2004-04-19,5.8,3.5,7.9,,,201,11.2,,1002.1,
2004-04-20,8.1,0.0,15.0,,,,5.2,,,
2004-04-21,12.9,5.0,20.1,,,,3.6,,,
2004-04-22,14.4,4.6,23.7,,,,3.4,,1014.2,
2004-04-23,13.9,10.6,18.5,,,13,8.9,,1017.4,
2004-04-24,11.8,9.2,16.6,,,59,13.1,,1023.0,
2004-04-25,10.0,2.3,14.6,,,66,18.4,,1024.2,
2004-04-26,11.7,4.1,18.3,,,63,19.3,,1019.4,
2004-04-27,12.5,4.0,21.3,,,,4.1,,1012.9,
2004-04-28,15.2,7.8,21.9,,,,6.8,,1008.1,
2004-04-29,14.7,6.9,22.9,,,,7.4,,1003.1,
2004-04-30,13.7,9.0,18.7,,,315,6.9,,998.4,
2004-05-01,11.9,6.7,16.4,,,253,10.2,,1007.9,
2004-05-02,12.9,6.3,18.7,,,,3.9,,1009.8,
2004-05-03,12.9,5.9,19.3,,,320,5.6,,1005.0,
2004-05-04,13.4,7.9,18.2,,,,5.6,,996.5,
2004-05-05,7.5,5.4,11.0,,,217,8.0,,992.8,
2004-05-06,6.0,4.9,8.3,,,,8.1,,997.2,
2004-05-07,7.6,5.5,11.9,,,236,10.4,,1003.3,
2004-05-08,8.1,5.3,11.1,,,241,21.3,,1005.9,
2004-05-09,6.2,5.1,6.8,,,244,15.4,,1009.4,
2004-05-10,10.6,6.3,16.6,,,263,6.1,,1012.8,
2004-05-11,11.6,4.9,18.9,,,,4.6,,1016.8,
2004-05-12,12.1,4.2,20.0,,,,8.7,,1014.3,
2004-05-13,10.5,8.2,12.8,,,6,10.5,,1015.9,
2004-05-14,11.6,4.1,17.7,,,19,9.0,,1021.4,
2004-05-15,13.5,4.8,20.0,,,27,9.0,,1025.2,
2004-05-16,13.0,5.9,18.7,,,67,8.9,,1025.8,
2004-05-17,15.6,6.9,22.5,,,37,11.4,,1024.0,
2004-05-18,16.7,6.4,26.0,,,,4.3,,,
2004-05-19,17.5,9.1,24.8,,,,6.3,,1023.3,
2004-05-20,18.0,8.9,26.3,,,,4.6,,1018.4,
2004-05-21,14.4,11.3,17.6,,,14,6.2,,1014.5,
2004-05-22,9.2,6.0,10.9,,,,9.2,,1020.1,
2004-05-23,8.6,2.3,13.3,,,,7.7,,1024.1,
2004-05-24,10.3,1.4,16.8,,,42,9.7,,1024.4,
2004-05-25,12.5,3.0,20.4,,,337,4.6,,1020.8,
2004-05-26,14.4,5.4,22.6,,,,4.8,,1017.0,
2004-05-27,13.0,9.4,16.5,,,,6.4,,1020.0,
2004-05-28,13.3,8.0,19.4,,,35,10.0,,1023.1,
2004-05-29,13.6,5.3,20.4,,,42,12.2,,1024.3,
2004-05-30,14.9,4.8,22.9,,,,5.4,,1021.6,
2004-05-31,14.6,12.5,17.2,,,212,6.8,,1020.2,
2004-06-01,12.3,9.6,14.0,,,,3.4,,1018.1,
2004-06-02,14.0,11.2,17.5,,,258,6.3,,1018.8,
2004-06-03,11.9,11.2,13.0,,,,6.3,,1022.6,
2004-06-04,14.0,11.2,18.9,,,,4.7,,1022.1,
2004-06-05,13.6,11.7,16.4,,,,5.9,,1017.9,
2004-06-06,14.6,8.5,20.4,,,,9.0,,1019.4,
2004-06-07,16.4,7.7,24.5,,,,3.3,,1021.2,
2004-06-08,19.8,11.1,28.1,,,,3.0,,1022.1,
2004-06-09,21.8,12.5,30.1,,,238,5.5,,1022.0,
2004-06-10,23.3,15.7,30.6,,,216,7.0,,1020.4,
2004-06-11,18.1,15.5,21.4,,,,5.1,,1020.5,
2004-06-12,16.9,13.3,20.7,,,,11.4,,1020.3,
2004-06-13,13.3,10.9,17.0,,,18,7.5,,1025.6,
2004-06-14,15.6,7.9,21.9,,,51,13.7,,1026.4,
2004-06-15,15.4,9.0,19.8,,,,4.8,,1021.2,
2004-06-16,15.5,13.4,19.0,,,,5.6,,,
2004-06-17,16.9,10.3,24.1,,,,7.3,,,
2004-06-18,18.3,14.8,21.7,,,266,11.9,,,
2004-06-19,14.3,11.2,18.3,,,228,6.3,,1007.7,
2004-06-20,13.6,10.8,17.8,,,222,8.1,,1008.6,
2004-06-21,15.0,10.5,20.3,,,264,6.5,,1013.5,
2004-06-22,14.9,10.8,19.5,,,175,4.3,,1017.6,
2004-06-23,16.9,10.9,21.8,,,,11.5,,,
2004-06-24,17.2,13.0,20.7,,,286,15.4,,,
2004-06-26,17.0,8.0,24.4,,,350,5.7,,1021.7,
2004-06-27,19.9,12.9,25.9,,,,6.8,,1020.3,
2004-06-28,21.0,17.4,25.5,,,265,7.9,,1023.3,
2004-06-29,18.7,13.3,24.5,,,,5.7,,,
2004-06-30,18.5,9.0,27.0,,,,3.8,,,
2004-07-01,17.1,12.1,20.4,,,271,9.1,,1015.4,
2004-07-03,15.7,10.1,21.2,,,261,11.4,,1019.5,
2004-07-04,18.3,8.8,25.6,,,,5.8,,,
2004-07-05,18.0,11.8,24.7,,,222,8.8,,1018.4,
2004-07-06,16.4,14.0,19.5,,,,5.9,,1020.0,
2004-07-07,18.0,13.0,23.5,,,16,7.8,,1014.0,
2004-07-08,17.3,14.2,22.4,,,312,6.1,,1011.4,
2004-07-09,15.8,12.1,20.0,,,249,13.1,,,
2004-07-10,13.2,9.5,18.0,,,,9.1,,1018.3,
2004-07-11,13.1,8.7,19.0,,,,8.3,,1015.8,
2004-07-12,12.5,10.6,15.6,,,223,8.7,,1014.7,
2004-07-13,13.2,10.9,16.3,,,220,8.2,,1018.0,
2004-07-14,15.6,8.0,21.9,,,,6.1,,,
2004-07-15,19.5,15.3,24.3,,,256,8.1,,1019.3,
2004-07-16,21.2,13.5,27.2,,,,4.2,,1016.5,
2004-07-17,21.8,16.3,29.4,,,,6.8,,1016.1,
2004-07-18,20.2,14.1,27.7,,,,5.4,,1018.1,
2004-07-19,20.4,15.5,26.5,,,,3.5,,1018.6,
2004-07-20,20.3,15.4,25.0,,,,6.4,,,
2004-07-21,22.3,17.1,29.1,,,,4.4,,1016.8,
2004-07-22,23.0,17.5,29.6,,,,5.5,,1018.4,
2004-07-23,22.3,18.0,29.6,,,,7.9,,1019.1,
2004-07-24,19.1,17.3,20.7,,,,5.1,,1021.6,
2004-07-25,20.1,16.6,24.9,,,,5.2,,1019.1,
2004-07-26,17.1,13.6,20.4,,,,6.5,,1016.2,
2004-07-27,16.5,9.6,22.1,,,30,7.6,,1018.7,
2004-07-28,17.2,9.2,23.7,,,42,13.1,,1018.7,
2004-07-29,18.4,9.9,26.1,,,17,7.2,,,
2004-07-30,20.7,12.5,28.7,,,,4.6,,1018.2,
2004-07-31,21.3,13.2,28.7,,,,2.1,,1019.5,
2004-08-01,23.0,14.8,31.2,,,,5.0,,1016.8,
2004-08-02,22.7,14.9,31.0,,,,4.4,,1013.8,
2004-08-03,22.1,15.0,29.3,,,,4.2,,,
2004-08-04,22.5,17.5,28.6,,,131,7.6,,1009.8,
2004-08-05,22.1,17.1,28.0,,,242,5.3,,1009.9,
2004-08-06,21.6,18.4,26.0,,,253,6.3,,1013.9,
2004-08-07,20.7,15.1,28.2,,,,3.8,,1013.7,
2004-08-08,21.0,13.6,29.2,,,,4.2,,1010.4,
2004-08-09,20.9,14.3,27.0,,,,3.7,,,
2004-08-10,21.5,14.9,27.9,,,,5.7,,1010.8,
2004-08-11,21.7,18.3,26.2,,,,4.9,,1012.7,
2004-08-12,19.6,15.1,29.0,,,,6.7,,1010.7,
2004-08-13,16.9,14.8,21.3,,,228,9.6,,1014.0,
2004-08-14,16.1,13.8,18.8,,,243,11.6,,1019.2,
2004-08-15,18.2,13.0,24.3,,,114,5.7,,1021.2,
2004-08-16,17.1,10.4,25.5,,,,5.3,,1014.6,
2004-08-17,18.3,16.8,20.3,,,,5.4,,1011.1,
2004-08-18,21.2,15.4,28.3,,,198,6.0,,1009.8,
2004-08-19,18.3,16.0,21.7,,,291,6.8,,1014.2,
2004-08-20,17.8,15.8,21.4,,,232,7.9,,1013.5,
2004-08-21,15.3,11.4,17.8,,,,11.5,,1017.1,
2004-08-22,15.8,11.7,20.3,,,,7.3,,1022.0,
2004-08-23,18.2,10.0,27.1,,,,3.9,,,
2004-08-24,17.7,15.0,21.6,,,,10.3,,,
2004-08-25,17.1,14.7,22.0,,,,8.9,,,
2004-08-26,13.9,13.0,15.0,,,241,9.5,,,
2004-08-27,16.5,12.9,22.2,,,,6.3,,1018.8,
2004-08-28,17.2,10.9,24.0,,,219,7.5,,,
2004-08-29,17.3,13.4,23.1,,,,6.5,,,
2004-08-30,15.9,13.3,20.0,,,229,9.9,,,
2004-08-31,15.9,12.5,19.9,,,281,5.4,,1018.5,
2004-09-01,15.2,8.0,22.0,,,10,7.9,,,
2004-09-02,16.4,7.3,25.8,,,,2.6,,,
2004-09-03,19.5,11.2,27.6,,,,3.4,,1022.8,
2004-09-04,20.7,14.4,27.0,,,,6.7,,1026.6,
2004-09-05,20.3,13.0,27.2,,,26,12.4,,1024.3,
2004-09-06,18.6,11.4,26.0,,,,5.7,,1022.8,
2004-09-07,18.6,11.4,26.0,,,32,8.2,,,
2004-09-08,17.9,10.3,25.4,,,,10.8,,1027.1,
2004-09-09,17.3,8.2,24.5,,,34,12.5,,1026.0,
2004-09-10,17.1,8.8,25.8,,,,3.8,,1022.3,
2004-09-11,21.1,17.5,26.6,,,221,6.8,,1019.8,
2004-09-12,16.8,14.3,19.9,,,257,11.3,,1019.9,
2004-09-13,16.8,10.9,23.0,,,,6.7,,1016.9,
2004-09-14,16.6,14.6,20.0,,,,4.6,,1014.4,
2004-09-15,13.9,12.4,16.2,,,,5.9,,,
2004-09-16,12.8,8.9,17.0,,,,10.3,,1024.9,
2004-09-17,11.4,5.8,18.4,,,,4.3,,,
2004-09-19,13.9,9.0,19.1,,,191,6.7,,,
2004-09-20,15.0,12.0,18.5,,,,6.0,,,
2004-09-21,13.7,10.0,16.7,,,262,13.2,,,
2004-09-22,12.3,8.5,14.8,,,264,13.6,,,
2004-09-23,14.7,12.1,16.9,,,253,20.9,,,
2004-09-24,10.5,7.8,15.6,,,244,10.1,,1014.5,
2004-09-25,8.9,6.4,11.4,,,224,5.3,,1021.2,
2004-09-26,8.9,7.9,9.6,,,,4.5,,1024.5,
2004-09-27,10.7,8.6,13.6,,,,4.1,,1025.2,
2004-09-28,13.5,11.2,17.0,,,193,4.3,,1022.5,
2004-09-29,13.6,7.8,16.6,,,,6.6,,1019.5,
2004-09-30,14.6,10.8,19.9,,,,2.4,,1020.8,
2004-10-01,15.4,11.7,20.4,,,,5.0,,1021.3,
2004-10-02,13.8,10.2,17.4,,,,5.0,,1023.0,
2004-10-03,13.3,7.7,19.9,,,,2.7,,1024.4,
2004-10-04,13.5,7.3,21.2,,,,4.7,,1020.5,
2004-10-05,16.2,9.4,25.0,,,,4.5,,1018.0,
2004-10-06,15.9,13.1,20.0,,,,6.0,,,
2004-10-07,14.0,12.0,17.5,,,,5.5,,,
2004-10-08,15.4,11.9,20.0,,,,3.8,,,
2004-10-09,12.8,10.8,15.0,,,,9.2,,,
2004-10-10,10.3,9.4,11.0,,,,8.1,,,
2004-10-11,8.6,7.9,9.4,,,,8.9,,,
2004-10-12,9.3,7.9,12.0,,,,4.7,,,
2004-10-13,9.3,8.0,10.4,,,,4.3,,,
2004-10-14,10.8,8.3,15.4,,,,5.0,,,
2004-10-15,8.5,6.0,12.0,,,,6.9,,,
2004-10-16,7.1,5.5,10.0,,,224,7.3,,,
2004-10-17,7.6,5.9,11.0,,,,13.1,,,
2004-10-18,10.2,7.0,15.4,,,255,15.2,,,
2004-10-19,8.6,6.9,10.0,,,,3.0,,1012.5,
2004-10-20,11.3,8.6,14.4,,,,3.7,,1010.2,
2004-10-21,13.3,9.2,17.6,,,,4.7,,,
2004-10-22,11.1,5.8,18.1,,,,2.0,,1020.8,
2004-10-23,13.5,8.4,19.8,,,,3.6,,1019.5,
2004-10-24,12.0,5.8,20.7,,,,3.8,,1016.6,
2004-10-25,12.3,9.1,19.7,,,185,6.7,,1015.1,
2004-10-26,9.5,8.1,10.5,,,351,8.1,,1013.6,
2004-10-27,8.8,7.4,10.4,,,8,7.1,,1008.3,
2004-10-28,9.8,7.9,12.9,,,359,6.4,,1003.2,
2004-10-29,9.0,6.3,10.9,,,,3.0,,,
2004-10-30,10.7,6.6,15.0,,,,6.3,,1007.8,
2004-10-31,8.8,2.5,13.4,,,22,12.6,,1013.8,
2004-11-01,10.1,9.3,10.5,,,,7.1,,1015.2,
2004-11-02,9.8,7.0,12.0,,,,5.7,,,
2004-11-03,11.1,7.1,13.8,,,,5.0,,1019.9,
2004-11-04,11.1,7.5,13.5,,,,4.3,,1022.2,
2004-11-05,11.2,8.2,12.6,,,,5.0,,1026.1,
2004-11-06,6.8,5.0,8.5,,,332,5.0,,1025.8,
2004-11-07,4.7,0.1,7.5,,,,2.8,,1022.0,
2004-11-08,2.8,0.4,7.2,,,,4.1,,1019.0,
2004-11-09,1.5,-1.2,3.2,,,16,6.4,,1012.8,
2004-11-10,1.0,-1.1,4.0,,,,4.8,,1011.7,
2004-11-11,2.9,1.0,5.8,,,45,9.0,,1016.8,
2004-11-12,3.3,2.6,3.9,,,309,7.3,,1022.9,
2004-11-13,2.5,-0.2,5.0,,,0,5.7,,1026.0,
2004-11-14,1.3,-0.6,4.0,,,,15.2,,1029.6,
2004-11-15,-0.5,-3.7,2.7,,,,11.1,,1029.1,
2004-11-16,-1.6,-6.8,4.4,,,,2.0,,1032.1,
2004-11-17,2.9,-2.4,6.6,,,196,10.8,,1031.6,
2004-11-18,7.4,6.7,8.7,,,241,15.7,,1022.8,
2004-11-19,4.4,-0.8,7.7,,,267,20.8,,1016.4,
2004-11-20,0.0,-2.3,1.9,,,,6.6,,1026.7,
2004-11-21,-1.2,-3.7,1.7,,,,4.6,,1030.2,
2004-11-22,7.2,1.5,11.1,,,222,11.1,,,
2004-11-23,8.2,7.1,9.8,,,245,9.5,,1027.5,
2004-11-24,5.2,0.5,7.7,,,21,10.1,,1031.4,
2004-11-25,1.4,-2.2,4.0,,,,4.1,,1030.3,
2004-11-26,1.7,-3.5,8.0,,,,5.4,,,
2004-11-27,4.5,-1.0,8.7,,,,4.9,,,
2004-11-28,2.5,-0.1,5.0,,,,3.5,,,
2004-11-29,4.6,2.9,6.4,,,,6.8,,,
2004-11-30,4.0,1.6,5.0,,,,8.7,,,
2004-12-01,1.5,-0.5,3.0,,,,4.1,,1011.6,
2004-12-02,1.7,-0.4,4.5,,,,4.4,,1013.3,
2004-12-03,3.3,1.8,6.8,,,,4.8,,1021.3,
2004-12-04,3.4,2.5,4.1,,,,6.4,,1028.8,
2004-12-05,3.6,2.9,4.3,,,69,8.0,,,
2004-12-06,3.1,2.2,4.2,,,60,10.3,,,
2004-12-07,1.6,0.6,2.7,,,67,7.4,,1030.6,
2004-12-08,0.1,-0.4,0.7,,,61,12.7,,,
2004-12-09,0.2,-0.2,0.7,,,69,11.7,,1027.7,
2004-12-10,-0.2,-0.8,0.4,,,54,4.3,,,
2004-12-11,-1.1,-2.0,-0.6,,,,3.2,,1029.5,
2004-12-12,-0.9,-1.8,0.1,,,10,3.1,,1031.4,
2004-12-13,-1.0,-1.9,1.0,,,270,3.9,,1033.2,
2004-12-14,-2.2,-3.1,-1.4,,,,2.6,,1033.6,
2004-12-15,-2.4,-3.3,0.0,,,,3.2,,1030.3,
2004-12-17,5.7,4.0,7.1,,,240,20.7,,,
2004-12-18,2.9,1.2,5.9,,,254,19.3,,1013.7,
2004-12-19,1.6,0.1,5.3,,,174,13.8,,1006.9,
2004-12-20,-2.9,-4.9,0.1,,,23,13.3,,1019.7,
2004-12-21,-2.1,-4.1,-0.6,,,,3.8,,1025.5,
2004-12-22,-2.7,-5.6,0.0,,,266,7.2,,1028.1,
2004-12-23,3.5,0.0,6.8,,,229,16.1,,1021.2,
2004-12-24,7.0,5.0,8.4,,,236,18.5,,,
2004-12-25,4.2,0.5,9.5,,,225,11.3,,,
2004-12-26,0.8,0.2,1.5,,,,5.5,,,
2004-12-27,0.9,0.0,2.0,,,,5.3,,,
2004-12-28,0.7,-0.2,2.1,,,247,7.4,,,
2004-12-30,-2.0,-4.0,0.6,,,,3.3,,1037.0,
2004-12-31,-0.8,-5.1,2.2,,,167,5.4,,,
2005-01-01,4.0,1.3,7.0,,,186,6.6,,,
2005-01-02,5.4,2.7,7.4,,,247,19.0,,1027.7,
2005-01-03,2.8,1.0,4.7,,,243,11.6,,1038.3,
2005-01-04,1.6,-2.3,7.0,,,194,7.5,,,
2005-01-05,2.4,-3.1,8.0,,,189,9.3,,,
2005-01-06,6.8,3.0,9.0,,,,14.3,,,
2005-01-07,2.8,-0.1,7.9,,,194,6.5,,,
2005-01-08,3.8,-2.7,9.5,,,166,8.8,,1029.3,
2005-01-09,6.5,3.1,10.3,,,183,4.4,,1031.4,
2005-01-10,3.1,-1.2,10.7,,,,3.4,,1031.3,
2005-01-11,3.8,-0.7,9.4,,,171,7.8,,1032.3,
2005-01-12,2.9,-2.9,8.3,,,177,7.0,,1030.0,
2005-01-13,4.1,-1.2,6.6,,,246,6.9,,1031.6,
2005-01-14,-1.2,-4.6,4.5,,,,5.0,,1033.7,
2005-01-15,-3.1,-6.0,-1.5,,,,3.5,,1032.3,
2005-01-16,-2.4,-3.7,0.3,,,,4.3,,1031.8,
2005-01-17,-2.1,-3.9,1.9,,,202,6.3,,1028.5,
2005-01-18,0.5,-5.5,4.5,,,215,11.1,,1010.6,
2005-01-19,0.8,-0.1,2.1,,,226,9.4,,1017.0,
2005-01-20,4.4,1.7,7.6,,,240,25.8,,1018.3,
2005-01-21,5.8,3.6,7.9,,,255,23.8,,1013.2,
2005-01-22,2.4,-2.4,5.6,,,270,9.7,,1019.2,
2005-01-23,-0.8,-3.0,2.9,,,,4.6,,1020.1,
2005-01-24,-1.8,-4.1,-0.4,,,317,10.5,,1017.4,
2005-01-25,-3.5,-4.6,-2.4,,,17,11.9,,1018.9,
2005-01-26,-4.5,-5.4,-2.9,,,52,19.1,,1019.8,
2005-01-27,-7.6,-12.2,-5.3,,,,10.3,,1020.7,
2005-01-28,-7.2,-11.8,-3.8,,,,3.4,,1016.8,
2005-01-29,-8.4,-12.0,-6.0,,,41,10.8,,,
2005-01-30,-8.2,-13.3,-4.5,,,49,6.3,,1033.6,
2005-01-31,-2.8,-6.0,1.0,,,172,5.4,,1031.9,
2005-02-01,1.0,-1.9,3.4,,,,9.6,,1026.4,
2005-02-02,-0.6,-3.0,1.0,,,,6.2,,1033.0,
2005-02-03,1.5,-0.6,4.0,,,,4.6,,1033.2,
2005-02-04,0.6,-3.5,3.5,,,,7.3,,1032.5,
2005-02-05,-1.7,-2.9,0.1,,,163,5.1,,1028.0,
2005-02-06,-0.5,-4.3,5.0,,,,3.5,,,
2005-02-07,-0.7,-3.0,4.8,,,,2.6,,,
2005-02-08,-1.0,-7.0,7.7,,,,2.9,,,
2005-02-09,0.4,-5.5,7.4,,,,3.2,,,
2005-02-10,1.5,-4.7,6.4,,,195,11.6,,,
2005-02-11,5.2,4.2,6.4,,,232,15.0,,,
2005-02-12,7.6,4.9,10.1,,,229,25.9,,1015.3,
2005-02-13,2.7,0.2,6.7,,,258,21.1,,1004.9,
2005-02-14,0.2,-1.4,3.0,,,252,12.9,,1007.6,
2005-02-15,-1.2,-2.7,-0.3,,,,8.9,,1009.2,
2005-02-16,-1.6,-2.8,0.1,,,20,12.3,,1017.8,
2005-02-17,-1.7,-4.3,1.1,,,46,10.0,,1023.7,
2005-02-18,-1.7,-3.0,-0.6,,,350,7.6,,,
2005-02-20,-0.7,-2.1,2.0,,,,4.6,,,
2005-02-21,-1.8,-3.0,-0.3,,,342,8.1,,,
2005-02-22,-2.0,-3.7,0.5,,,335,6.8,,1005.6,
2005-02-23,-2.7,-4.6,0.0,,,257,5.4,,1010.2,
2005-02-24,-2.3,-5.0,0.6,,,,4.1,,,
2005-02-25,-2.3,-4.4,-0.2,,,13,7.3,,1015.7,
2005-02-26,-1.8,-3.0,0.2,,,72,11.1,,1014.0,
2005-02-27,-4.4,-6.8,-2.8,,,,12.5,,1013.9,
2005-02-28,-7.6,-11.4,-4.2,,,53,19.8,,1021.4,
2005-03-01,-9.1,-15.6,-2.7,,,200,4.0,,1016.1,
2005-03-02,-6.1,-12.9,1.8,,,,3.1,,,
2005-03-03,-2.6,-9.3,5.1,,,,4.8,,,
2005-03-04,-0.6,-5.0,4.7,,,,4.8,,,
2005-03-05,-1.2,-2.6,0.4,,,280,6.4,,1007.3,
2005-03-06,-2.5,-8.0,-1.2,,,,10.7,,1016.2,
2005-03-07,-5.3,-12.4,0.0,,,,5.9,,1025.6,
2005-03-08,-0.1,-3.0,2.9,,,224,11.3,,,
2005-03-09,2.3,1.2,4.4,,,259,10.8,,1029.5,
2005-03-10,1.5,-2.3,6.1,,,,6.5,,1029.1,
2005-03-11,1.1,-5.9,6.8,,,274,13.4,,1020.3,
2005-03-12,2.6,0.0,4.9,,,246,21.5,,1010.6,
2005-03-13,1.0,-4.0,6.0,,,,3.5,,1015.8,
2005-03-14,3.3,-4.0,10.6,,,,5.5,,,
2005-03-15,8.7,1.4,16.5,,,199,7.8,,1024.6,
2005-03-16,8.9,-1.3,19.2,,,,6.4,,1030.3,
2005-03-17,11.1,2.7,20.7,,,188,11.0,,1031.4,
2005-03-18,12.4,5.0,21.5,,,176,7.2,,1030.0,
2005-03-19,13.3,5.8,21.6,,,,4.8,,1023.7,
2005-03-20,11.3,8.8,14.8,,,37,10.6,,1019.8,
2005-03-21,9.5,4.4,15.5,,,34,9.0,,1016.5,
2005-03-23,12.8,9.6,18.4,,,11,8.6,,1018.9,
2005-03-24,11.3,4.9,17.6,,,,6.2,,1018.2,
2005-03-25,12.0,8.0,16.4,,,213,5.3,,1018.1,
2005-03-26,10.1,4.8,15.4,,,350,5.9,,1010.3,
2005-03-27,10.2,8.8,11.7,,,,4.3,,1008.2,
2005-03-28,11.1,6.0,16.5,,,,6.3,,,
2005-03-29,11.6,7.5,17.0,,,,3.8,,,
2005-03-30,10.4,8.4,12.8,,,233,7.5,,1016.1,
2005-03-31,8.1,4.1,11.6,,,,3.1,,1021.7,
2005-04-01,9.1,3.1,14.9,,,39,13.5,,1024.5,
2005-04-02,8.6,0.1,18.1,,,348,7.8,,1023.2,
2005-04-03,9.5,0.7,18.3,,,,2.7,,1024.6,
2005-04-04,10.0,0.9,18.6,,,,4.5,,1025.8,
2005-04-05,10.0,5.1,15.6,,,220,9.3,,1027.3,
2005-04-06,12.3,4.8,19.4,,,,8.2,,,
2005-04-07,11.5,9.0,14.9,,,,13.2,,,
2005-04-08,6.5,4.6,9.0,,,242,8.1,,1007.0,
2005-04-09,3.7,1.8,5.2,,,,10.4,,,
2005-04-10,5.0,-1.0,9.9,,,39,10.2,,,
2005-04-11,7.4,4.2,10.3,,,54,19.3,,,
2005-04-12,8.1,5.6,10.5,,,,7.3,,,
2005-04-13,9.0,6.8,12.7,,,,5.0,,,
2005-04-14,9.5,0.8,18.0,,,,3.1,,1008.9,
2005-04-15,10.4,2.8,19.8,,,,7.1,,1004.6,
2005-04-16,10.1,5.4,14.9,,,323,11.3,,998.5,
2005-04-17,5.1,1.5,8.6,,,231,13.6,,1000.8,
2005-04-18,7.4,4.4,11.5,,,,6.9,,1004.4,
2005-04-19,9.0,7.2,11.9,,,,9.1,,1005.7,
2005-04-20,6.8,5.7,7.7,,,254,9.0,,1010.3,
2005-04-21,7.6,4.8,11.2,,,,8.2,,1016.3,
2005-04-22,7.3,-1.5,15.2,,,4,5.6,,1016.9,
2005-04-23,8.2,2.0,17.2,,,,5.5,,1014.1,
2005-04-24,10.6,8.7,12.8,,,,5.2,,1011.8,
2005-04-25,9.9,8.2,11.6,,,269,11.9,,1010.6,
2005-04-26,12.1,8.5,16.5,,,,9.4,,1017.2,
2005-04-27,10.0,7.5,11.4,,,,5.1,,1020.5,
2005-04-28,12.6,7.1,18.1,,,,3.2,,1023.0,
2005-04-29,16.5,10.4,23.8,,,,4.4,,1021.0,
2005-04-30,16.8,8.1,26.0,,,,2.0,,1017.2,
2005-05-01,18.5,8.6,27.4,,,,4.4,,1014.2,
2005-05-02,18.6,9.9,27.0,,,,5.8,,1015.8,
2005-05-03,15.3,12.5,21.5,,,,5.3,,1017.8,
2005-05-04,11.5,7.9,15.1,,,254,10.0,,1017.2,
2005-05-05,10.7,9.2,14.2,,,,4.6,,1016.6,
2005-05-06,9.3,7.5,11.7,,,,11.7,,1019.0,
2005-05-07,9.6,7.7,11.9,,,256,17.6,,1014.7,
2005-05-08,9.2,4.8,14.0,,,281,11.0,,1014.3,
2005-05-09,9.7,7.0,13.6,,,,8.5,,1013.4,
2005-05-10,8.7,4.5,13.2,,,,5.1,,1015.7,
2005-05-11,8.8,2.1,15.3,,,,10.7,,1020.9,
2005-05-12,11.6,2.7,19.2,,,39,15.9,,1017.6,
2005-05-13,13.3,7.3,20.5,,,,5.3,,1016.2,
2005-05-14,12.3,7.7,16.3,,,,9.6,,1013.6,
2005-05-15,13.6,10.0,17.6,,,265,11.2,,1016.4,
2005-05-16,10.3,7.5,14.6,,,305,6.5,,1014.0,
2005-05-17,11.5,4.9,18.6,,,,5.9,,1012.9,
2005-05-18,10.9,9.0,13.4,,,1,12.7,,1017.5,
2005-05-19,10.9,3.4,18.0,,,,4.6,,1024.2,
2005-05-20,14.9,4.4,24.8,,,,3.0,,1020.7,
2005-05-21,16.8,13.9,19.7,,,,7.7,,1016.4,
2005-05-22,14.7,11.1,18.7,,,213,6.2,,1015.2,
2005-05-23,11.4,10.2,13.7,,,231,7.6,,1019.8,
2005-05-24,13.0,6.2,19.6,,,,4.0,,1025.7,
2005-05-25,16.3,6.2,25.1,,,,6.5,,1025.7,
2005-05-26,18.8,9.0,27.8,,,,2.3,,1021.6,
2005-05-27,20.7,10.5,29.4,,,,2.9,,1017.5,
2005-05-28,21.8,12.1,29.6,,,,5.2,,1017.1,
2005-05-29,22.6,14.2,29.9,,,,4.3,,1016.0,
2005-05-30,18.7,13.5,22.5,,,,9.1,,1018.6,
2005-05-31,13.9,8.1,19.0,,,,5.5,,1025.8,
2005-06-01,14.5,7.8,21.0,,,25,8.1,,,
2005-06-02,16.0,7.0,23.6,,,,4.1,,1018.3,
2005-06-03,19.1,8.8,28.2,,,,5.6,,1013.6,
2005-06-04,16.4,14.9,19.1,,,,10.1,,,
2005-06-05,15.4,12.3,18.2,,,,8.9,,1020.0,
2005-06-06,14.3,12.0,17.4,,,,6.7,,1020.4,
2005-06-07,12.6,9.0,16.1,,,,9.0,,1027.4,
2005-06-08,10.4,3.0,16.4,,,43,13.3,,1032.6,
2005-06-09,11.0,4.3,16.3,,,,14.6,,1028.1,
2005-06-10,12.2,2.9,18.2,,,50,9.9,,1021.4,
2005-06-11,13.9,4.3,21.4,,,,5.3,,1013.7,
2005-06-12,16.2,10.9,22.0,,,310,6.4,,,
2005-06-13,17.0,11.8,23.6,,,,7.3,,1008.5,
2005-06-14,16.0,12.8,20.7,,,,4.7,,1012.3,
2005-06-15,18.4,14.8,23.6,,,,4.2,,,
2005-06-16,18.8,12.9,24.3,,,263,6.2,,,
2005-06-17,19.7,13.5,25.1,,,,3.9,,,
2005-06-18,21.7,16.2,26.5,,,,12.7,,1023.6,
2005-06-19,20.9,14.0,27.0,,,25,11.2,,,
2005-06-20,21.0,12.3,29.3,,,,8.9,,,
2005-06-21,22.0,12.0,30.3,,,,2.6,,,
2005-06-22,22.5,14.0,31.0,,,,3.6,,,
2005-06-23,22.7,15.2,30.5,,,,5.9,,,
2005-06-24,24.5,16.7,33.0,,,,6.0,,,
2005-06-25,21.2,16.7,26.3,,,,8.8,,,
2005-06-26,23.1,15.1,29.6,,,,4.3,,1020.4,
2005-06-27,24.2,16.7,31.8,,,359,4.8,,1018.9,
2005-06-28,25.3,17.9,33.5,,,,3.0,,1015.0,
2005-06-29,23.0,17.2,30.6,,,269,8.1,,1009.6,
2005-06-30,19.6,16.5,23.6,,,262,6.7,,1011.6,
2005-07-01,16.7,14.0,19.2,,,259,12.5,,1016.9,
2005-07-02,17.3,13.5,22.2,,,239,6.4,,1022.8,
2005-07-03,20.2,12.9,26.0,,,,6.4,,,
2005-07-04,18.1,13.0,27.0,,,,6.1,,,
2005-07-05,14.7,11.8,18.4,,,159,8.5,,1016.2,
2005-07-06,12.6,7.2,16.3,,,,6.1,,1014.6,
2005-07-07,13.1,11.7,15.3,,,235,8.9,,,
2005-07-08,13.3,10.7,17.0,,,222,8.0,,1016.3,
2005-07-09,15.5,9.7,21.8,,,,8.6,,1017.7,
2005-07-10,15.9,10.0,20.8,,,,6.7,,,
2005-07-11,16.2,13.7,22.1,,,18,4.7,,1024.3,
2005-07-12,18.7,12.4,24.4,,,45,12.0,,1023.5,
2005-07-13,20.1,12.3,26.6,,,,11.8,,1020.7,
2005-07-14,20.5,11.4,28.3,,,,5.1,,1020.1,
2005-07-15,21.5,11.1,30.7,,,,8.1,,1017.8,
2005-07-16,22.0,18.4,25.9,,,160,6.5,,1015.7,
2005-07-17,22.8,15.4,30.1,,,,5.6,,1014.8,
2005-07-18,20.1,15.8,28.7,,,255,8.5,,1011.5,
2005-07-19,18.2,15.5,20.9,,,251,10.3,,1018.9,
2005-07-20,18.6,14.2,22.5,,,,10.3,,1023.6,
2005-07-21,18.2,13.4,23.4,,,260,12.0,,1019.8,
2005-07-22,17.4,11.6,21.5,,,,8.8,,1014.5,
2005-07-23,17.4,11.1,22.2,,,,5.0,,1011.9,
2005-07-24,17.5,13.9,23.4,,,,4.5,,1010.8,
2005-07-25,18.4,15.7,21.7,,,,5.2,,1010.4,
2005-07-26,20.5,17.2,25.1,,,,3.3,,1012.2,
2005-07-27,23.0,14.7,33.0,,,,2.9,,,
2005-07-28,25.4,18.0,33.1,,,,4.9,,,
2005-07-30,18.4,15.7,20.8,,,,5.9,,1016.5,
2005-07-31,17.9,14.1,22.2,,,,5.4,,1016.5,
2005-08-01,19.2,14.3,24.1,,,,6.7,,1016.4,
2005-08-02,16.3,15.0,17.9,,,334,8.8,,1016.6,
2005-08-03,15.5,13.8,19.8,,,,6.5,,1021.2,
2005-08-04,16.6,12.1,21.4,,,,4.6,,1024.4,
2005-08-05,16.8,8.5,24.1,,,,5.2,,,
2005-08-06,17.6,15.0,21.2,,,,9.6,,,
2005-08-07,14.7,10.3,18.0,,,,10.3,,,
2005-08-08,13.9,8.0,20.0,,,,6.1,,,
2005-08-09,14.5,7.3,21.9,,,,3.8,,1016.4,
2005-08-10,16.1,7.9,24.3,,,,5.9,,1014.2,
2005-08-11,16.9,10.5,23.6,,,314,5.8,,1014.4,
2005-08-12,17.1,9.1,24.6,,,,5.9,,1015.5,
2005-08-13,17.9,14.5,21.9,,,,5.6,,1018.6,
2005-08-14,14.7,11.6,19.6,,,204,8.9,,1017.5,
2005-08-15,12.4,10.5,14.5,,,,6.3,,1020.4,
2005-08-16,15.0,11.8,19.1,,,,10.1,,1020.7,
2005-08-17,17.0,8.3,23.5,,,47,12.7,,1017.9,
2005-08-18,17.8,11.5,25.8,,,338,5.7,,1015.7,
2005-08-19,19.4,15.5,24.9,,,,6.5,,1016.2,
2005-08-20,15.2,14.3,17.3,,,,5.9,,1018.5,
2005-08-21,15.3,14.2,16.6,,,340,9.6,,1014.4,
2005-08-22,16.5,15.4,17.4,,,,10.9,,1011.6,
2005-08-23,17.7,15.6,22.1,,,263,12.0,,1014.8,
2005-08-24,17.3,14.3,22.3,,,,5.2,,,
2005-08-25,17.5,15.1,21.2,,,,9.2,,1011.9,
2005-08-26,17.2,14.5,20.5,,,,7.4,,1018.1,
2005-08-27,16.1,9.9,21.1,,,,4.9,,1018.4,
2005-08-28,17.7,13.7,23.0,,,26,8.0,,1020.1,
2005-08-29,18.0,11.0,25.4,,,,3.7,,1022.7,
2005-08-30,20.4,12.2,28.0,,,,6.8,,,
2005-08-31,21.0,14.2,28.4,,,,2.2,,1017.9,
2005-09-01,20.9,13.9,27.4,,,,5.4,,1016.7,
2005-09-02,21.0,16.8,26.9,,,,6.6,,1022.1,
2005-09-03,20.4,14.9,25.8,,,24,8.9,,1024.4,
2005-09-04,18.7,15.2,23.6,,,26,7.9,,1022.9,
2005-09-05,18.0,11.3,26.3,,,,3.9,,1017.3,
2005-09-06,19.4,13.0,26.3,,,,6.0,,,
2005-09-07,18.7,11.0,27.6,,,,4.6,,1012.3,
2005-09-08,19.8,13.1,27.8,,,,4.6,,1015.4,
2005-09-09,19.4,15.0,24.2,,,,6.2,,1011.3,
2005-09-10,18.8,15.7,23.6,,,196,7.7,,1011.8,
2005-09-11,16.2,13.8,19.1,,,,6.5,,1010.7,
2005-09-12,15.7,14.2,18.9,,,,5.9,,1015.1,
2005-09-13,16.7,12.8,22.8,,,,6.5,,1022.5,
2005-09-14,16.4,11.5,20.5,,,,4.2,,1025.1,
2005-09-15,16.4,10.2,22.6,,,,4.7,,1022.1,
2005-09-16,16.9,11.9,22.5,,,,10.6,,1009.6,
2005-09-17,9.7,8.5,11.2,,,49,10.5,,1016.9,
2005-09-18,9.8,6.5,12.6,,,45,18.1,,1021.7,
2005-09-19,9.9,8.0,11.8,,,38,11.0,,1022.4,
2005-09-20,11.9,8.9,16.8,,,,4.8,,1023.5,
2005-09-21,11.4,5.7,18.1,,,,9.8,,1021.6,
2005-09-22,11.3,4.6,18.1,,,,3.0,,1020.6,
2005-09-23,13.1,7.1,21.5,,,,2.9,,1019.1,
2005-09-24,13.7,8.0,21.7,,,,2.3,,1018.9,
2005-09-25,14.8,8.3,22.7,,,,2.3,,1015.9,
2005-09-26,15.3,10.0,20.4,,,,4.2,,1020.9,
2005-09-27,15.0,12.2,19.0,,,,2.1,,,
2005-09-28,15.1,11.4,19.4,,,222,7.7,,,
2005-09-29,12.9,10.0,15.8,,,,8.7,,,
2005-09-30,10.3,6.3,13.2,,,,2.2,,1026.3,
2005-10-01,11.5,9.7,13.9,,,,4.8,,1019.2,
2005-10-02,9.3,7.7,12.5,,,,4.9,,1019.4,
2005-10-03,8.9,7.4,11.0,,,,3.9,,1022.5,
2005-10-04,11.2,9.1,14.4,,,,4.6,,,
2005-10-05,11.2,9.4,13.9,,,,3.6,,1022.2,
2005-10-06,12.8,10.7,16.3,,,,2.8,,1021.6,
2005-10-07,12.2,7.4,17.5,,,,2.4,,1020.2,
2005-10-08,12.6,9.5,18.3,,,,2.3,,1021.0,
2005-10-09,10.8,6.3,18.2,,,,2.5,,1024.7,
2005-10-10,10.2,6.2,14.8,,,,2.9,,1024.5,
2005-10-11,11.8,6.6,18.3,,,,3.8,,1020.6,
2005-10-12,10.3,5.8,18.1,,,,2.6,,1020.0,
2005-10-13,9.4,4.7,17.7,,,,3.2,,1020.4,
2005-10-14,9.1,4.7,17.2,,,,5.5,,1026.1,
2005-10-15,7.2,2.8,11.7,,,,4.0,,1028.7,
2005-10-16,8.1,3.8,10.2,,,,4.7,,1026.9,
2005-10-17,7.7,4.1,10.2,,,40,11.0,,1023.8,
2005-10-18,5.1,2.0,7.6,,,3,8.1,,1022.5,
2005-10-19,6.9,2.8,12.4,,,328,5.1,,1020.3,
2005-10-20,10.4,5.7,16.9,,,,4.0,,1016.8,
2005-10-21,11.3,8.5,17.0,,,,3.7,,1011.9,
2005-10-22,14.4,10.3,19.0,,,187,8.4,,1010.4,
2005-10-23,12.8,11.0,13.9,,,206,7.8,,1016.8,
2005-10-24,11.3,7.4,15.4,,,177,5.4,,1022.6,
2005-10-25,12.8,7.9,18.1,,,191,11.6,,1019.4,
2005-10-26,15.5,9.4,20.0,,,,8.5,,1022.2,
2005-10-27,10.8,5.2,18.9,,,,1.5,,1022.8,
2005-10-28,9.6,5.9,18.1,,,,2.8,,1022.8,
2005-10-29,8.9,5.7,16.1,,,,3.7,,,
2005-10-30,8.3,4.0,17.0,,,,3.5,,,
2005-10-31,9.3,5.0,14.0,,,,4.6,,,
2005-11-01,11.9,7.6,16.0,,,,6.4,,,
2005-11-02,9.7,5.5,15.8,,,,2.9,,,
2005-11-03,12.0,8.1,18.9,,,,4.4,,1019.9,
2005-11-04,10.8,5.6,16.0,,,290,5.0,,,
2005-11-05,8.7,3.4,11.0,,,,4.5,,1027.0,
2005-11-06,6.3,3.4,8.7,,,,4.1,,1028.9,
2005-11-07,7.2,3.8,9.9,,,,5.9,,1028.3,
2005-11-08,4.3,1.8,6.9,,,,2.9,,1027.5,
2005-11-09,5.0,3.4,10.0,,,,3.7,,,
2005-11-10,7.2,3.8,11.0,,,,3.5,,1035.1,
2005-11-11,7.9,2.6,10.5,,,,3.1,,1032.1,
2005-11-12,4.3,1.7,7.6,,,,4.5,,1022.3,
2005-11-13,4.7,2.4,6.4,,,,5.7,,,
2005-11-14,3.7,2.8,4.5,,,41,12.3,,1024.5,
2005-11-15,5.3,2.9,8.8,,,212,7.7,,1015.4,
2005-11-16,6.3,3.8,9.1,,,251,9.6,,1006.1,
2005-11-17,2.4,-1.6,6.6,,,286,5.5,,1014.5,
2005-11-18,0.5,-2.3,4.0,,,185,4.2,,1022.2,
2005-11-19,-1.2,-6.3,4.5,,,334,5.1,,1030.0,
2005-11-20,-2.3,-7.5,2.5,,,,3.7,,1034.1,
2005-11-21,-0.5,-4.1,2.0,,,,3.9,,1031.4,
2005-11-22,0.4,-1.1,2.4,,,59,20.0,,,
2005-11-23,0.0,-2.8,1.7,,,66,19.5,,1029.8,
2005-11-24,-2.9,-4.1,-1.2,,,101,10.8,,1020.4,
2005-11-25,-1.6,-6.4,1.6,,,224,11.7,,999.2,
2005-11-26,-4.9,-9.4,1.8,,,164,4.7,,999.1,
2005-11-27,-4.0,-11.6,1.0,,,197,9.9,,1000.9,
2005-11-29,0.9,0.0,2.4,,,,3.9,,1007.4,
2005-11-30,1.0,0.3,1.8,,,,3.3,,1014.4,
2005-12-01,-1.7,-5.8,0.7,,,,2.8,,1014.2,
2005-12-02,-2.2,-5.9,-0.1,,,41,4.7,,1005.8,
2005-12-03,3.2,0.3,6.2,,,192,8.2,,1005.7,
2005-12-04,6.0,2.6,7.5,,,222,11.1,,1005.6,
2005-12-05,5.5,1.3,7.7,,,233,11.1,,1003.8,
2005-12-06,2.4,-0.5,5.2,,,203,3.8,,1008.4,
2005-12-07,2.0,-0.9,3.5,,,222,5.9,,1018.5,
2005-12-08,1.1,-0.4,2.7,,,166,6.1,,1020.2,
2005-12-09,1.8,0.6,3.3,,,,9.0,,,
2005-12-10,1.3,0.0,2.1,,,41,11.6,,,
2005-12-12,-2.8,-6.0,0.0,,,,6.0,,,
2005-12-13,0.0,-3.0,2.0,,,,6.5,,,
2005-12-14,0.9,-1.0,2.0,,,,7.3,,,
2005-12-15,0.3,-4.1,3.2,,,,6.5,,,
2005-12-16,3.1,2.3,4.1,,,244,23.1,,,
2005-12-17,0.7,-1.0,3.1,,,267,16.1,,1012.2,
2005-12-18,-1.8,-5.3,-0.2,,,247,7.7,,1024.5,
2005-12-19,-2.4,-5.9,-0.5,,,200,7.0,,1029.2,
2005-12-20,-1.3,-3.4,-0.4,,,290,3.8,,1033.5,
2005-12-21,-1.0,-1.8,0.0,,,58,7.9,,,
2005-12-22,-1.1,-1.9,0.1,,,215,6.1,,1035.2,
2005-12-23,0.3,-1.1,3.0,,,,3.3,,1031.3,
2005-12-24,0.2,-1.0,1.5,,,,2.9,,1027.8,
2005-12-25,1.2,0.7,1.8,,,,2.2,,1022.5,
2005-12-26,0.2,-1.5,1.2,,,,3.6,,1014.7,
2005-12-27,-2.6,-4.9,-1.1,,,133,5.7,,1007.1,
2005-12-28,-5.3,-5.8,-4.3,,,247,8.0,,1010.6,
2005-12-29,-5.3,-8.4,-3.0,,,207,6.9,,1018.5,
2005-12-30,-7.5,-10.8,-5.3,,,,4.1,,1020.5,
2005-12-31,3.3,-3.6,6.0,,,197,14.3,,1008.6,
2006-01-01,3.0,1.6,5.3,,,184,8.6,,1008.2,
2006-01-02,2.1,1.0,3.8,,,7,6.4,,1017.7,
2006-01-03,1.0,-1.3,3.3,,,,4.3,,1028.5,
2006-01-04,0.1,-2.1,1.4,,,53,11.5,,1026.3,
2006-01-05,-1.3,-4.3,1.1,,,,8.5,,,
2006-01-06,-3.0,-4.5,-1.9,,,81,7.8,,1021.7,
2006-01-07,-3.7,-4.5,-2.4,,,109,7.2,,1027.7,
2006-01-08,-4.2,-5.0,-2.6,,,91,6.5,,1030.1,
2006-01-09,-4.2,-5.7,-3.3,,,,3.3,,1032.0,
2006-01-11,-5.0,-6.6,-2.0,,,227,5.7,,1035.1,
2006-01-12,-4.3,-6.6,-0.9,,,,3.5,,1034.9,
2006-01-13,-5.9,-8.0,-4.4,,,78,2.8,,1034.8,
2006-01-14,-6.0,-6.8,-5.1,,,8,2.7,,1034.1,
2006-01-15,-6.5,-8.6,-4.1,,,,3.1,,1029.5,
2006-01-16,-6.1,-8.3,-3.4,,,,1.8,,1026.6,
2006-01-17,1.2,-3.2,4.6,,,195,12.5,,1015.9,
2006-01-18,3.7,2.9,4.3,,,249,16.3,,1014.3,
2006-01-19,2.4,1.1,3.9,,,,3.3,,1025.9,
2006-01-20,2.0,0.9,3.6,,,,7.0,,1026.7,
2006-01-21,3.9,2.2,6.4,,,276,8.4,,1026.3,
2006-01-22,1.7,-1.4,4.2,,,43,8.4,,1032.3,
2006-01-23,-3.0,-5.5,1.1,,,50,15.3,,1036.5,
2006-01-24,-7.1,-9.2,-5.2,,,28,7.3,,1036.2,
2006-01-25,-4.4,-10.4,0.3,,,209,5.6,,1025.0,
2006-01-26,-1.3,-3.3,0.4,,,,5.5,,1015.3,
2006-01-27,-4.1,-7.0,-2.4,,,15,10.1,,1019.6,
2006-01-28,-1.4,-5.3,3.5,,,2,10.0,,1020.5,
2006-01-29,-0.8,-3.1,1.6,,,16,10.1,,1024.7,
2006-01-30,-2.0,-5.6,1.6,,,21,9.8,,1026.9,
2006-01-31,-2.3,-7.4,3.9,,,355,4.3,,1026.0,
2006-02-01,-3.9,-7.9,1.7,,,,2.3,,1025.8,
2006-02-02,-4.6,-6.0,-2.5,,,,2.0,,1023.0,
2006-02-03,-3.9,-5.9,-1.5,,,,1.7,,1020.5,
2006-02-04,-5.2,-6.3,-3.7,,,28,11.2,,1025.3,
2006-02-05,-3.1,-5.3,0.0,,,113,7.4,,1030.2,
2006-02-06,-0.9,-3.0,2.6,,,,3.0,,1029.9,
2006-02-07,1.3,-1.4,3.1,,,230,6.7,,1027.0,
2006-02-08,1.8,0.3,3.2,,,,14.3,,1015.3,
2006-02-09,0.9,-1.8,2.9,,,249,13.0,,1013.7,
2006-02-10,-0.2,-1.7,1.3,,,259,12.2,,1020.7,
2006-02-11,-1.2,-8.8,2.2,,,29,7.5,,1027.2,
2006-02-12,-4.7,-8.6,-2.3,,,258,3.3,,1029.7,
2006-02-13,-4.0,-9.0,0.7,,,,2.5,,1027.1,
2006-02-14,2.0,-1.2,6.5,,,,3.5,,1023.6,
2006-02-15,2.9,-1.1,5.9,,,195,12.8,,1013.7,
2006-02-16,6.4,3.6,9.3,,,228,15.7,,998.4,
2006-02-17,4.1,2.3,5.4,,,232,15.0,,1001.6,
2006-02-18,4.6,1.7,9.1,,,245,10.6,,1004.3,
2006-02-19,4.1,-2.4,8.7,,,338,7.9,,1003.0,
2006-02-20,4.0,-0.2,8.2,,,,6.5,,1005.2,
2006-02-21,2.8,-1.1,9.3,,,,7.1,,,
2006-02-22,2.6,-0.2,3.7,,,35,10.6,,1018.5,
2006-02-23,1.6,0.9,2.7,,,29,8.3,,1018.8,
2006-02-24,0.8,0.3,1.0,,,,10.2,,1012.6,
2006-02-25,0.4,-0.9,1.2,,,2,6.5,,1010.9,
2006-02-26,-0.7,-2.3,1.0,,,11,9.1,,1015.0,
2006-02-27,-2.6,-5.8,0.8,,,67,11.1,,,
2006-02-28,-2.6,-7.0,1.5,,,206,12.4,,,
2006-03-01,-1.7,-6.4,0.3,,,249,13.4,,1009.9,
2006-03-02,-3.1,-7.7,-0.1,,,209,10.6,,1010.1,
2006-03-03,3.1,-2.1,8.2,,,219,19.7,,1001.4,
2006-03-04,1.2,-1.2,7.4,,,30,11.2,,998.6,
2006-03-05,-1.5,-4.0,3.0,,,,8.9,,,
2006-03-06,-1.4,-4.5,0.8,,,225,8.5,,1018.8,
2006-03-07,-1.3,-4.4,1.9,,,248,8.5,,1023.3,
2006-03-08,-1.5,-7.3,4.3,,,206,9.8,,1014.4,
2006-03-09,7.8,6.1,10.5,,,246,24.2,,1005.9,
2006-03-10,3.8,1.0,7.4,,,241,16.2,,1008.9,
2006-03-11,2.1,0.7,4.5,,,252,11.3,,1009.7,
2006-03-12,-3.1,-5.0,0.3,,,26,15.2,,1026.0,
2006-03-13,-3.5,-5.7,-0.7,,,67,19.1,,1029.5,
2006-03-14,-1.7,-6.6,3.3,,,62,10.9,,1025.7,
2006-03-15,-0.3,-5.0,4.9,,,47,9.1,,1020.5,
2006-03-16,0.5,-0.3,1.9,,,55,13.6,,1021.0,
2006-03-17,1.0,-0.8,4.7,,,53,13.2,,1021.5,
2006-03-18,1.2,-3.5,5.8,,,55,13.4,,1017.5,
2006-03-19,1.5,-4.6,8.9,,,8,6.5,,1013.6,
2006-03-20,4.8,-3.9,14.0,,,,4.6,,1011.2,
2006-03-21,7.7,3.9,12.5,,,228,6.4,,1007.4,
2006-03-22,8.7,5.8,14.5,,,218,7.2,,1006.5,
2006-03-23,3.9,2.2,5.6,,,,10.2,,1010.5,
2006-03-24,5.0,2.3,9.3,,,130,7.8,,1007.5,
2006-03-25,11.2,6.3,15.4,,,236,18.3,,,
2006-03-26,13.3,9.0,21.0,,,180,13.5,,,
2006-03-27,13.9,7.0,21.1,,,,14.2,,,
2006-03-28,8.4,6.0,11.1,,,216,12.1,,1011.5,
2006-03-29,7.1,4.0,11.1,,,256,14.2,,1015.4,
2006-03-30,7.4,4.0,10.1,,,194,12.0,,1016.4,
2006-03-31,12.4,8.9,17.3,,,241,16.8,,1015.5,
2006-04-01,10.9,5.4,18.6,,,198,11.2,,1016.4,
2006-04-02,11.2,8.5,17.0,,,235,11.7,,1017.0,
2006-04-03,9.1,5.2,12.2,,,254,12.4,,1020.6,
2006-04-04,7.6,-0.4,13.5,,,75,5.7,,1017.2,
2006-04-05,3.0,0.7,7.9,,,,7.9,,1009.5,
2006-04-06,3.4,-0.2,8.1,,,32,11.6,,1016.3,
2006-04-07,4.1,-2.6,11.0,,,,3.4,,1017.2,
2006-04-08,7.5,-0.7,17.2,,,,7.3,,1014.5,
2006-04-09,6.6,3.1,9.6,,,,4.6,,1014.4,
2006-04-10,2.7,0.9,3.6,,,337,11.2,,1012.0,
2006-04-11,2.8,0.6,7.2,,,,7.4,,1020.0,
2006-04-12,3.3,-0.1,6.7,,,205,9.3,,1018.2,
2006-04-13,6.2,3.6,9.6,,,222,10.9,,1019.1,
2006-04-14,10.7,7.7,15.7,,,263,10.8,,1017.4,
2006-04-15,8.2,3.3,13.2,,,,5.4,,1015.3,
2006-04-16,11.2,9.9,14.3,,,239,15.2,,1015.5,
2006-04-17,10.7,5.8,15.4,,,244,7.0,,1015.1,
2006-04-18,10.8,8.2,15.5,,,,4.4,,1015.4,
2006-04-19,11.5,4.4,17.6,,,354,4.0,,1015.3,
2006-04-20,11.9,4.3,19.6,,,,3.2,,1015.7,
2006-04-21,13.2,4.0,21.8,,,,2.9,,1015.6,
2006-04-22,13.2,6.1,21.5,,,,6.4,,1016.8,
2006-04-23,12.7,8.1,18.4,,,159,6.7,,1016.2,
2006-04-24,14.2,4.9,22.6,,,,6.4,,1016.9,
2006-04-25,15.0,10.4,18.7,,,,5.7,,1018.4,
2006-04-26,12.6,11.1,15.0,,,194,5.5,,1019.6,
2006-04-27,12.2,10.4,16.0,,,,4.4,,1018.2,
2006-04-28,11.2,9.7,12.9,,,358,9.6,,1016.0,
2006-04-29,7.7,5.1,9.6,,,84,8.9,,1014.7,
2006-04-30,5.3,-1.6,12.2,,,298,5.6,,1015.0,
2006-05-01,9.9,2.5,15.7,,,163,4.8,,1012.7,
2006-05-02,13.8,7.4,21.2,,,215,3.8,,1015.1,
2006-05-03,15.8,6.0,24.4,,,,9.0,,1017.1,
2006-05-04,17.0,7.7,24.6,,,,4.8,,1016.2,
2006-05-05,14.0,10.0,17.9,,,194,7.8,,1020.1,
2006-05-06,14.7,10.0,20.6,,,,6.0,,1019.3,
2006-05-07,14.0,7.6,21.6,,,23,5.7,,1017.7,
2006-05-08,12.3,7.8,15.9,,,338,5.9,,1014.4,
2006-05-09,8.2,5.5,11.6,,,251,13.5,,1017.4,
2006-05-10,10.5,5.6,15.7,,,,6.9,,1017.1,
2006-05-11,12.6,3.9,21.2,,,31,8.8,,1016.9,
2006-05-12,15.0,5.0,23.8,,,,5.9,,1017.8,
2006-05-13,15.0,9.7,20.4,,,255,8.7,,1019.6,
2006-05-14,13.9,11.0,18.8,,,228,7.8,,1022.2,
2006-05-15,15.2,7.0,22.7,,,256,6.1,,1019.1,
2006-05-16,16.9,15.4,20.5,,,210,7.7,,1018.8,
2006-05-17,18.1,14.1,23.4,,,,,,,
2006-05-18,15.6,12.9,17.6,,,226,7.0,,1017.0,
2006-05-19,14.5,10.6,19.0,,,265,13.1,,1016.8,
2006-05-20,13.4,9.9,17.2,,,227,13.6,,1009.5,
2006-05-21,14.4,10.8,20.6,,,237,10.1,,,
2006-05-22,13.7,6.9,22.6,,,284,10.3,,1007.8,
2006-05-23,12.4,10.1,15.9,,,255,7.5,,1019.2,
2006-05-24,12.8,8.8,17.4,,,282,7.4,,1023.7,
2006-05-25,12.2,7.8,15.8,,,249,9.2,,1024.2,
2006-05-26,15.7,8.7,20.8,,,254,13.7,,1024.4,
2006-05-27,17.5,15.0,20.9,,,267,13.8,,1024.6,
2006-05-28,15.6,14.0,18.3,,,268,9.7,,1020.7,
2006-05-29,11.3,8.5,13.9,,,,7.8,,1014.4,
2006-05-30,8.0,5.6,10.7,,,265,14.7,,1014.1,
2006-05-31,6.9,4.9,10.4,,,280,7.5,,1019.0,
2006-06-01,7.4,5.2,11.2,,,236,9.8,,1024.1,
2006-06-02,7.5,3.1,12.8,,,,5.9,,1027.1,
2006-06-03,10.7,2.9,17.1,,,,5.8,,1027.1,
2006-06-04,12.5,10.0,16.2,,,,6.0,,1023.5,
2006-06-05,12.4,6.3,17.9,,,,3.6,,1022.8,
2006-06-06,12.8,8.8,16.6,,,,8.1,,,
2006-06-07,12.6,5.3,19.1,,,43,11.4,,1026.4,
2006-06-08,14.5,5.8,21.3,,,,,,,
2006-06-09,15.7,7.0,22.6,,,23,13.9,,1024.0,
2006-06-10,17.3,7.5,24.2,,,34,8.4,,1022.0,
2006-06-11,18.4,9.5,25.1,,,32,14.2,,1022.8,
2006-06-12,19.1,9.5,27.5,,,,6.3,,1024.0,
2006-06-13,20.7,11.7,28.8,,,,3.8,,1021.6,
2006-06-14,21.5,13.2,29.5,,,,3.5,,1017.3,
2006-06-15,22.3,13.9,30.1,,,310,4.5,,1015.9,
2006-06-16,21.7,15.1,27.8,,,242,7.2,,1016.3,
2006-06-17,21.6,15.2,28.1,,,,6.5,,1017.1,
2006-06-18,22.3,16.7,30.4,,,152,7.4,,1016.9,
2006-06-19,20.4,13.7,27.8,,,281,6.3,,1016.4,
2006-06-20,21.8,14.0,29.3,,,289,6.0,,1016.5,
2006-06-21,22.2,18.5,27.5,,,299,8.8,,1014.7,
2006-06-22,18.3,16.3,20.4,,,211,5.5,,1015.9,
2006-06-23,19.7,15.8,25.1,,,,5.1,,1016.6,
2006-06-24,21.1,14.4,29.0,,,337,6.5,,1014.5,
2006-06-25,22.2,17.5,30.7,,,21,5.7,,1011.9,
2006-06-26,20.8,16.5,26.1,,,307,6.4,,1016.3,
2006-06-27,20.7,16.1,27.5,,,,7.0,,1017.8,
2006-06-28,21.0,17.2,25.4,,,,6.0,,1017.3,
2006-06-29,18.0,13.7,22.2,,,345,6.5,,1019.0,
2006-06-30,20.0,11.8,26.8,,,30,10.1,,1021.8,
2006-07-01,20.6,13.3,25.9,,,33,16.7,,1021.4,
2006-07-02,20.6,11.8,27.4,,,33,13.9,,1018.2,
2006-07-03,21.4,12.1,29.5,,,346,7.1,,1015.1,
2006-07-04,23.7,15.9,31.3,,,,3.7,,1015.0,
2006-07-05,22.6,16.0,31.5,,,283,9.1,,1016.3,
2006-07-06,18.5,14.3,24.6,,,263,8.7,,1019.1,
2006-07-07,17.9,16.6,19.3,,,216,5.8,,1019.1,
2006-07-08,19.8,15.5,24.8,,,188,5.5,,1019.5,
2006-07-09,20.7,13.8,27.6,,,298,5.2,,1019.3,
2006-07-10,23.0,16.9,28.5,,,165,3.9,,1023.0,
2006-07-11,23.7,15.6,31.8,,,,5.2,,1021.5,
2006-07-12,23.8,16.8,31.5,,,336,7.1,,1020.4,
2006-07-13,23.6,17.3,30.9,,,5,6.7,,1019.0,
2006-07-14,23.1,16.5,31.1,,,61,10.0,,1020.5,
2006-07-15,23.0,18.3,27.9,,,44,15.3,,1022.8,
2006-07-16,21.5,13.3,28.2,,,27,13.5,,1023.0,
2006-07-17,21.4,11.0,29.4,,,19,10.3,,1022.0,
2006-07-18,22.2,11.8,32.1,,,,7.3,,1020.3,
2006-07-20,25.2,15.0,33.4,,,,,,,
2006-07-21,25.7,17.2,34.1,,,,5.9,,1019.2,
2006-07-22,24.5,17.3,32.1,,,235,7.1,,1016.8,
2006-07-23,23.9,17.5,31.3,,,260,5.7,,1018.2,
2006-07-24,24.7,16.4,32.8,,,34,8.3,,1017.3,
2006-07-25,25.7,16.5,34.7,,,,4.6,,1015.6,
2006-07-26,24.4,17.0,30.6,,,,6.2,,1016.3,
2006-07-27,25.0,16.3,35.1,,,,6.8,,1015.0,
2006-07-28,21.7,17.1,28.5,,,264,6.7,,1012.8,
2006-07-29,21.3,17.5,27.0,,,246,6.6,,1011.2,
2006-07-30,23.7,16.5,30.8,,,,4.8,,1013.2,
2006-07-31,21.6,18.0,29.5,,,229,8.4,,1014.7,
2006-08-01,18.8,17.2,21.4,,,243,8.0,,1012.9,
2006-08-02,18.1,14.5,22.9,,,272,11.6,,1012.3,
2006-08-03,14.5,12.1,17.4,,,203,6.3,,1008.0,
2006-08-04,14.8,12.5,19.1,,,216,6.3,,1012.0,
2006-08-05,15.0,13.6,17.0,,,,5.0,,,
2006-08-06,15.4,14.0,17.3,,,226,7.2,,1018.5,
2006-08-07,17.0,14.4,22.7,,,190,7.6,,1017.6,
2006-08-08,16.8,10.1,24.4,,,,6.5,,1015.0,
2006-08-09,16.9,12.8,20.6,,,,5.9,,1014.8,
2006-08-10,15.3,12.1,20.8,,,200,8.4,,1014.5,
2006-08-11,13.0,11.6,15.6,,,,6.2,,1014.0,
2006-08-12,12.4,10.5,15.7,,,229,7.7,,1010.4,
2006-08-13,12.0,10.6,13.5,,,200,12.9,,1009.1,
2006-08-14,12.9,10.3,15.2,,,222,12.8,,1011.8,
2006-08-15,16.4,10.5,22.5,,,,6.7,,1012.6,
2006-08-16,16.5,13.0,21.2,,,134,4.9,,1008.1,
2006-08-17,18.8,12.7,24.9,,,,8.2,,1006.1,
2006-08-18,18.9,14.2,24.1,,,259,9.5,,1009.3,
2006-08-19,17.4,11.4,25.6,,,,6.1,,1016.2,
2006-08-20,17.0,14.0,19.4,,,197,7.5,,1021.7,
2006-08-21,16.3,10.7,21.1,,,232,8.2,,1022.2,
2006-08-22,16.4,13.4,21.0,,,252,8.5,,,
2006-08-23,17.0,11.0,22.6,,,,4.3,,1016.3,
2006-08-24,14.5,10.5,19.1,,,,4.6,,,
2006-08-25,14.6,9.0,20.0,,,,8.3,,,
2006-08-26,14.5,9.0,21.3,,,225,6.7,,,
2006-08-27,14.7,13.0,17.8,,,230,8.6,,,
2006-08-28,13.5,11.5,16.0,,,,8.8,,,
2006-08-29,11.1,9.0,15.0,,,233,7.4,,,
2006-08-30,11.7,9.8,15.1,,,240,9.7,,,
2006-08-31,13.3,8.0,20.0,,,,4.0,,,
2006-09-01,14.2,6.0,23.4,,,,2.3,,,
2006-09-02,17.2,10.8,24.0,,,,5.4,,,
2006-09-03,19.7,16.2,25.1,,,,6.9,,1020.1,
2006-09-04,22.4,18.3,26.8,,,,9.1,,,
2006-09-05,21.6,16.7,27.1,,,,3.9,,,
2006-09-06,18.9,13.0,24.0,,,,5.4,,,
2006-09-07,20.8,14.8,27.4,,,253,7.5,,1015.0,
2006-09-08,16.9,14.0,20.1,,,44,15.3,,1023.8,
2006-09-09,14.8,7.5,22.1,,,24,10.6,,1024.6,
2006-09-10,16.4,10.1,24.5,,,,3.2,,,
2006-09-11,19.5,14.6,25.3,,,291,5.1,,1021.7,
2006-09-12,18.7,12.4,25.5,,,,4.4,,,
2006-09-13,18.2,12.2,26.3,,,,4.2,,,
2006-09-14,16.9,10.3,23.0,,,,4.6,,,
2006-09-15,17.0,15.0,21.0,,,306,6.3,,,
2006-09-16,16.3,12.1,21.1,,,,5.3,,,
2006-09-17,15.7,15.0,16.3,,,,8.2,,,
2006-09-18,15.1,14.2,15.7,,,221,8.9,,,
2006-09-19,15.8,13.0,20.0,,,,6.0,,,
2006-09-20,16.3,10.9,22.0,,,,4.9,,,
2006-09-21,15.5,10.0,24.5,,,,4.0,,,
2006-09-22,16.1,9.7,24.2,,,,4.3,,1014.1,
2006-09-23,16.8,13.1,22.3,,,,5.5,,1012.8,
2006-09-24,17.9,12.1,24.4,,,49,9.2,,1010.0,
2006-09-25,14.8,12.9,17.3,,,,7.9,,1010.1,
2006-09-26,14.0,12.8,16.3,,,,5.9,,1016.9,
2006-09-27,15.2,13.1,19.2,,,34,6.3,,1016.8,
2006-09-28,13.8,11.3,16.8,,,346,4.9,,1013.7,
2006-09-29,14.3,9.9,21.5,,,,2.0,,1013.5,
2006-09-30,16.7,12.1,22.7,,,,4.2,,1014.2,
2006-10-01,15.9,14.7,17.0,,,172,8.2,,1015.9,
2006-10-02,17.4,13.7,20.8,,,198,8.4,,1014.2,
2006-10-03,16.5,12.9,19.5,,,232,12.3,,1004.3,
2006-10-04,11.1,8.0,15.1,,,,8.6,,1014.5,
2006-10-05,11.1,8.3,15.1,,,,6.5,,1021.8,
2006-10-06,11.6,6.5,17.4,,,187,7.7,,1020.5,
2006-10-07,12.3,10.1,15.6,,,231,10.8,,1018.1,
2006-10-08,10.3,5.6,17.3,,,,6.0,,1023.6,
2006-10-09,10.6,4.5,19.4,,,,2.5,,1023.0,
2006-10-10,11.6,7.3,19.2,,,,2.6,,1021.7,
2006-10-11,11.7,8.9,16.6,,,,2.2,,1016.9,
2006-10-12,12.6,10.2,19.0,,,,3.4,,,
2006-10-13,13.3,7.6,18.9,,,,6.2,,1026.7,
2006-10-14,14.0,11.2,16.0,,,25,10.7,,1024.6,
2006-10-15,12.2,9.9,16.1,,,11,10.5,,1024.6,
2006-10-16,9.7,5.1,11.7,,,21,9.8,,1023.7,
2006-10-17,10.8,6.2,17.3,,,,3.6,,1019.0,
2006-10-18,9.5,5.8,14.1,,,,3.4,,1013.2,
2006-10-19,12.4,8.5,18.0,,,,3.8,,1005.3,
2006-10-20,13.1,8.1,19.9,,,,5.4,,1003.8,
2006-10-21,14.2,12.0,18.0,,,,6.2,,1007.1,
2006-10-22,13.4,9.5,19.7,,,,4.9,,1009.1,
2006-10-23,13.4,11.6,14.8,,,,3.6,,1004.9,
2006-10-24,14.8,11.0,18.4,,,249,15.4,,1006.6,
2006-10-25,10.0,5.0,15.8,,,,4.0,,1013.9,
2006-10-26,11.5,5.2,21.6,,,,2.2,,1014.4,
2006-10-27,13.5,7.6,19.7,,,,5.6,,1024.1,
2006-10-28,14.1,10.2,19.0,,,,5.0,,1028.3,
2006-10-29,13.3,10.2,14.2,,,197,6.3,,1023.8,
2006-10-30,10.8,6.6,15.5,,,350,7.4,,1021.9,
2006-10-31,10.7,3.9,15.6,,,222,8.3,,1014.5,
2006-11-01,8.5,0.3,14.0,,,298,12.9,,1019.0,
2006-11-02,1.4,-2.5,5.9,,,,3.0,,1030.5,
2006-11-03,1.6,-1.6,5.9,,,355,3.2,,1031.9,
2006-11-04,2.0,-3.3,8.7,,,,2.5,,1035.0,
2006-11-05,1.9,-4.8,8.4,,,,3.0,,1033.8,
2006-11-06,2.1,-3.7,10.2,,,,2.4,,1031.9,
2006-11-07,3.1,-2.9,13.1,,,,3.2,,1027.4,
2006-11-08,7.5,-1.2,15.5,,,184,9.7,,1027.8,
2006-11-09,10.2,5.7,12.2,,,251,8.1,,1029.6,
2006-11-10,6.1,-0.7,9.6,,,8,8.5,,1034.6,
2006-11-11,5.0,-1.4,9.7,,,207,13.5,,1026.4,
2006-11-12,8.2,6.2,9.8,,,255,18.5,,,
2006-11-13,8.1,5.4,10.7,,,237,13.7,,1020.4,
2006-11-14,10.7,8.9,13.1,,,,5.7,,1018.8,
2006-11-15,8.9,6.4,12.0,,,,4.5,,1018.5,
2006-11-16,6.6,4.9,7.8,,,,4.0,,1013.6,
2006-11-17,10.2,7.3,14.6,,,300,4.9,,1012.9,
2006-11-18,10.1,3.6,14.4,,,,4.7,,1018.5,
2006-11-19,6.1,1.3,11.7,,,,7.5,,1022.5,
2006-11-20,6.2,3.0,9.3,,,,7.1,,1021.3,
2006-11-21,6.9,4.7,9.4,,,202,11.3,,1006.3,
2006-11-22,4.6,0.9,7.2,,,221,10.5,,1006.0,
2006-11-23,7.0,2.0,10.8,,,166,12.7,,1003.9,
2006-11-24,9.2,4.7,12.6,,,,5.9,,1006.8,
2006-11-25,8.0,4.3,13.6,,,,4.4,,1010.1,
2006-11-26,7.7,3.0,14.4,,,,3.1,,1021.6,
2006-11-27,5.4,2.8,9.7,,,,3.3,,1026.4,
2006-11-28,3.9,2.6,5.3,,,192,3.6,,1025.8,
2006-11-29,5.8,3.8,7.4,,,,4.1,,,
2006-11-30,8.0,7.1,8.6,,,46,9.4,,1033.2,
2006-12-01,6.5,5.4,7.5,,,,4.9,,1031.9,
2006-12-02,4.2,3.5,5.2,,,,4.5,,1025.9,
2006-12-03,6.5,3.8,12.6,,,,7.4,,1017.6,
2006-12-04,10.1,7.3,11.8,,,239,19.6,,1013.3,
2006-12-05,11.6,9.0,14.6,,,205,11.0,,1012.8,
2006-12-06,6.6,5.5,8.8,,,177,7.4,,1011.9,
2006-12-07,5.7,0.9,8.9,,,172,8.8,,1013.9,
2006-12-08,6.3,1.7,10.9,,,,8.5,,1003.4,
2006-12-09,3.6,2.1,4.6,,,212,6.7,,1012.8,
2006-12-10,3.1,-2.5,5.7,,,,3.7,,1030.1,
2006-12-11,1.9,-1.3,4.0,,,,6.5,,1031.8,
2006-12-12,4.4,0.7,6.7,,,193,5.4,,1028.0,
2006-12-13,2.2,-1.8,7.2,,,,4.3,,1033.4,
2006-12-14,-1.6,-3.9,0.6,,,,2.9,,1035.5,
2006-12-15,-1.3,-3.5,4.0,,,,3.0,,,
2006-12-16,0.1,-3.6,5.4,,,,3.7,,1029.7,
2006-12-17,5.3,3.1,6.8,,,,5.4,,1027.8,
2006-12-18,0.9,-2.8,3.6,,,,10.4,,1028.5,
2006-12-19,1.6,0.6,2.7,,,56,20.8,,1030.1,
2006-12-20,-0.1,-3.0,2.8,,,42,10.6,,1035.5,
2006-12-21,-0.8,-5.6,3.8,,,,9.1,,1037.9,
2006-12-22,0.9,-2.6,2.7,,,,12.8,,1038.4,
2006-12-23,0.1,-1.8,1.3,,,55,9.8,,1038.9,
2006-12-24,-0.5,-1.1,0.3,,,80,9.8,,1037.1,
2006-12-25,0.0,-0.8,0.8,,,,5.9,,1035.0,
2006-12-26,-0.5,-1.1,0.3,,,70,9.0,,1036.2,
2006-12-27,-1.3,-2.4,1.0,,,214,6.0,,1035.9,
2006-12-28,-1.4,-4.6,3.5,,,180,8.9,,1033.3,
2006-12-29,-2.9,-5.8,1.4,,,,2.3,,1032.5,
2006-12-31,9.2,6.5,12.2,,,225,13.5,,1032.8,
2007-01-01,8.7,2.4,12.4,,,245,18.2,,,
2007-01-02,3.3,1.9,5.9,,,233,14.3,,1025.3,
2007-01-03,4.1,2.8,6.7,,,230,10.2,,1033.2,
2007-01-04,5.7,4.1,7.0,,,226,14.6,,1022.0,
2007-01-05,6.2,5.2,7.1,,,237,11.6,,1026.7,
2007-01-08,7.6,3.9,11.0,,,202,15.4,,1016.7,
2007-01-09,9.3,6.6,12.0,,,206,13.5,,1021.1,
2007-01-10,8.3,3.2,12.2,,,,8.1,,1023.6,
2007-01-11,10.6,8.6,12.2,,,258,22.3,,1025.0,
2007-01-12,8.4,5.3,11.1,,,248,15.6,,1029.6,
2007-01-13,6.0,1.9,11.2,,,,6.3,,1029.5,
2007-01-14,6.2,0.5,10.9,,,,6.8,,1032.0,
2007-01-15,2.0,-0.6,4.1,,,,3.9,,1031.5,
2007-01-16,4.8,1.8,8.8,,,153,9.2,,1026.8,
2007-01-17,8.9,6.1,11.5,,,222,13.3,,1023.9,
2007-01-18,11.2,9.7,13.0,,,244,31.3,,,
2007-01-19,12.6,11.3,14.0,,,250,32.0,,1020.6,
2007-01-20,10.7,7.0,13.8,,,242,12.3,,1023.6,
2007-01-21,6.9,0.4,11.1,,,,15.6,,1020.5,
2007-01-22,3.0,0.4,5.9,,,,8.2,,1016.9,
2007-01-23,1.1,-1.6,3.0,,,44,22.0,,1004.6,
2007-01-24,-4.3,-7.9,-2.1,,,291,8.9,,1006.0,
2007-01-25,-5.2,-10.1,-3.7,,,45,14.4,,1017.8,
2007-01-26,-5.4,-8.1,-2.8,,,,5.2,,1025.9,
2007-01-27,-2.1,-5.5,0.3,,,225,7.3,,1032.1,
2007-01-28,1.3,-1.0,4.4,,,,8.2,,1033.9,
2007-01-29,2.2,-1.6,6.4,,,,4.9,,1028.4,
2007-01-30,0.3,-5.3,6.3,,,,6.0,,1026.8,
2007-01-31,-1.1,-5.7,0.9,,,,4.0,,1027.0,
2007-02-01,2.2,0.4,4.5,,,139,4.5,,1030.1,
2007-02-02,3.1,1.8,5.1,,,64,5.9,,1032.4,
2007-02-03,3.9,-0.1,7.4,,,76,8.9,,1034.6,
2007-02-04,1.9,-3.1,7.2,,,350,8.6,,1031.5,
2007-02-05,2.6,-3.2,8.5,,,188,9.2,,1020.6,
2007-02-06,2.8,1.1,4.9,,,,5.9,,1008.6,
2007-02-07,3.3,1.3,5.8,,,159,5.6,,1002.4,
2007-02-08,5.3,3.0,7.2,,,218,13.9,,1000.7,
2007-02-09,4.3,-0.4,10.0,,,171,6.5,,1007.5,
2007-02-10,1.9,-4.0,5.7,,,,6.3,,1010.0,
2007-02-11,6.0,1.5,9.3,,,223,16.2,,1009.7,
2007-02-12,7.2,5.5,9.3,,,225,18.5,,1003.9,
2007-02-13,5.8,3.5,8.6,,,236,19.7,,1012.9,
2007-02-14,2.3,-3.0,6.1,,,,6.1,,1011.8,
2007-02-15,6.5,0.7,10.2,,,,5.1,,1021.5,
2007-02-16,3.3,-3.2,11.1,,,,6.8,,1023.7,
2007-02-17,1.7,-2.2,6.6,,,,6.5,,1019.1,
2007-02-18,2.3,-4.4,11.5,,,,4.4,,1016.6,
2007-02-19,5.3,-0.8,12.2,,,,3.7,,1015.1,
2007-02-20,3.0,-2.1,11.5,,,,2.4,,1013.7,
2007-02-21,5.3,-2.7,14.0,,,,4.1,,1015.7,
2007-02-22,7.9,1.0,14.3,,,,4.1,,,
2007-02-23,7.4,0.9,13.3,,,,4.3,,,
2007-02-24,5.2,0.8,10.1,,,,8.8,,1010.1,
2007-02-25,6.1,4.2,8.0,,,220,13.7,,1007.0,
2007-02-26,5.4,4.7,6.6,,,239,16.8,,1012.6,
2007-02-27,5.5,3.3,8.4,,,232,14.9,,1020.0,
2007-03-01,8.4,5.1,9.7,,,247,25.3,,1005.1,
2007-03-03,8.9,6.1,12.1,,,235,19.9,,1011.6,
2007-03-04,6.9,-0.2,14.2,,,,4.0,,1020.9,
2007-03-05,5.7,1.0,10.0,,,,7.6,,,
2007-03-07,7.3,3.7,10.0,,,,6.7,,,
2007-03-08,7.4,4.1,11.5,,,,5.8,,,
2007-03-09,5.8,-0.3,11.1,,,,5.0,,1029.2,
2007-03-10,5.4,1.3,9.5,,,20,8.5,,1036.4,
2007-03-11,4.1,-2.6,11.2,,,,10.5,,1035.0,
2007-03-12,5.0,-2.5,13.8,,,,3.1,,1028.4,
2007-03-13,6.5,-1.6,16.5,,,,2.2,,1029.0,
2007-03-14,8.1,-0.1,16.4,,,,7.2,,1031.5,
2007-03-15,8.3,1.6,15.8,,,,4.3,,1028.5,
2007-03-16,7.1,-0.4,15.5,,,,2.9,,1026.2,
2007-03-17,7.1,3.3,11.0,,,,8.7,,1026.3,
2007-03-18,7.5,1.8,14.5,,,229,18.1,,,
2007-03-19,3.0,0.7,8.2,,,243,13.3,,,
2007-03-20,1.8,0.1,4.4,,,322,13.3,,998.8,
2007-03-21,1.4,-1.8,6.6,,,,5.3,,1007.2,
2007-03-22,0.6,-3.6,3.5,,,,9.6,,1012.9,
2007-03-23,0.8,0.1,1.6,,,,7.6,,1009.7,
2007-03-24,1.5,-0.1,4.5,,,,3.1,,1010.0,
2007-03-25,3.9,1.3,7.5,,,,9.0,,1014.4,
2007-03-26,5.8,-1.7,14.7,,,13,8.0,,1017.0,
2007-03-27,6.5,-0.1,15.1,,,,4.2,,1016.9,
2007-03-28,6.6,-0.9,14.9,,,,4.0,,1016.5,
2007-03-29,7.2,0.1,14.1,,,,6.0,,1015.6,
2007-03-30,7.6,0.7,14.8,,,,6.2,,1010.8,
2007-03-31,4.3,1.0,8.5,,,283,8.2,,1016.4,
2007-04-01,6.8,1.5,14.4,,,,4.9,,1022.5,
2007-04-02,9.1,-0.4,19.1,,,,2.7,,1023.4,
2007-04-03,8.2,1.8,15.6,,,,5.0,,1014.1,
2007-04-04,5.4,3.7,7.7,,,53,18.6,,1012.5,
2007-04-05,7.7,3.2,13.4,,,45,12.5,,1018.7,
2007-04-06,9.5,0.5,18.5,,,39,9.3,,1020.9,
2007-04-07,11.0,2.5,19.6,,,,4.2,,1020.6,
2007-04-08,10.9,6.1,15.6,,,48,14.3,,1022.3,
2007-04-09,10.3,1.9,19.0,,,,5.5,,,
2007-04-10,11.7,2.4,20.5,,,,3.4,,1020.9,
2007-04-11,13.2,2.1,21.1,,,21,10.8,,1021.5,
2007-04-12,14.2,4.4,22.9,,,334,5.4,,1019.5,
2007-04-13,15.5,5.9,24.9,,,,4.1,,1017.1,
2007-04-14,16.1,6.8,25.6,,,,6.6,,1018.2,
2007-04-15,16.6,6.9,25.2,,,,6.6,,1020.2,
2007-04-16,15.8,6.0,23.4,,,,8.5,,1019.3,
2007-04-17,14.9,4.6,23.8,,,,3.8,,1017.8,
2007-04-18,13.1,8.0,17.0,,,,7.7,,1019.7,
2007-04-19,11.4,3.4,19.6,,,17,8.1,,1019.1,
2007-04-20,12.4,2.3,21.5,,,,4.7,,1017.8,
2007-04-21,13.2,4.0,22.6,,,,6.0,,1018.9,
2007-04-22,14.2,4.0,24.7,,,,3.0,,1021.0,
2007-04-23,16.3,6.1,24.7,,,,5.7,,1022.4,
2007-04-24,17.2,7.8,25.4,,,,4.6,,1019.5,
2007-04-25,17.8,9.0,26.0,,,,9.1,,,
2007-04-26,17.4,8.6,25.2,,,9,8.0,,,
2007-04-27,16.1,10.0,24.4,,,178,7.6,,,
2007-04-28,17.0,9.0,25.2,,,,5.9,,,
2007-04-29,18.6,11.9,25.4,,,,9.3,,1014.8,
2007-04-30,15.6,9.1,21.5,,,,12.8,,1010.8,
2007-05-01,14.2,6.0,20.6,,,32,16.2,,1010.6,
2007-05-02,13.4,6.5,19.6,,,2,12.3,,1009.3,
2007-05-03,13.1,7.2,20.2,,,,5.4,,1011.0,
2007-05-04,12.2,5.8,18.7,,,,7.3,,1005.9,
2007-05-05,12.0,10.4,13.0,,,,5.4,,1006.6,
2007-05-06,12.9,10.4,17.7,,,,6.6,,1015.6,
2007-05-07,12.7,8.4,17.0,,,213,9.0,,1019.8,
2007-05-08,14.9,12.4,17.6,,,247,24.6,,1018.2,
2007-05-09,15.3,13.1,18.5,,,255,19.3,,1019.8,
2007-05-10,16.9,8.0,23.1,,,219,10.5,,1017.5,
2007-05-11,16.3,12.6,20.6,,,235,16.0,,1011.8,
2007-05-12,16.6,11.5,21.9,,,251,16.4,,1013.7,
2007-05-13,17.1,7.2,27.9,,,,5.4,,1010.1,
2007-05-14,15.0,9.4,18.6,,,301,11.1,,1010.2,
2007-05-15,10.1,7.8,13.8,,,235,13.0,,1018.3,
2007-05-16,10.3,4.2,16.2,,,216,9.5,,1016.8,
2007-05-17,10.7,8.7,12.9,,,237,13.8,,1013.3,
2007-05-18,13.5,7.9,19.6,,,,3.0,,1018.8,
2007-05-19,15.5,5.4,25.2,,,,2.9,,1014.8,
2007-05-20,18.2,9.9,26.1,,,315,4.6,,1012.4,
2007-05-21,20.8,14.6,28.2,,,,6.6,,1014.8,
2007-05-22,19.9,15.3,25.6,,,94,6.4,,1018.6,
2007-05-23,20.5,13.3,27.6,,,,9.5,,1016.7,
2007-05-24,21.2,14.1,28.7,,,,3.7,,1013.8,
2007-05-25,22.1,14.7,29.2,,,,6.1,,1009.3,
2007-05-26,21.2,16.2,25.8,,,150,9.3,,1003.4,
2007-05-27,16.2,13.5,18.7,,,,10.0,,1000.6,
2007-05-28,8.8,6.5,13.5,,,226,10.6,,1001.4,
2007-05-29,8.2,6.5,8.7,,,243,15.1,,1008.6,
2007-05-30,10.3,1.6,16.3,,,29,5.8,,1015.4,
2007-05-31,13.9,7.1,21.1,,,,5.9,,1012.3,
2007-06-01,12.0,9.8,14.5,,,236,10.4,,1014.9,
2007-06-02,11.2,9.4,14.3,,,,4.4,,1020.7,
2007-06-03,15.2,9.7,21.3,,,,6.8,,1019.4,
2007-06-04,16.9,10.0,25.2,,,,8.0,,1017.6,
2007-06-05,18.4,10.7,25.3,,,,9.0,,1014.8,
2007-06-06,18.7,14.4,23.0,,,38,9.0,,1011.7,
2007-06-07,19.5,14.7,25.9,,,,4.8,,1011.2,
2007-06-08,20.2,14.9,27.1,,,245,7.9,,1015.0,
2007-06-09,20.3,15.6,25.8,,,164,6.4,,1016.0,
2007-06-10,19.9,13.4,26.8,,,,5.0,,1014.4,
2007-06-11,17.9,13.8,22.6,,,,7.9,,1014.1,
2007-06-12,20.1,16.4,25.9,,,258,9.3,,1011.9,
2007-06-13,20.9,16.7,25.6,,,,4.8,,1009.2,
2007-06-14,21.8,14.7,29.3,,,,6.8,,1006.6,
2007-06-15,16.0,11.7,19.0,,,229,9.0,,1008.5,
2007-06-16,16.7,11.2,22.3,,,242,8.1,,1011.5,
2007-06-17,18.6,10.0,26.0,,,324,4.8,,1009.8,
2007-06-18,20.2,15.8,26.1,,,,8.9,,1012.5,
2007-06-19,22.4,16.8,29.3,,,,6.3,,1013.0,
2007-06-20,23.2,17.1,29.2,,,342,8.1,,1011.8,
2007-06-21,18.8,15.0,21.5,,,251,11.7,,1013.3,
2007-06-22,16.7,14.2,20.4,,,,6.7,,1013.5,
2007-06-23,17.0,12.5,21.3,,,272,11.4,,1015.3,
2007-06-24,18.8,11.6,26.1,,,,3.4,,,
2007-06-25,16.8,13.3,21.4,,,220,7.0,,1009.9,
2007-06-26,13.9,11.3,17.5,,,250,21.6,,1009.5,
2007-06-27,12.3,11.4,14.2,,,232,10.5,,,
2007-06-28,13.9,10.4,18.0,,,,10.1,,,
2007-06-29,16.3,10.9,22.4,,,,5.6,,1017.4,
2007-06-30,18.3,14.2,23.7,,,,4.0,,1018.0,
2007-07-01,18.4,11.6,26.5,,,,7.2,,1012.9,
2007-07-02,15.2,13.9,17.2,,,198,7.9,,1012.7,
2007-07-03,14.6,12.1,18.8,,,212,9.2,,1011.2,
2007-07-04,13.1,10.7,15.0,,,239,15.8,,1011.5,
2007-07-05,12.7,11.0,15.0,,,242,17.2,,1018.6,
2007-07-06,16.0,11.7,20.9,,,243,14.7,,1017.1,
2007-07-07,18.9,12.7,24.9,,,258,7.7,,1017.8,
2007-07-08,17.7,13.2,22.3,,,,5.6,,1017.8,
2007-07-09,14.9,11.9,18.0,,,223,9.1,,1015.2,
2007-07-10,11.2,10.0,14.8,,,243,9.7,,1016.9,
2007-07-11,12.4,10.2,15.6,,,232,10.1,,1017.9,
2007-07-12,15.3,11.8,20.2,,,,7.3,,1020.5,
2007-07-13,19.6,12.3,27.2,,,,3.6,,1019.0,
2007-07-14,21.8,12.8,31.0,,,,4.6,,1018.0,
2007-07-15,23.3,14.5,32.6,,,,2.9,,1015.9,
2007-07-16,24.9,15.7,33.5,,,145,6.4,,1013.7,
2007-07-17,23.2,17.9,27.8,,,,6.2,,1017.1,
2007-07-18,22.5,16.9,27.5,,,40,6.5,,1018.2,
2007-07-19,21.9,17.2,27.9,,,29,7.2,,1015.7,
2007-07-20,21.4,17.1,27.3,,,294,10.8,,1014.5,
2007-07-21,18.1,15.8,22.0,,,,5.5,,1016.2,
2007-07-22,17.7,14.8,22.7,,,255,6.8,,1015.2,
2007-07-23,17.6,11.4,28.4,,,324,7.2,,1006.3,
2007-07-24,16.3,12.9,21.3,,,237,15.0,,1009.8,
2007-07-25,17.7,12.4,25.0,,,,4.4,,1017.9,
2007-07-26,19.8,11.9,27.1,,,,4.8,,1015.1,
2007-07-27,20.9,16.0,26.0,,,,7.6,,1016.4,
2007-07-28,20.3,14.8,25.1,,,235,9.9,,1017.9,
2007-07-29,19.1,15.5,23.4,,,259,10.2,,1016.4,
2007-07-30,15.6,11.5,18.9,,,339,7.2,,1018.0,
2007-07-31,14.4,7.4,20.8,,,10,6.5,,1018.8,
2007-08-01,16.5,8.0,24.5,,,5,7.3,,1016.0,
2007-08-02,17.5,13.3,20.4,,,240,9.9,,1014.6,
2007-08-03,16.9,14.2,20.7,,,,6.1,,1021.3,
2007-08-04,17.6,10.6,24.8,,,,7.0,,1023.7,
2007-08-05,19.9,12.1,27.4,,,,8.7,,1017.0,
2007-08-06,21.1,12.5,29.9,,,,6.8,,1011.0,
2007-08-07,18.8,16.4,20.7,,,,5.7,,1012.0,
2007-08-08,15.1,13.6,17.5,,,273,8.0,,1012.4,
2007-08-09,12.0,11.0,13.1,,,235,14.0,,1013.6,
2007-08-10,13.8,10.3,17.5,,,249,8.4,,1014.6,
2007-08-11,16.3,14.1,20.7,,,205,3.6,,1013.9,
2007-08-12,17.3,13.1,24.3,,,,2.7,,1011.6,
2007-08-13,19.2,14.2,25.6,,,223,6.3,,1012.4,
2007-08-14,20.3,15.7,26.5,,,,5.2,,1012.9,
2007-08-15,24.3,18.2,30.7,,,189,6.9,,1009.5,
2007-08-16,18.9,15.5,23.8,,,263,11.1,,1012.8,
2007-08-17,16.6,12.8,21.0,,,156,8.6,,1019.8,
2007-08-18,16.8,11.8,21.7,,,,7.0,,1017.2,
2007-08-19,16.5,10.8,23.2,,,,6.2,,1012.1,
2007-08-20,14.8,13.3,17.6,,,,5.3,,1009.4,
2007-08-21,14.5,12.7,17.4,,,,4.5,,1006.0,
2007-08-22,16.0,12.5,21.2,,,229,7.5,,1010.0,
2007-08-23,17.6,12.0,23.0,,,,3.6,,1013.7,
2007-08-24,18.6,11.5,25.3,,,,5.6,,1021.8,
2007-08-25,19.4,11.7,27.4,,,,2.0,,1026.7,
2007-08-26,19.6,13.2,27.5,,,,1.4,,1025.9,
2007-08-27,19.8,15.5,26.3,,,,3.8,,1020.7,
2007-08-30,14.9,13.7,17.7,,,10,7.9,,1015.9,
2007-08-31,14.8,8.9,20.5,,,,6.3,,,
2007-09-01,16.2,14.2,19.9,,,277,7.6,,1021.3,
2007-09-02,15.8,9.7,21.6,,,,3.4,,1020.2,
2007-09-03,15.2,11.1,19.1,,,255,8.8,,1016.1,
2007-09-04,11.4,8.3,16.0,,,,7.8,,1021.3,
2007-09-05,9.8,4.3,15.6,,,,3.8,,1028.3,
2007-09-06,9.9,3.9,15.4,,,,4.8,,1028.0,
2007-09-07,13.0,8.1,18.3,,,,7.3,,1026.4,
2007-09-08,14.0,7.2,18.6,,,2,7.0,,1024.2,
2007-09-09,15.1,12.3,19.0,,,334,5.3,,1020.4,
2007-09-10,13.4,6.5,18.6,,,298,11.0,,1018.5,
2007-09-11,13.3,9.3,16.5,,,329,6.6,,1020.7,
2007-09-12,12.4,5.4,19.7,,,7,10.8,,1024.6,
2007-09-13,13.3,8.1,20.6,,,7,7.1,,1023.8,
2007-09-14,15.8,8.3,23.6,,,,5.8,,1020.4,
2007-09-15,16.4,12.3,22.7,,,,4.0,,1022.9,
2007-09-16,15.9,8.7,24.5,,,,4.8,,1019.7,
2007-09-17,17.4,11.3,25.2,,,,6.4,,1013.8,
2007-09-18,12.5,8.5,15.7,,,262,12.3,,1016.1,
2007-09-19,10.1,6.7,15.3,,,343,3.8,,1025.2,
2007-09-20,9.7,3.7,17.7,,,,2.6,,1025.9,
2007-09-21,11.6,4.4,20.8,,,,2.3,,1024.8,
2007-09-22,14.4,7.2,23.1,,,,1.5,,1023.5,
2007-09-23,15.0,8.3,23.0,,,,2.7,,1023.0,
2007-09-24,16.8,11.3,23.9,,,,6.5,,1018.1,
2007-09-25,12.3,9.6,14.5,,,217,9.8,,1017.9,
2007-09-26,9.4,8.2,11.1,,,72,6.4,,1014.1,
2007-09-27,8.7,7.5,11.2,,,,4.9,,1006.2,
2007-09-28,8.8,4.2,12.5,,,255,11.4,,,
2007-09-29,12.8,9.2,17.8,,,237,12.3,,1016.4,
2007-09-30,13.6,11.4,17.5,,,161,5.1,,1023.0,
2007-10-01,15.1,10.1,21.7,,,,2.1,,1023.8,
2007-10-02,15.3,10.1,21.2,,,,2.9,,1020.9,
2007-10-03,17.1,11.9,23.9,,,,3.7,,1019.0,
2007-10-04,17.3,15.6,19.6,,,207,5.6,,1020.9,
2007-10-05,17.6,13.4,21.7,,,,5.6,,1020.1,
2007-10-06,15.1,13.0,17.6,,,47,12.3,,1018.8,
2007-10-07,11.4,6.7,16.9,,,,6.0,,1020.7,
2007-10-08,10.0,5.4,17.8,,,,2.2,,1023.2,
2007-10-09,9.5,5.0,16.5,,,,2.4,,1025.1,
2007-10-10,10.6,6.0,15.7,,,,7.6,,1022.4,
2007-10-11,9.7,5.4,14.9,,,,8.8,,1025.0,
2007-10-12,9.6,3.4,15.8,,,,3.9,,1024.3,
2007-10-13,11.8,7.0,16.0,,,21,11.7,,1024.0,
2007-10-14,8.4,4.3,11.4,,,348,7.8,,1024.7,
2007-10-15,11.0,8.3,17.7,,,209,4.5,,1022.6,
2007-10-16,10.1,4.1,18.3,,,,4.0,,1023.1,
2007-10-17,12.3,4.3,19.5,,,220,8.5,,1021.7,
2007-10-18,10.0,4.4,13.4,,,,8.8,,1027.1,
2007-10-19,5.2,0.8,9.3,,,,6.2,,1032.1,
2007-10-20,3.7,-0.2,5.7,,,,14.5,,1033.1,
2007-10-21,2.1,-2.3,5.1,,,,5.4,,1030.0,
2007-10-22,3.4,1.0,5.2,,,52,15.1,,1024.3,
2007-10-23,4.2,3.3,5.2,,,70,17.0,,1020.7,
2007-10-24,5.4,4.1,7.1,,,67,18.0,,1018.8,
2007-10-25,6.6,5.5,7.9,,,70,10.8,,1019.9,
2007-10-26,7.4,6.5,8.2,,,50,12.4,,1018.9,
2007-10-27,8.0,5.3,9.8,,,,3.3,,1028.5,
2007-10-28,5.9,1.1,10.3,,,,2.5,,1026.0,
2007-10-29,5.8,1.0,11.8,,,,4.0,,1018.3,
2007-10-30,7.1,5.0,8.7,,,,6.1,,1018.5,
2007-10-31,7.3,4.3,10.1,,,27,11.6,,1027.1,
2007-11-01,5.6,1.6,10.7,,,40,7.3,,1031.5,
2007-11-02,6.1,1.2,12.0,,,34,7.2,,1032.1,
2007-11-03,6.2,2.9,10.2,,,122,4.3,,1029.2,
2007-11-04,8.1,6.6,9.9,,,,7.6,,,
2007-11-05,5.5,1.1,10.5,,,343,6.6,,1027.2,
2007-11-06,5.9,2.2,8.4,,,260,7.4,,1029.0,
2007-11-07,5.1,2.7,7.2,,,244,7.7,,1029.6,
2007-11-08,7.6,5.9,10.2,,,244,7.0,,1022.6,
2007-11-09,4.5,1.3,8.8,,,263,22.5,,1019.6,
2007-11-10,3.1,1.6,4.9,,,250,21.4,,1023.7,
2007-11-11,7.0,5.1,8.6,,,247,24.6,,1016.5,
2007-11-12,4.0,0.2,6.4,,,286,9.1,,1021.1,
2007-11-13,2.4,-0.4,4.7,,,,9.0,,1018.9,
2007-11-14,2.0,-0.7,3.6,,,293,14.3,,1008.9,
2007-11-15,-0.6,-2.1,1.9,,,21,13.7,,1020.4,
2007-11-16,-1.9,-3.6,-0.2,,,53,11.1,,1027.6,
2007-11-17,-3.0,-7.8,2.1,,,,5.9,,1027.3,
2007-11-18,-3.4,-7.1,1.8,,,,3.8,,1017.2,
2007-11-19,-3.3,-7.1,1.3,,,,4.2,,1015.1,
2007-11-20,-0.6,-5.0,3.6,,,,5.3,,1016.2,
2007-11-21,3.0,-0.6,6.7,,,322,6.3,,1013.0,
2007-11-22,4.0,1.6,6.8,,,,4.2,,1011.6,
2007-11-23,5.9,2.2,8.5,,,,3.8,,1013.0,
2007-11-24,6.0,4.2,7.1,,,9,10.1,,1022.0,
2007-11-25,4.0,3.3,4.8,,,272,10.6,,1024.8,
2007-11-26,3.7,-0.4,6.3,,,267,11.9,,1028.4,
2007-11-27,0.6,-4.0,5.9,,,,5.3,,1030.4,
2007-11-28,-0.4,-2.9,3.4,,,,5.8,,1023.9,
2007-11-29,-1.4,-5.1,3.0,,,,5.3,,1017.9,
2007-11-30,3.3,-0.9,6.2,,,198,5.2,,1016.8,
2007-12-01,4.4,-0.4,7.2,,,205,6.7,,1015.7,
2007-12-02,7.9,5.8,10.1,,,244,22.5,,1014.1,
2007-12-03,5.9,3.6,7.6,,,240,22.7,,1005.0,
2007-12-04,4.9,3.3,6.6,,,240,11.5,,1019.5,
2007-12-05,5.9,2.8,9.5,,,192,5.9,,1024.8,
2007-12-06,8.6,7.3,10.3,,,241,15.8,,1022.9,
2007-12-07,8.6,5.3,11.4,,,240,18.4,,1010.3,
2007-12-08,4.5,3.5,6.1,,,235,12.1,,1012.9,
2007-12-09,5.6,3.2,8.5,,,214,16.4,,1000.4,
2007-12-10,4.6,2.6,5.7,,,233,16.5,,1004.6,
2007-12-11,3.7,2.2,4.6,,,266,9.2,,1021.2,
2007-12-12,2.8,1.2,3.8,,,,3.1,,1032.8,
2007-12-13,3.3,1.5,5.1,,,69,11.9,,1036.5,
2007-12-14,0.0,-0.8,2.1,,,62,12.4,,1035.9,
2007-12-15,-1.3,-2.4,0.0,,,72,18.5,,1032.5,
2007-12-16,-1.5,-3.4,-0.3,,,78,17.2,,1032.8,
2007-12-17,-1.8,-3.5,-0.8,,,65,19.0,,1031.4,
2007-12-18,-3.0,-3.2,-2.8,,,74,11.4,,1034.6,
2007-12-19,-3.7,-6.7,-2.0,,,,4.2,,1040.2,
2007-12-20,-4.0,-5.5,-3.0,,,,3.4,,1038.5,
2007-12-21,-3.4,-4.2,-2.2,,,,2.7,,1033.3,
2007-12-22,-3.2,-4.3,-1.1,,,,3.2,,1031.3,
2007-12-23,-4.0,-5.3,-3.5,,,,1.7,,1032.5,
2007-12-24,-4.2,-5.0,-3.3,,,,0.3,,1032.4,
2007-12-25,-4.0,-4.8,-2.9,,,,1.2,,1029.0,
2007-12-26,-1.8,-4.6,0.4,,,,4.5,,1030.8,
2007-12-27,-0.4,-1.1,0.2,,,23,4.9,,1037.6,
2007-12-28,-2.1,-3.2,-1.2,,,,4.2,,1035.7,
2007-12-29,-1.1,-5.5,3.2,,,172,7.1,,1028.3,
2007-12-30,2.7,1.0,4.5,,,196,6.1,,1027.2,
2007-12-31,0.0,-2.5,3.4,,,,2.2,,1031.3,
2008-01-01,-1.4,-3.0,0.0,,,,6.1,,1026.5,
2008-01-02,-2.7,-3.5,-1.7,,,60,11.2,,1020.0,
2008-01-03,-1.8,-3.6,2.1,,,19,8.4,,1009.0,
2008-01-04,-1.4,-3.9,1.0,,,335,6.1,,1013.3,
2008-01-05,2.3,-0.9,6.1,,,,6.6,,1015.3,
2008-01-06,5.4,2.6,7.8,,,209,10.8,,1015.4,
2008-01-07,5.9,0.9,9.4,,,213,14.2,,1021.2,
2008-01-08,1.0,-2.6,6.0,,,,5.1,,1026.7,
2008-01-09,2.8,-4.0,6.7,,,,7.8,,1022.5,
2008-01-10,4.4,0.1,10.3,,,171,6.3,,1022.0,
2008-01-11,1.7,-2.5,8.0,,,,4.0,,1012.7,
2008-01-12,2.7,0.0,5.0,,,216,7.9,,1013.6,
2008-01-13,2.1,0.6,3.3,,,,5.3,,1019.5,
2008-01-14,2.1,0.4,3.7,,,,2.7,,1016.4,
2008-01-15,2.8,0.6,5.7,,,184,6.2,,1012.5,
2008-01-16,4.2,1.4,6.1,,,232,6.7,,1004.8,
2008-01-17,5.0,2.2,7.9,,,213,12.7,,1015.3,
2008-01-18,7.9,4.9,10.8,,,230,17.0,,1022.8,
2008-01-19,10.6,9.4,12.8,,,248,15.6,,1030.6,
2008-01-20,7.8,2.3,11.4,,,231,10.0,,1031.0,
2008-01-21,4.2,-0.3,9.4,,,183,9.4,,1024.9,
2008-01-22,5.2,-2.1,9.4,,,263,20.4,,1022.0,
2008-01-23,-1.0,-5.4,5.0,,,328,5.3,,1035.6,
2008-01-24,0.9,-4.7,7.4,,,204,8.1,,1033.8,
2008-01-25,2.8,0.9,4.8,,,47,6.6,,1041.6,
2008-01-26,1.2,-3.3,4.2,,,222,7.0,,1041.6,
2008-01-27,1.3,-2.5,5.4,,,145,10.6,,1038.2,
2008-01-28,0.7,-4.9,8.3,,,316,6.6,,1035.8,
2008-01-29,0.6,-4.4,7.7,,,324,6.9,,1030.2,
2008-01-30,1.7,-2.0,5.1,,,234,8.9,,1027.0,
2008-01-31,1.0,-0.9,3.9,,,260,6.5,,1025.8,
2008-02-01,6.3,0.1,10.0,,,228,20.4,,1009.9,
2008-02-02,1.3,-3.1,4.4,,,216,8.6,,1018.7,
2008-02-03,-1.6,-4.1,2.9,,,335,4.7,,1020.1,
2008-02-04,0.2,-5.0,3.7,,,229,9.4,,1012.7,
2008-02-05,3.9,-1.0,6.6,,,193,10.3,,1023.5,
2008-02-06,7.4,4.3,9.9,,,239,19.4,,1027.1,
2008-02-07,2.9,-1.8,8.7,,,34,8.4,,1038.9,
2008-02-08,2.1,-2.8,8.5,,,15,9.7,,1038.3,
2008-02-09,1.8,-3.6,8.0,,,17,9.6,,1035.8,
2008-02-11,1.9,-4.2,8.5,,,,8.1,,1034.1,
2008-02-12,0.5,-4.6,7.9,,,65,5.7,,1034.2,
2008-02-13,-0.4,-6.3,6.9,,,342,4.0,,1036.1,
2008-02-14,-0.8,-6.1,7.4,,,,3.6,,1035.7,
2008-02-15,-1.3,-5.1,0.3,,,37,13.8,,1035.5,
2008-02-16,-0.7,-4.7,3.5,,,,13.1,,1040.7,
2008-02-17,-2.4,-7.8,3.7,,,341,5.7,,1042.5,
2008-02-18,-1.4,-8.3,7.9,,,,4.3,,1036.1,
2008-02-19,-0.4,-7.5,8.1,,,,4.5,,1028.3,
2008-02-20,1.8,-6.4,10.2,,,171,6.7,,1025.6,
2008-02-21,6.3,4.6,8.8,,,190,9.9,,1028.5,
2008-02-22,6.7,0.4,12.5,,,199,9.3,,1031.4,
2008-02-23,9.4,3.3,15.2,,,,13.4,,1030.6,
2008-02-24,7.7,-0.1,17.4,,,334,18.0,,1025.4,
2008-02-25,7.7,2.6,14.5,,,244,14.2,,1025.0,
2008-02-26,8.3,0.2,16.0,,,240,22.2,,1019.4,
2008-02-27,8.5,5.9,10.7,,,280,15.9,,1020.5,
2008-02-28,6.9,-0.7,11.7,,,295,7.3,,1024.1,
2008-02-29,10.0,8.0,11.8,,,248,15.3,,1021.1,
2008-03-01,10.5,9.6,12.4,,,263,34.3,,1011.7,
2008-03-02,10.6,8.3,13.6,,,270,26.4,,1017.0,
2008-03-03,7.8,3.8,11.9,,,254,10.6,,1014.7,
2008-03-04,2.3,-1.9,5.7,,,,9.6,,1015.6,
2008-03-05,0.7,-1.8,2.5,,,33,15.4,,1026.5,
2008-03-06,-0.9,-5.5,4.1,,,,11.8,,1027.4,
2008-03-07,-0.2,-4.3,4.6,,,,5.4,,1017.9,
2008-03-08,2.8,-0.1,7.7,,,212,4.5,,1015.2,
2008-03-09,3.5,-3.3,11.6,,,,5.6,,1009.9,
2008-03-10,7.5,2.5,10.8,,,251,9.9,,999.5,
2008-03-11,7.3,5.5,10.4,,,245,22.9,,1002.4,
2008-03-12,9.5,6.6,12.0,,,257,31.0,,1007.6,
2008-03-13,7.0,5.2,9.6,,,251,14.0,,1019.9,
2008-03-14,9.4,6.0,14.1,,,239,12.2,,1016.5,
2008-03-15,8.9,0.6,16.6,,,,3.4,,1011.8,
2008-03-16,9.6,6.8,12.7,,,250,22.9,,1007.4,
2008-03-17,6.1,4.0,7.2,,,,13.5,,1010.1,
2008-03-18,3.3,0.7,6.7,,,32,6.7,,1014.1,
2008-03-19,1.2,-3.5,4.9,,,,3.5,,1016.1,
2008-03-20,1.8,-2.7,5.7,,,,8.8,,1017.9,
2008-03-21,1.9,0.5,3.5,,,246,24.4,,994.9,
2008-03-22,2.6,0.2,7.6,,,239,12.3,,992.0,
2008-03-23,0.8,-0.9,3.6,,,258,7.0,,998.4,
2008-03-24,-0.6,-4.4,2.4,,,,9.1,,999.7,
2008-03-25,0.2,-1.5,2.2,,,255,15.1,,1006.8,
2008-03-26,3.2,1.0,7.0,,,,8.9,,1006.3,
2008-03-27,5.0,1.7,9.0,,,261,11.0,,1003.4,
2008-03-28,4.9,-2.3,11.2,,,,5.8,,1013.2,
2008-03-29,9.1,4.2,13.7,,,244,13.7,,1020.3,
2008-03-30,8.8,-0.4,18.2,,,,6.7,,1013.7,
2008-03-31,7.9,6.3,10.2,,,287,6.6,,1018.1,
2008-04-01,8.8,6.2,13.1,,,,5.3,,1024.6,
2008-04-02,9.4,8.0,11.0,,,258,15.2,,1024.0,
2008-04-03,6.4,2.9,8.8,,,291,9.4,,1024.2,
2008-04-04,6.3,3.8,9.9,,,,6.1,,1027.2,
2008-04-05,7.5,3.9,12.1,,,,6.0,,1014.8,
2008-04-06,4.2,1.9,6.2,,,226,9.1,,1003.9,
2008-04-07,2.4,-1.7,6.5,,,268,16.1,,1006.4,
2008-04-08,2.0,-2.7,6.3,,,,5.9,,1006.3,
2008-04-09,7.1,3.1,11.4,,,,6.2,,999.5,
2008-04-10,9.5,5.6,11.8,,,,5.7,,997.8,
2008-04-11,9.3,5.4,15.0,,,,9.9,,999.8,
2008-04-12,7.3,3.1,11.2,,,193,7.1,,1012.8,
2008-04-13,8.8,2.0,15.5,,,,6.5,,1015.4,
2008-04-14,6.4,4.4,8.2,,,234,10.0,,1016.0,
2008-04-15,5.2,4.0,7.5,,,229,10.1,,1020.5,
2008-04-16,4.6,2.6,8.0,,,,6.0,,1019.4,
2008-04-17,4.9,-1.0,10.0,,,17,12.9,,1007.3,
2008-04-18,9.6,4.6,14.6,,,,8.5,,997.1,
2008-04-19,11.6,7.2,16.5,,,288,16.4,,998.7,
2008-04-20,11.8,3.4,20.1,,,21,8.8,,1002.8,
2008-04-21,9.6,7.0,11.8,,,295,9.4,,1000.0,
2008-04-22,8.8,8.1,9.7,,,237,12.1,,1006.9,
2008-04-23,10.0,8.6,12.3,,,189,6.2,,1018.5,
2008-04-24,12.3,8.8,17.0,,,212,6.1,,1024.2,
2008-04-25,11.7,8.5,15.6,,,285,8.0,,1028.7,
2008-04-26,11.4,4.4,17.9,,,,10.1,,1027.8,
2008-04-27,12.7,3.4,20.0,,,,3.9,,1021.3,
2008-04-28,13.5,10.2,19.8,,,213,11.0,,1011.8,
2008-04-29,10.4,7.3,14.6,,,196,6.2,,1007.8,
2008-04-30,8.6,3.7,17.2,,,,9.9,,1005.3,
2008-05-01,10.6,6.5,16.0,,,224,5.9,,1015.0,
2008-05-02,12.6,6.3,19.2,,,248,7.3,,,
2008-05-03,13.6,4.9,20.4,,,,3.9,,,
2008-05-04,14.7,6.8,21.1,,,28,10.9,,1021.1,
2008-05-05,14.1,6.2,19.1,,,45,17.5,,1022.1,
2008-05-06,15.4,7.5,21.4,,,55,15.0,,1021.1,
2008-05-07,15.2,7.5,21.4,,,35,10.6,,1019.6,
2008-05-08,15.4,6.7,22.2,,,,7.6,,1016.9,
2008-05-09,16.4,7.7,24.3,,,17,10.1,,1013.9,
2008-05-10,17.4,7.9,24.8,,,35,15.1,,1013.6,
2008-05-11,15.5,8.5,22.9,,,,8.0,,1015.0,
2008-05-12,15.1,6.5,22.6,,,,5.8,,1015.2,
2008-05-13,16.4,7.7,23.9,,,,4.8,,1012.8,
2008-05-14,17.0,8.2,24.6,,,,3.5,,1012.3,
2008-05-15,16.8,13.1,22.6,,,217,8.1,,1010.8,
2008-05-16,17.2,13.1,22.1,,,,5.5,,1009.0,
2008-05-17,14.7,12.6,17.9,,,,7.4,,1008.0,
2008-05-18,13.1,11.6,16.2,,,,5.2,,1008.4,
2008-05-19,13.3,10.9,16.8,,,13,10.7,,1008.8,
2008-05-20,12.7,10.5,14.1,,,54,17.8,,1009.9,
2008-05-21,10.6,9.0,12.6,,,48,10.9,,1013.7,
2008-05-22,12.6,10.0,15.5,,,,6.2,,1014.2,
2008-05-23,14.0,7.1,21.0,,,56,5.5,,1012.7,
2008-05-24,16.0,11.5,21.7,,,,8.8,,1009.6,
2008-05-25,18.5,13.1,23.2,,,47,12.9,,1011.4,
2008-05-26,19.6,15.8,24.7,,,6,9.4,,1010.4,
2008-05-27,21.2,13.2,29.1,,,,11.9,,1008.0,
2008-05-28,20.3,13.8,25.2,,,317,8.5,,1009.1,
2008-05-29,20.9,15.6,26.7,,,306,7.7,,1008.0,
2008-05-30,19.1,14.7,23.7,,,311,6.6,,1009.4,
2008-05-31,17.4,14.6,22.0,,,210,8.0,,1014.7,
2008-06-01,19.0,11.0,24.9,,,,7.0,,,
2008-06-02,19.0,13.1,24.1,,,288,11.2,,1011.1,
2008-06-03,17.2,13.7,22.2,,,243,6.1,,1014.1,
2008-06-04,14.1,13.3,15.3,,,,4.8,,1015.7,
2008-06-05,14.4,13.2,15.9,,,,4.4,,1012.3,
2008-06-06,13.8,12.6,14.7,,,,7.9,,1012.5,
2008-06-07,12.2,11.1,13.6,,,252,7.2,,1016.5,
2008-06-08,15.3,11.8,22.2,,,,7.2,,1016.9,
2008-06-09,17.3,9.7,23.7,,,,8.8,,1018.9,
2008-06-10,18.0,11.2,25.5,,,,6.4,,1019.4,
2008-06-11,16.7,14.1,19.5,,,188,6.6,,1017.8,
2008-06-12,16.3,12.0,21.0,,,,10.0,,1013.3,
2008-06-13,12.5,9.1,15.9,,,330,7.3,,1015.5,
2008-06-14,12.4,6.8,18.8,,,354,8.8,,1016.1,
2008-06-15,11.4,6.4,14.9,,,,4.3,,1013.4,
2008-06-16,12.4,10.6,14.2,,,,2.3,,1010.6,
2008-06-17,14.2,11.7,18.3,,,,4.1,,1011.7,
2008-06-18,17.9,13.8,23.2,,,,4.0,,1016.2,
2008-06-19,18.7,10.4,26.3,,,,8.0,,1016.6,
2008-06-20,20.1,14.0,25.2,,,268,5.6,,1019.7,
2008-06-21,21.7,14.2,28.8,,,,3.5,,1019.7,
2008-06-22,23.8,14.3,31.1,,,,6.2,,1017.2,
2008-06-23,25.0,19.1,31.0,,,323,7.0,,1016.9,
2008-06-24,22.4,16.5,29.2,,,,6.3,,1016.2,
2008-06-25,23.6,17.6,29.6,,,,10.7,,1015.4,
2008-06-26,20.9,18.0,24.5,,,,6.8,,1019.6,
2008-06-27,21.1,16.2,26.4,,,303,10.5,,1019.5,
2008-06-28,20.1,12.0,26.8,,,297,5.1,,1021.2,
2008-06-29,22.1,13.6,29.5,,,,5.1,,1018.0,
2008-06-30,22.3,17.7,27.0,,,94,5.8,,1018.6,
2008-07-01,22.4,14.9,29.6,,,22,6.9,,1015.4,
2008-07-02,23.7,16.1,30.9,,,140,4.2,,1011.3,
2008-07-03,19.1,15.4,23.8,,,,8.1,,1011.8,
2008-07-04,17.6,12.4,23.4,,,283,4.9,,1016.9,
2008-07-05,18.8,10.4,27.4,,,,4.3,,1014.8,
2008-07-06,18.3,15.4,21.9,,,,6.5,,1011.2,
2008-07-07,16.0,12.8,20.5,,,248,8.1,,1011.9,
2008-07-08,16.1,11.7,21.0,,,256,14.1,,1016.3,
2008-07-09,17.7,12.7,23.5,,,274,6.9,,1018.4,
2008-07-10,20.5,11.9,28.3,,,,5.1,,1015.3,
2008-07-11,21.7,17.1,29.6,,,224,9.3,,1011.1,
2008-07-12,16.3,15.0,18.3,,,205,6.2,,1013.2,
2008-07-13,14.7,12.9,17.0,,,348,6.0,,,
2008-07-14,14.2,12.2,16.5,,,,6.0,,1021.8,
2008-07-15,16.2,7.2,23.8,,,,4.1,,1028.2,
2008-07-16,18.8,10.3,25.9,,,,7.1,,1021.6,
2008-07-17,16.4,14.6,18.3,,,,5.5,,1016.2,
2008-07-18,17.4,14.0,21.5,,,232,7.2,,1015.2,
2008-07-19,19.4,11.9,24.8,,,230,8.7,,1014.4,
2008-07-20,19.3,14.8,22.6,,,220,8.8,,1014.0,
2008-07-21,15.2,10.9,19.2,,,287,11.8,,1020.2,
2008-07-22,15.0,12.2,19.0,,,285,10.2,,1024.0,
2008-07-23,16.8,11.7,21.7,,,50,11.5,,1023.3,
2008-07-24,18.6,10.0,24.6,,,55,17.9,,1016.4,
2008-07-25,19.5,10.6,26.6,,,,4.5,,1012.5,
2008-07-26,20.5,14.2,28.1,,,353,6.8,,1012.5,
2008-07-27,20.9,17.0,26.4,,,,5.4,,,
2008-07-28,22.3,17.2,29.3,,,179,5.6,,1014.4,
2008-07-29,21.7,14.6,28.4,,,,5.2,,1016.5,
2008-07-30,22.6,16.4,28.3,,,,5.3,,1017.6,
2008-07-31,23.5,14.8,30.8,,,,4.5,,1016.2,
2008-08-01,19.2,16.8,22.8,,,,7.7,,1018.1,
2008-08-02,20.0,16.0,24.5,,,277,5.2,,1019.3,
2008-08-03,21.9,18.1,26.8,,,277,6.5,,1017.6,
2008-08-04,20.0,15.9,23.3,,,252,8.8,,1014.1,
2008-08-05,19.8,16.8,24.5,,,192,6.4,,1017.2,
2008-08-06,21.1,13.5,28.1,,,,4.5,,,
2008-08-07,20.7,15.1,27.4,,,,7.9,,1010.5,
2008-08-08,17.8,15.2,22.0,,,256,12.4,,1012.4,
2008-08-09,18.1,14.9,22.8,,,271,6.6,,1016.4,
2008-08-10,18.6,11.1,26.0,,,,5.1,,1012.9,
2008-08-11,18.8,13.7,25.5,,,,5.4,,1008.3,
2008-08-12,17.6,15.7,21.1,,,,4.1,,1004.8,
2008-08-13,17.6,13.5,21.8,,,257,9.2,,1013.5,
2008-08-14,17.6,13.4,22.4,,,348,4.9,,1016.0,
2008-08-15,13.9,13.1,16.2,,,,7.7,,1013.3,
2008-08-16,15.4,12.0,20.0,,,,10.4,,1013.0,
2008-08-17,15.3,9.4,19.8,,,,6.3,,1012.6,
2008-08-18,18.4,10.7,25.5,,,,7.1,,1014.9,
2008-08-19,19.6,15.5,27.1,,,186,9.5,,1014.1,
2008-08-20,16.9,15.3,19.1,,,,5.8,,1018.1,
2008-08-21,16.8,10.9,22.4,,,,3.4,,1019.9,
2008-08-22,15.4,11.0,20.8,,,296,6.7,,1016.1,
2008-08-23,14.5,12.6,16.1,,,,8.6,,1016.0,
2008-08-24,14.3,8.5,21.0,,,,3.0,,1016.4,
2008-08-25,17.3,12.8,22.8,,,219,5.1,,1018.0,
2008-08-26,18.9,14.3,23.8,,,,4.4,,1022.2,
2008-08-27,18.6,12.4,25.3,,,,4.3,,1021.7,
2008-08-28,18.7,13.1,25.1,,,,3.8,,1019.9,
2008-08-29,17.7,13.1,23.1,,,330,4.1,,1019.3,
2008-08-30,18.5,12.0,25.4,,,24,9.3,,1017.4,
2008-08-31,19.3,12.8,25.8,,,,4.1,,1015.3,
2008-09-01,18.5,15.5,21.6,,,244,6.2,,1017.8,
2008-09-02,18.9,14.9,24.6,,,,5.0,,1014.5,
2008-09-03,19.7,15.9,26.8,,,207,8.5,,1009.1,
2008-09-04,16.8,15.6,18.4,,,,6.1,,1009.4,
2008-09-05,18.6,13.4,25.3,,,,4.7,,1006.9,
2008-09-06,16.7,13.9,21.9,,,266,8.7,,1009.1,
2008-09-07,14.5,12.2,17.4,,,168,6.5,,1014.8,
2008-09-08,14.6,9.4,21.7,,,,3.8,,1018.5,
2008-09-09,15.7,8.8,24.7,,,,2.9,,1018.7,
2008-09-10,18.9,13.5,24.0,,,127,4.3,,1017.8,
2008-09-11,17.9,12.9,23.7,,,312,4.3,,1012.7,
2008-09-12,16.0,13.5,17.9,,,273,9.4,,1012.0,
2008-09-13,12.9,11.4,13.6,,,,8.7,,1012.7,
2008-09-14,9.5,7.9,11.6,,,47,10.0,,1018.1,
2008-09-15,9.2,6.6,11.4,,,22,9.8,,1020.4,
2008-09-16,9.0,5.4,13.2,,,31,12.3,,1021.1,
2008-09-17,7.6,3.6,12.1,,,14,9.1,,1021.6,
2008-09-18,7.4,3.2,10.2,,,337,5.2,,1022.7,
2008-09-19,12.6,8.7,18.0,,,,4.8,,1022.2,
2008-09-20,10.9,6.6,15.3,,,45,16.3,,1026.6,
2008-09-21,8.2,3.1,14.1,,,25,8.5,,1022.9,
2008-09-22,8.9,3.0,14.4,,,,7.8,,1018.6,
2008-09-24,9.0,3.9,13.9,,,15,7.3,,1020.2,
2008-09-25,10.5,7.7,13.1,,,27,10.8,,1024.8,
2008-09-26,11.5,9.7,14.7,,,57,24.4,,1028.3,
2008-09-27,9.7,3.7,14.7,,,,8.7,,1028.4,
2008-09-28,7.5,1.9,14.1,,,,2.6,,1026.3,
2008-09-29,9.7,3.3,16.7,,,,4.7,,1020.7,
2008-09-30,11.7,8.2,14.9,,,235,6.7,,1016.0,
2008-10-01,13.4,10.6,16.7,,,256,19.5,,1011.4,
2008-10-02,12.1,7.7,14.4,,,258,14.1,,1009.7,
2008-10-03,7.4,6.1,9.1,,,219,6.5,,1011.8,
2008-10-04,6.4,4.1,9.8,,,227,10.7,,1020.2,
2008-10-05,7.7,0.8,13.5,,,181,9.6,,1018.2,
2008-10-06,14.4,10.8,17.4,,,236,13.0,,1017.8,
2008-10-07,14.7,11.7,19.0,,,,4.3,,1017.9,
2008-10-08,14.2,10.3,18.9,,,323,4.6,,1016.4,
2008-10-09,14.9,12.0,18.5,,,340,7.1,,1026.3,
2008-10-10,13.3,10.9,15.1,,,22,7.3,,1033.5,
2008-10-11,14.4,10.2,19.8,,,,4.0,,1031.9,
2008-10-12,11.5,7.1,18.0,,,,2.4,,1030.2,
2008-10-13,12.6,8.0,19.6,,,,3.9,,1024.7,
2008-10-14,14.7,9.5,21.2,,,,5.5,,1022.3,
2008-10-15,15.7,12.8,20.5,,,227,6.9,,1020.1,
2008-10-16,13.7,11.2,15.2,,,,8.2,,1015.7,
2008-10-17,9.2,4.7,13.4,,,,5.9,,1020.6,
2008-10-18,7.0,1.7,13.7,,,,3.2,,1021.4,
2008-10-19,10.1,7.1,16.3,,,,2.6,,1024.4,
2008-10-20,11.6,5.2,19.3,,,,4.7,,1022.0,
2008-10-21,14.4,11.1,18.3,,,186,9.2,,1015.5,
2008-10-22,9.4,5.3,13.5,,,336,10.4,,1020.5,
2008-10-23,6.7,5.1,8.7,,,,8.7,,1028.9,
2008-10-24,8.4,4.4,13.0,,,,2.9,,1026.6,
2008-10-25,6.7,3.4,11.0,,,,6.3,,1032.4,
2008-10-26,7.5,2.2,12.7,,,,4.7,,1027.9,
2008-10-27,9.4,6.3,12.2,,,195,6.2,,1013.0,
2008-10-28,8.0,6.4,10.3,,,,4.1,,1010.3,
2008-10-29,3.0,0.4,5.7,,,,8.1,,1006.7,
2008-10-30,1.4,0.1,3.6,,,,3.0,,1000.3,
2008-10-31,1.9,-0.7,3.6,,,,4.6,,1007.4,
2008-11-01,3.3,2.3,4.3,,,,3.3,,1009.1,
2008-11-02,5.2,3.2,8.5,,,,4.7,,1015.4,
2008-11-03,7.4,4.5,10.1,,,319,7.6,,1013.9,
2008-11-04,7.9,3.9,11.0,,,,6.8,,,
2008-11-05,8.4,4.7,10.7,,,,5.1,,1012.2,
2008-11-06,6.8,5.4,7.8,,,,3.6,,1016.8,
2008-11-07,8.6,4.1,13.4,,,,3.5,,1017.4,
2008-11-08,5.8,1.7,12.1,,,,2.4,,1023.3,
2008-11-09,7.5,0.3,12.6,,,169,8.9,,1026.6,
2008-11-10,9.9,5.6,14.9,,,192,11.6,,1025.2,
2008-11-11,8.2,3.2,13.3,,,192,9.4,,1019.7,
2008-11-12,7.1,5.8,8.4,,,,2.3,,1020.8,
2008-11-13,6.6,5.2,7.9,,,,8.4,,1024.3,
2008-11-14,5.8,1.2,8.6,,,,8.9,,1028.7,
2008-11-15,1.4,-1.6,5.1,,,,2.3,,1031.3,
2008-11-16,4.3,0.7,5.8,,,,4.4,,1031.5,
2008-11-17,5.8,3.3,7.1,,,,6.6,,1030.0,
2008-11-18,4.6,2.8,7.4,,,,3.7,,1019.5,
2008-11-19,6.3,3.4,9.9,,,,4.4,,1022.0,
2008-11-20,7.4,6.4,8.8,,,242,13.6,,1020.7,
2008-11-21,6.2,2.7,7.8,,,260,23.9,,1010.4,
2008-11-22,0.7,-0.6,1.9,,,270,18.1,,1009.9,
2008-11-23,-0.5,-2.4,1.3,,,232,11.7,,1009.0,
2008-11-24,1.6,-1.5,3.5,,,215,7.7,,996.5,
2008-11-25,-0.7,-4.5,2.2,,,,3.3,,1012.7,
2008-11-26,-2.9,-6.7,1.0,,,,2.4,,1028.0,
2008-11-27,-2.7,-5.6,0.7,,,,2.0,,1025.7,
2008-11-28,-4.0,-7.1,-1.3,,,,3.5,,1008.8,
2008-11-29,-0.3,-3.5,3.7,,,,4.9,,998.3,
2008-11-30,1.3,-2.5,6.5,,,,5.5,,997.6,
2008-12-01,0.8,-2.1,3.4,,,,4.5,,1001.0,
2008-12-02,2.0,-1.9,3.9,,,234,7.2,,1012.0,
2008-12-03,1.7,-3.2,4.8,,,202,11.6,,1007.1,
2008-12-04,4.2,3.0,5.5,,,196,12.1,,1002.2,
2008-12-05,5.0,3.4,6.9,,,227,12.6,,997.0,
2008-12-06,4.0,3.3,4.6,,,235,14.0,,1011.0,
2008-12-07,2.6,-2.8,5.0,,,,3.9,,1026.1,
2008-12-08,0.4,-2.7,3.0,,,,3.9,,1028.7,
2008-12-09,-0.5,-3.4,2.7,,,,4.0,,1020.3,
2008-12-10,0.6,0.0,1.1,,,,5.1,,1013.1,
2008-12-11,-0.1,-0.4,0.5,,,,3.9,,1012.4,
2008-12-12,-0.5,-3.0,0.7,,,,4.8,,1018.5,
2008-12-13,-0.5,-1.8,1.0,,,,6.1,,1009.6,
2008-12-14,-0.8,-2.5,1.9,,,347,8.8,,1001.1,
2008-12-15,-1.0,-2.9,1.3,,,,5.6,,1010.0,
2008-12-16,0.3,-3.3,1.1,,,32,7.3,,1013.6,
2008-12-17,0.0,-0.7,0.8,,,,5.6,,1015.0,
2008-12-18,-0.1,-1.4,0.9,,,,,,1023.3,
2008-12-19,1.7,-1.1,3.1,,,,,,1027.9,
2008-12-20,3.4,1.7,4.8,,,239,7.9,,1032.2,
2008-12-21,5.8,4.7,6.7,,,236,8.9,,1035.6,
2008-12-22,6.0,4.8,7.7,,,250,6.9,,1036.7,
2008-12-23,3.6,0.8,6.3,,,,6.1,,1036.1,
2008-12-24,2.0,0.1,2.5,,,,6.8,,1033.4,
2008-12-25,2.5,0.9,3.7,,,50,16.6,,1027.7,
2008-12-26,-0.9,-2.3,1.1,,,65,24.9,,1029.9,
2008-12-27,-2.0,-2.4,-1.6,,,66,20.5,,1031.5,
2008-12-28,-2.3,-6.0,-1.3,,,48,15.1,,1027.7,
2008-12-29,-4.4,-7.7,-1.0,,,,4.8,,1031.1,
2008-12-30,-3.3,-4.6,-2.5,,,45,5.4,,1033.0,
2008-12-31,-2.2,-4.6,0.7,,,,3.3,,1028.9,
2009-01-01,0.4,-2.0,1.6,,,,4.1,,1028.2,
2009-01-02,-0.9,-3.1,0.0,,,,9.1,,1025.8,
2009-01-03,-4.1,-4.7,-3.3,,,52,11.0,,1026.2,
2009-01-04,-5.0,-7.3,-3.7,,,,4.6,,1024.1,
2009-01-05,-4.9,-6.1,-3.9,,,,3.3,,1019.6,
2009-01-06,-3.5,-4.8,-2.6,,,25,11.2,,1018.4,
2009-01-07,-4.4,-6.5,-3.6,,,39,13.6,,1021.2,
2009-01-08,-5.8,-9.2,-4.5,,,15,9.9,,1027.3,
2009-01-09,-5.6,-9.0,-4.1,,,,2.5,,1030.9,
2009-01-10,-5.1,-5.9,-4.3,,,,3.3,,1031.5,
2009-01-11,-5.5,-6.2,-4.4,,,,2.6,,1036.0,
2009-01-12,-6.2,-8.6,-2.9,,,,2.4,,1032.5,
2009-01-14,-4.3,-8.3,-0.7,,,,1.2,,1019.4,
2009-01-15,0.2,-1.7,1.7,,,,5.7,,1021.1,
2009-01-16,-1.1,-5.7,0.5,,,,4.1,,1026.4,
2009-01-17,-2.4,-5.9,3.0,,,,3.3,,1026.0,
2009-01-18,-0.6,-7.1,4.6,,,,11.3,,1014.4,
2009-01-19,3.2,-0.1,6.6,,,,8.7,,1004.8,
2009-01-20,2.8,0.9,5.6,,,,7.0,,1001.3,
2009-01-21,1.1,-0.4,3.7,,,,2.8,,1009.3,
2009-01-22,0.2,-0.9,2.0,,,,4.1,,1008.3,
2009-01-23,2.5,-0.5,8.1,,,193,16.2,,990.0,
2009-01-24,1.0,-2.8,4.1,,,,6.5,,991.1,
2009-01-25,-0.2,-3.9,4.9,,,,4.6,,1001.2,
2009-01-26,-1.9,-5.7,3.2,,,,2.1,,1002.8,
2009-01-27,-1.4,-5.4,1.1,,,,4.3,,1012.9,
2009-01-28,-0.1,-1.2,0.4,,,30,9.1,,1018.0,
2009-01-29,0.3,-0.6,1.3,,,40,11.8,,1019.3,
2009-01-30,0.0,-0.7,0.4,,,63,14.3,,1021.4,
2009-01-31,-2.1,-2.8,-1.1,,,67,15.6,,1017.7,
2009-02-01,-2.0,-2.4,-1.6,,,47,11.4,,1007.3,
2009-02-02,-0.9,-3.0,2.0,,,,6.1,,1000.9,
2009-02-03,1.4,-4.4,9.0,,,,3.5,,1000.3,
2009-02-04,1.9,-2.6,8.3,,,,2.9,,1000.2,
2009-02-05,1.6,-4.8,8.2,,,,3.5,,1000.1,
2009-02-06,3.2,1.0,7.7,,,,5.0,,994.7,
2009-02-07,2.7,0.6,4.8,,,230,6.6,,991.1,
2009-02-08,0.4,-1.0,1.4,,,,3.7,,1004.8,
2009-02-09,0.8,-3.1,3.2,,,190,8.5,,1011.4,
2009-02-10,4.5,1.4,10.2,,,224,25.0,,1002.9,
2009-02-11,1.3,0.1,3.5,,,260,11.9,,1016.0,
2009-02-12,-1.0,-5.4,1.3,,,,8.4,,1019.1,
2009-02-13,-2.3,-4.8,0.8,,,,6.3,,1022.6,
2009-02-14,-2.7,-6.0,0.1,,,,3.6,,1024.6,
2009-02-15,-5.5,-11.6,-0.1,,,,3.5,,1031.1,
2009-02-16,-2.3,-6.0,-0.1,,,,5.7,,1027.4,
2009-02-17,0.8,-0.8,1.9,,,236,11.9,,1022.0,
2009-02-18,-4.5,-7.5,-1.5,,,41,11.3,,1027.1,
2009-02-19,-7.0,-12.2,-1.1,,,,3.5,,1030.1,
2009-02-20,-2.8,-8.9,1.3,,,,4.6,,1032.7,
2009-02-21,1.9,-0.6,5.6,,,,2.9,,1031.9,
2009-02-22,1.2,0.0,2.3,,,,4.9,,1028.7,
2009-02-23,2.7,1.8,4.7,,,230,10.1,,1022.0,
2009-02-24,2.3,0.6,4.9,,,,5.2,,1024.4,
2009-02-25,2.1,0.0,5.7,,,65,7.4,,1030.4,
2009-02-26,2.8,-2.2,6.8,,,195,7.3,,1027.1,
2009-02-27,5.2,1.1,9.0,,,205,6.9,,1023.4,
2009-02-28,3.7,-2.7,11.7,,,255,4.2,,1018.3,
2009-03-01,4.6,-2.0,10.3,,,,4.4,,1014.2,
2009-03-03,4.3,-0.1,6.0,,,,2.4,,1016.4,
2009-03-04,2.2,-0.3,5.0,,,,4.5,,997.2,
2009-03-05,1.5,0.2,3.0,,,211,7.4,,987.8,
2009-03-06,1.2,0.5,2.7,,,246,11.3,,999.5,
2009-03-07,2.5,-0.4,6.7,,,240,9.8,,1015.4,
2009-03-08,3.1,-2.9,8.0,,,190,13.7,,1015.6,
2009-03-09,3.8,1.2,7.0,,,241,17.7,,1016.7,
2009-03-10,3.4,1.7,5.6,,,233,19.1,,1018.7,
2009-03-11,4.0,-0.5,7.4,,,269,9.7,,1022.7,
2009-03-12,2.3,-3.3,6.3,,,,5.3,,1027.9,
2009-03-13,8.0,3.5,12.6,,,238,7.0,,1023.2,
2009-03-14,6.7,-0.4,13.0,,,,4.2,,1021.0,
2009-03-15,8.5,5.6,10.4,,,279,10.0,,1027.4,
2009-03-16,7.2,1.3,11.8,,,43,10.8,,1032.0,
2009-03-17,6.6,-0.3,14.0,,,,5.0,,1032.2,
2009-03-18,6.7,0.5,12.3,,,35,10.6,,1030.9,
2009-03-19,4.4,-2.4,11.3,,,17,8.7,,1024.5,
2009-03-20,1.6,-1.8,5.0,,,46,16.0,,1028.6,
2009-03-21,0.8,-4.3,5.8,,,35,11.3,,1029.0,
2009-03-22,3.1,-4.7,11.1,,,,5.4,,1028.0,
2009-03-23,6.1,-1.2,11.9,,,248,14.5,,1020.1,
2009-03-24,3.3,0.1,9.6,,,253,16.4,,1011.3,
2009-03-25,2.7,1.4,4.7,,,238,18.2,,1010.9,
2009-03-26,5.7,1.8,10.2,,,244,14.2,,1012.2,
2009-03-27,8.1,5.4,12.9,,,235,13.2,,1007.2,
2009-03-28,5.6,3.7,7.5,,,227,7.1,,1004.1,
2009-03-29,4.7,2.8,7.8,,,,6.4,,1009.7,
2009-03-30,5.8,3.8,8.7,,,46,13.8,,1016.8,
2009-03-31,6.2,2.2,8.8,,,51,13.7,,1020.0,
2009-04-01,7.1,5.6,8.2,,,47,13.5,,1015.2,
2009-04-02,11.1,4.7,17.5,,,68,9.2,,1013.6,
2009-04-03,12.6,8.1,17.8,,,210,7.7,,1017.8,
2009-04-04,10.5,5.2,16.7,,,240,4.7,,1021.1,
2009-04-05,11.6,6.2,18.2,,,44,7.0,,1021.1,
2009-04-06,12.3,4.2,20.1,,,,3.3,,1015.9,
2009-04-07,13.1,5.3,21.0,,,,5.0,,1012.0,
2009-04-08,11.9,6.2,16.4,,,228,6.0,,1017.1,
2009-04-09,12.7,4.9,20.4,,,,5.6,,1016.6,
2009-04-10,13.3,4.1,23.0,,,,7.1,,1009.8,
2009-04-11,13.7,3.9,22.6,,,199,8.4,,1007.7,
2009-04-12,12.4,5.9,20.1,,,,5.1,,1008.6,
2009-04-13,13.2,4.3,22.3,,,,5.3,,1007.7,
2009-04-14,13.6,6.0,21.9,,,137,5.9,,1008.1,
2009-04-15,14.0,4.1,23.1,,,,5.8,,1008.0,
2009-04-16,11.4,7.6,16.8,,,287,8.7,,1008.2,
2009-04-17,9.9,7.5,14.9,,,246,11.0,,1010.5,
2009-04-18,10.0,5.8,15.0,,,254,7.9,,1013.5,
2009-04-19,10.8,3.8,17.8,,,27,9.9,,1017.2,
2009-04-20,13.6,6.5,20.5,,,,9.7,,1017.9,
2009-04-21,14.4,7.2,20.9,,,,10.2,,1018.3,
2009-04-22,13.9,7.0,20.5,,,,8.1,,1019.8,
2009-04-23,11.4,6.1,15.2,,,,10.4,,1021.0,
2009-04-24,9.4,3.3,16.7,,,50,13.3,,1017.8,
2009-04-25,14.3,4.6,22.1,,,47,8.5,,1012.9,
2009-04-26,13.0,5.1,22.2,,,,6.8,,1008.4,
2009-04-27,11.4,9.2,14.6,,,274,7.1,,1006.5,
2009-04-28,8.4,5.9,10.2,,,209,10.5,,1006.3,
2009-04-29,7.1,4.7,11.4,,,,7.7,,1011.3,
2009-04-30,9.0,4.2,14.9,,,157,6.2,,1018.5,
2009-05-01,10.8,2.5,18.2,,,,6.2,,1021.5,
2009-05-02,12.6,9.8,18.0,,,168,5.9,,1026.7,
2009-05-03,12.4,6.7,19.8,,,,6.5,,1024.6,
2009-05-04,9.4,6.9,11.4,,,,6.3,,1024.7,
2009-05-05,8.0,1.3,13.2,,,,5.6,,1026.0,
2009-05-06,13.0,9.3,18.0,,,258,11.9,,1022.5,
2009-05-07,14.4,4.5,23.5,,,,4.1,,1019.2,
2009-05-08,16.0,10.7,23.2,,,,8.3,,1017.0,
2009-05-09,15.4,9.6,23.2,,,,7.0,,1018.4,
2009-05-10,15.7,9.7,22.0,,,,5.9,,1017.8,
2009-05-11,14.7,9.8,18.2,,,,3.3,,1016.0,
2009-05-12,15.8,11.8,22.4,,,353,7.0,,1015.7,
2009-05-13,16.8,11.8,22.3,,,15,5.1,,1014.6,
2009-05-14,17.1,13.8,22.6,,,255,5.6,,1008.7,
2009-05-15,14.4,12.2,17.4,,,,8.5,,1008.9,
2009-05-16,13.8,9.3,19.7,,,,4.6,,1015.8,
2009-05-17,15.9,6.9,26.5,,,,6.5,,1014.4,
2009-05-18,13.5,11.0,16.2,,,221,6.6,,1021.6,
2009-05-19,15.4,7.3,23.5,,,302,5.0,,1021.4,
2009-05-20,17.9,8.3,27.0,,,,3.3,,1020.1,
2009-05-21,19.2,12.0,27.1,,,,5.8,,1015.1,
2009-05-22,17.5,13.6,21.8,,,312,9.4,,1016.4,
2009-05-23,18.8,10.6,26.1,,,9,10.4,,1017.6,
2009-05-24,23.2,15.4,31.1,,,,6.1,,1017.4,
2009-05-25,23.3,12.7,31.9,,,,5.1,,1015.4,
2009-05-26,18.2,13.4,25.2,,,,9.1,,1014.7,
2009-05-27,13.2,9.9,17.1,,,278,6.0,,1026.3,
2009-05-28,14.9,11.5,19.3,,,274,7.0,,1028.9,
2009-05-29,15.5,12.4,19.2,,,36,13.8,,1027.4,
2009-05-30,14.9,9.7,19.7,,,60,27.0,,1020.9,
2009-05-31,13.6,7.6,19.4,,,,13.8,,1019.3,
2009-06-01,14.6,7.0,19.9,,,16,12.4,,1017.4,
2009-06-02,16.7,8.5,23.2,,,1,9.2,,1016.6,
2009-06-03,16.5,8.8,22.6,,,,7.2,,1015.0,
2009-06-04,15.7,10.5,20.3,,,306,10.3,,1013.1,
2009-06-05,14.6,5.8,21.4,,,,4.3,,1008.4,
2009-06-06,13.5,11.0,17.8,,,192,10.1,,1000.6,
2009-06-07,15.5,11.9,21.3,,,245,14.0,,1006.1,
2009-06-08,16.1,9.4,21.7,,,,6.0,,1009.9,
2009-06-09,15.5,11.8,21.1,,,209,7.5,,1012.4,
2009-06-10,17.4,12.1,22.8,,,214,8.2,,1016.3,
2009-06-11,17.0,14.1,20.2,,,272,17.4,,1017.5,
2009-06-12,16.0,8.9,20.6,,,,8.3,,1022.4,
2009-06-13,17.8,8.8,24.6,,,333,4.0,,1021.3,
2009-06-14,19.6,10.7,29.4,,,,7.2,,1019.6,
2009-06-15,19.1,17.1,22.6,,,,6.9,,1017.7,
2009-06-16,18.6,15.6,22.0,,,284,11.7,,1021.4,
2009-06-17,18.2,11.0,25.1,,,,7.5,,1022.0,
2009-06-18,21.8,14.2,28.7,,,217,7.5,,1018.6,
2009-06-19,17.4,12.1,21.5,,,199,7.3,,1018.9,
2009-06-20,14.3,11.0,18.3,,,6,8.2,,1021.4,
2009-06-21,13.3,10.2,16.9,,,314,6.8,,1021.4,
2009-06-22,11.9,9.9,16.3,,,,6.5,,1022.7,
2009-06-23,12.0,10.0,14.4,,,,6.4,,1022.4,
2009-06-24,15.0,11.6,18.5,,,,12.1,,1016.4,
2009-06-25,18.4,13.5,24.0,,,64,8.6,,,
2009-06-26,18.7,13.6,24.1,,,303,6.6,,1010.2,
2009-06-27,17.2,15.3,20.0,,,,6.6,,,
2009-06-28,20.3,15.0,25.7,,,,5.3,,,
2009-06-29,21.5,16.1,26.8,,,11,8.8,,1015.6,
2009-06-30,21.6,14.9,26.7,,,355,7.4,,1017.8,
2009-07-01,21.3,14.8,28.3,,,,6.4,,1018.7,
2009-07-02,21.5,15.1,28.3,,,,5.8,,1016.4,
2009-07-03,20.4,15.8,26.9,,,,7.3,,1014.6,
2009-07-04,20.0,14.5,27.4,,,,5.8,,1013.0,
2009-07-05,20.6,14.9,26.9,,,,6.1,,1010.9,
2009-07-06,19.4,16.2,24.1,,,238,7.0,,1010.7,
2009-07-07,15.8,13.2,19.7,,,229,6.9,,1011.4,
2009-07-08,15.0,12.4,18.8,,,237,14.6,,1014.7,
2009-07-09,14.2,12.2,18.4,,,223,8.8,,1017.4,
2009-07-10,15.2,11.4,19.6,,,248,8.7,,1017.6,
2009-07-11,15.7,12.2,19.7,,,,4.8,,1018.6,
2009-07-12,16.4,9.6,23.3,,,210,4.8,,1015.5,
2009-07-13,20.9,15.3,26.8,,,88,5.8,,1013.6,
2009-07-14,21.9,16.7,27.1,,,,7.6,,1013.0,
2009-07-15,20.4,16.9,24.9,,,350,7.3,,1019.1,
2009-07-16,22.5,17.0,28.9,,,,4.2,,1020.1,
2009-07-17,17.4,12.7,21.2,,,235,8.9,,1014.2,
2009-07-18,13.2,11.3,17.0,,,241,12.3,,1016.9,
2009-07-19,15.8,11.8,20.9,,,235,11.5,,1019.8,
2009-07-20,18.5,12.7,23.9,,,,6.0,,1019.9,
2009-07-21,21.1,12.0,30.0,,,,4.9,,1015.5,
2009-07-22,20.4,15.0,25.6,,,,6.9,,1012.0,
2009-07-23,20.5,16.8,27.1,,,,8.8,,1008.8,
2009-07-24,18.0,13.6,23.5,,,229,6.9,,1017.1,
2009-07-25,16.5,12.4,21.4,,,262,9.4,,1024.3,
2009-07-26,17.0,8.9,24.2,,,350,5.2,,1022.4,
2009-07-27,19.5,10.2,28.7,,,289,5.1,,1015.2,
2009-07-28,19.3,15.2,23.4,,,68,7.2,,1020.5,
2009-07-29,19.8,12.0,28.6,,,,3.5,,1018.3,
2009-07-30,20.0,15.8,22.8,,,276,11.4,,1020.6,
2009-07-31,18.7,14.2,22.9,,,,10.6,,1021.1,
2009-08-01,20.5,11.9,28.7,,,,3.2,,1014.3,
2009-08-02,17.7,15.3,20.4,,,194,6.7,,1013.5,
2009-08-03,15.8,14.2,18.0,,,,4.9,,1016.5,
2009-08-04,17.4,12.8,23.2,,,,6.7,,1019.9,
2009-08-05,18.8,10.8,25.8,,,32,10.5,,1019.2,
2009-08-06,20.4,12.6,27.2,,,348,5.9,,1017.4,
2009-08-07,21.5,14.0,29.0,,,,4.1,,1015.8,
2009-08-08,18.7,16.6,22.1,,,,5.1,,1017.0,
2009-08-09,20.2,16.3,25.2,,,,6.9,,1015.7,
2009-08-10,19.4,17.7,24.2,,,226,6.6,,1016.6,
2009-08-11,20.1,16.1,24.7,,,243,7.4,,1020.1,
2009-08-12,20.4,15.8,25.6,,,,4.3,,1020.2,
2009-08-13,20.5,14.2,26.2,,,227,8.2,,1016.9,
2009-08-14,20.1,14.1,25.4,,,,5.8,,1017.0,
2009-08-15,21.0,12.7,28.7,,,,2.8,,1017.6,
2009-08-16,22.6,14.2,30.0,,,,3.0,,1017.0,
2009-08-17,23.3,15.9,30.7,,,193,8.1,,1016.0,
2009-08-18,22.6,16.3,29.3,,,,4.1,,1018.6,
2009-08-19,23.6,15.5,32.0,,,,4.0,,1019.6,
2009-08-20,24.0,15.3,32.4,,,264,3.7,,1019.1,
2009-08-21,21.9,18.4,25.9,,,343,7.0,,1020.1,
2009-08-22,16.5,12.2,19.8,,,39,10.7,,1023.3,
2009-08-23,17.0,10.0,24.4,,,17,11.5,,1019.8,
2009-08-24,19.9,11.1,29.9,,,,3.8,,1011.9,
2009-08-25,20.3,16.8,26.8,,,244,7.8,,1013.4,
2009-08-26,19.3,16.6,23.8,,,358,4.2,,1017.4,
2009-08-27,21.2,15.1,28.1,,,,4.8,,1018.8,
2009-08-28,19.9,15.3,25.6,,,265,9.7,,1017.2,
2009-08-29,17.1,10.2,20.6,,,274,10.3,,1021.9,
2009-08-30,13.9,6.3,21.8,,,355,5.7,,1023.1,
2009-08-31,15.9,6.3,26.2,,,331,3.5,,1020.1,
2009-09-01,20.7,12.5,31.1,,,,6.7,,1016.3,
2009-09-02,18.4,16.3,23.6,,,204,5.5,,1017.2,
2009-09-03,17.7,15.5,21.0,,,220,11.8,,1011.0,
2009-09-04,14.5,10.5,18.6,,,225,11.1,,1013.2,
2009-09-05,11.9,6.8,17.5,,,273,7.5,,1025.5,
2009-09-06,11.9,3.8,19.4,,,,4.2,,1027.8,
2009-09-07,13.6,5.7,22.8,,,325,3.7,,1025.1,
2009-09-08,15.4,6.6,25.0,,,352,7.2,,1024.4,
2009-09-09,15.9,8.3,23.7,,,8,8.0,,1023.5,
2009-09-10,15.5,6.6,24.0,,,5,6.9,,1026.0,
2009-09-11,16.0,11.8,19.8,,,18,14.6,,1026.5,
2009-09-12,15.8,12.6,19.0,,,,13.3,,1022.2,
2009-09-13,15.2,11.4,20.3,,,342,9.5,,1019.4,
2009-09-14,11.7,7.8,14.9,,,,10.4,,1016.5,
2009-09-15,12.5,8.8,16.5,,,18,11.4,,1015.2,
2009-09-16,14.8,11.3,17.1,,,14,8.9,,1011.2,
2009-09-17,16.0,14.8,18.2,,,,4.8,,1013.4,
2009-09-18,17.0,15.2,20.1,,,,9.3,,1015.0,
2009-09-19,17.5,14.4,22.8,,,,5.4,,1015.2,
2009-09-20,17.0,14.1,21.5,,,333,5.8,,1018.4,
2009-09-21,17.7,13.7,23.5,,,349,8.8,,1021.3,
2009-09-22,17.2,13.4,21.9,,,359,6.5,,1024.7,
2009-09-23,15.7,11.6,22.8,,,,3.1,,1025.8,
2009-09-24,15.6,11.4,22.5,,,1,4.1,,1022.2,
2009-09-25,15.3,12.2,18.9,,,9,9.9,,1022.5,
2009-09-26,14.2,9.7,20.5,,,15,9.0,,1023.5,
2009-09-27,13.7,6.5,21.1,,,,3.2,,1024.8,
2009-09-28,14.1,9.5,21.6,,,,2.7,,1024.1,
2009-09-29,13.9,8.1,22.3,,,252,4.6,,1021.4,
2009-09-30,13.1,7.2,20.3,,,338,5.6,,1018.3,
2009-10-01,12.9,7.3,19.7,,,,5.8,,1015.8,
2009-10-02,13.1,9.7,17.5,,,314,8.1,,1017.6,
2009-10-03,10.9,4.2,17.9,,,,5.7,,1017.8,
2009-10-04,11.2,5.8,16.6,,,241,9.1,,1017.2,
2009-10-05,10.8,3.9,16.8,,,,5.2,,1018.1,
2009-10-06,16.8,11.9,21.8,,,161,8.9,,1017.3,
2009-10-07,18.7,12.4,25.8,,,156,7.3,,1016.3,
2009-10-08,16.7,15.5,18.6,,,189,8.0,,1015.5,
2009-10-09,15.4,13.6,17.7,,,340,4.7,,1017.3,
2009-10-10,14.5,12.4,15.7,,,233,6.1,,1015.9,
2009-10-11,13.1,10.4,16.0,,,250,9.8,,1018.1,
2009-10-12,9.9,4.7,12.6,,,282,17.0,,1017.6,
2009-10-13,7.3,4.2,10.7,,,,5.8,,1027.1,
2009-10-14,5.0,1.7,8.4,,,35,10.5,,1027.1,
2009-10-15,2.4,-1.8,6.2,,,6,9.9,,1027.0,
2009-10-16,4.5,1.0,8.0,,,280,8.0,,1025.8,
2009-10-17,5.2,3.3,6.9,,,226,9.9,,1021.8,
2009-10-18,3.9,1.6,6.4,,,,4.4,,1023.0,
2009-10-19,3.5,-0.7,7.7,,,13,10.9,,1020.0,
2009-10-20,2.7,-2.2,9.2,,,335,5.2,,1012.8,
2009-10-21,7.2,1.7,13.6,,,,8.9,,1005.5,
2009-10-22,7.8,3.8,12.9,,,328,6.2,,1004.3,
2009-10-23,7.5,2.5,10.3,,,173,5.4,,1012.8,
2009-10-24,9.6,7.2,12.9,,,288,5.0,,1018.7,
2009-10-25,10.5,7.0,12.3,,,162,5.2,,1018.5,
2009-10-26,11.2,7.8,13.1,,,,5.6,,1021.4,
2009-10-27,6.9,1.5,14.1,,,,6.1,,1023.9,
2009-10-28,6.2,0.1,14.0,,,,3.0,,1022.7,
2009-10-29,6.8,3.6,14.1,,,,5.7,,1022.5,
2009-10-30,8.2,5.2,9.5,,,31,11.0,,1025.6,
2009-10-31,7.9,2.2,11.1,,,319,3.8,,1026.3,
2009-11-01,5.9,2.0,10.4,,,321,4.0,,1019.7,
2009-11-02,8.7,5.3,11.7,,,205,11.3,,1007.0,
2009-11-03,6.8,4.2,10.2,,,192,7.9,,1002.7,
2009-11-04,8.6,5.8,11.6,,,221,16.5,,995.9,
2009-11-05,6.9,3.2,11.5,,,223,9.3,,1002.5,
2009-11-06,5.2,0.3,9.6,,,311,4.4,,1010.2,
2009-11-07,3.2,-1.9,6.9,,,181,5.1,,1005.7,
2009-11-08,5.1,3.9,6.4,,,,9.1,,1004.2,
2009-11-09,4.0,3.2,5.2,,,268,5.9,,1008.7,
2009-11-10,4.0,2.9,4.8,,,206,4.2,,1013.0,
2009-11-11,4.2,-0.7,7.1,,,,2.5,,1012.3,
2009-11-12,3.5,-1.6,8.5,,,,4.3,,1014.9,
2009-11-13,7.8,4.3,12.3,,,,6.1,,1017.2,
2009-11-14,7.7,2.6,15.4,,,230,8.1,,1015.8,
2009-11-15,6.8,3.9,9.2,,,338,5.2,,1018.0,
2009-11-16,10.3,7.6,13.6,,,158,6.0,,1014.3,
2009-11-17,10.4,5.2,17.0,,,183,6.1,,1015.8,
2009-11-18,9.8,7.8,13.2,,,265,5.6,,1024.8,
2009-11-19,6.2,5.0,7.9,,,33,3.7,,1027.4,
2009-11-20,5.0,3.5,8.3,,,320,4.0,,1027.6,
2009-11-21,4.6,2.0,9.0,,,,3.6,,1028.4,
2009-11-22,7.1,1.9,11.7,,,166,8.5,,1021.0,
2009-11-23,10.4,8.7,12.6,,,236,26.5,,1018.2,
2009-11-24,10.1,8.7,11.5,,,231,22.8,,1020.2,
2009-11-25,7.4,3.1,14.0,,,145,7.7,,,
2009-11-26,7.5,2.9,10.8,,,176,6.6,,1017.0,
2009-11-27,5.5,0.9,9.8,,,212,12.1,,1013.9,
2009-11-28,6.5,1.3,11.2,,,207,10.8,,1012.9,
2009-11-29,1.7,-1.2,5.2,,,312,5.1,,1004.1,
2009-11-30,1.4,-0.1,3.9,,,181,4.0,,1000.4,
2009-12-01,1.1,0.0,2.3,,,144,5.8,,1010.7,
2009-12-02,0.7,-2.0,3.0,,,117,4.3,,1015.9,
2009-12-03,0.9,-2.2,5.8,,,355,5.6,,1011.5,
2009-12-04,2.3,-2.6,4.6,,,,4.3,,1012.4,
2009-12-05,0.6,-2.4,4.6,,,157,6.4,,1018.3,
2009-12-06,3.7,0.0,7.5,,,170,6.5,,1016.0,
2009-12-07,7.3,6.5,8.0,,,140,7.8,,1014.5,
2009-12-08,6.1,4.2,8.4,,,232,12.5,,1017.3,
2009-12-09,2.6,-1.7,7.5,,,161,4.8,,1027.9,
2009-12-10,2.1,-2.5,5.4,,,187,7.2,,1028.9,
2009-12-11,3.4,0.2,5.0,,,,9.1,,1024.9,
2009-12-12,1.3,0.2,2.3,,,,15.7,,1021.4,
2009-12-13,-0.5,-1.1,0.7,,,33,19.0,,1018.0,
2009-12-14,-2.2,-2.6,-1.3,,,49,18.0,,1017.1,
2009-12-15,-3.3,-3.7,-2.9,,,38,14.7,,1014.5,
2009-12-16,-2.9,-3.4,-2.0,,,34,10.1,,1011.3,
2009-12-17,-4.0,-7.1,-2.9,,,,6.3,,1009.8,
2009-12-18,-4.8,-6.7,-2.9,,,,6.5,,1006.7,
2009-12-19,-7.6,-12.4,-5.1,,,271,11.2,,1006.7,
2009-12-20,-8.0,-14.4,-0.7,,,204,11.0,,1011.0,
2009-12-21,0.6,-0.8,1.4,,,229,10.5,,1003.3,
2009-12-22,3.0,-0.7,8.3,,,159,7.7,,994.1,
2009-12-23,3.1,2.1,4.1,,,356,6.8,,997.5,
2009-12-24,1.9,1.0,3.1,,,,6.3,,994.1,
2009-12-25,4.9,2.5,8.4,,,235,18.6,,1000.9,
2009-12-26,-1.2,-5.1,2.9,,,59,5.7,,1012.5,
2009-12-27,0.5,-3.7,4.5,,,190,10.5,,1011.8,
2009-12-28,2.1,-0.6,4.0,,,246,8.3,,1009.1,
2009-12-29,3.0,0.1,7.9,,,259,6.7,,1004.6,
2009-12-30,7.5,6.6,8.7,,,182,10.6,,998.9,
2009-12-31,5.7,1.0,7.4,,,165,7.7,,996.7,
2010-01-01,2.5,0.7,4.0,,,314,7.9,,995.0,
2010-01-02,-1.9,-5.9,0.2,,,263,12.2,,1017.7,
2010-01-03,-4.9,-7.5,-0.4,,,163,6.3,,1023.4,
2010-01-04,-7.3,-9.9,-3.0,,,324,3.5,,1017.4,
2010-01-05,-6.0,-8.9,-4.1,,,,8.5,,1008.2,
2010-01-06,-3.6,-5.0,-2.0,,,240,5.0,,1004.0,
2010-01-07,-2.4,-4.6,0.0,,,,4.7,,,
2010-01-08,-2.2,-2.8,-1.7,,,21,15.8,,1008.4,
2010-01-09,-4.3,-5.1,-3.2,,,8,16.4,,1006.9,
2010-01-10,-4.6,-5.6,-3.3,,,,5.2,,1013.9,
2010-01-11,-4.5,-8.9,-2.3,,,211,4.4,,1018.2,
2010-01-12,-2.8,-4.2,-1.4,,,66,5.8,,1015.1,
2010-01-13,-1.2,-3.5,1.5,,,128,7.3,,1008.9,
2010-01-14,1.0,-0.4,2.0,,,,8.8,,1008.5,
2010-01-15,0.8,-0.4,2.2,,,310,4.3,,1021.3,
2010-01-16,-0.1,-0.9,0.8,,,,6.4,,1022.4,
2010-01-17,4.4,2.0,7.0,,,222,14.9,,1020.6,
2010-01-18,1.8,-2.8,5.9,,,258,5.1,,1027.9,
2010-01-19,-2.4,-4.0,-1.4,,,,3.4,,1024.8,
2010-01-20,-2.5,-3.5,-1.6,,,67,4.0,,1018.4,
2010-01-21,2.1,-1.2,6.0,,,191,5.4,,1022.1,
2010-01-22,1.3,0.1,3.5,,,23,6.8,,1024.8,
2010-01-23,-0.5,-3.5,1.1,,,80,4.5,,1024.8,
2010-01-24,-2.6,-5.5,-0.1,,,322,3.2,,1025.2,
2010-01-25,0.6,-1.0,2.5,,,329,4.8,,1027.0,
2010-01-26,-1.5,-4.4,0.3,,,4,13.4,,1031.5,
2010-01-27,-5.1,-6.3,-4.2,,,24,13.0,,1029.6,
2010-01-28,-1.8,-4.1,-0.4,,,237,11.6,,1013.8,
2010-01-29,0.2,-1.4,2.1,,,213,14.8,,997.7,
2010-01-30,-1.1,-5.8,1.4,,,245,12.9,,996.5,
2010-01-31,-4.5,-7.7,-3.4,,,190,6.2,,1009.4,
2010-02-01,-3.6,-6.0,-1.8,,,208,10.5,,1016.9,
2010-02-02,0.1,-2.1,2.4,,,227,19.2,,,
2010-02-03,3.4,1.5,6.4,,,223,20.4,,1016.0,
2010-02-04,-0.3,-4.2,5.2,,,317,4.8,,1016.9,
2010-02-05,0.5,-2.1,3.1,,,208,5.3,,1011.7,
2010-02-06,2.0,-0.4,3.2,,,,5.7,,1013.9,
2010-02-07,1.7,0.3,3.0,,,19,8.3,,1018.1,
2010-02-08,-0.7,-2.0,0.4,,,28,11.3,,1009.7,
2010-02-09,-1.0,-2.3,0.8,,,37,9.0,,1003.6,
2010-02-10,-3.6,-6.9,-1.4,,,346,10.3,,1006.7,
2010-02-11,-6.3,-8.1,-4.8,,,,10.1,,1006.6,
2010-02-12,-5.1,-10.5,-3.0,,,6,8.1,,1013.2,
2010-02-13,-6.0,-11.9,-2.2,,,,5.1,,1015.9,
2010-02-14,-3.3,-4.0,-2.4,,,,3.8,,1014.0,
2010-02-15,-4.1,-9.6,-1.2,,,348,5.7,,1010.4,
2010-02-16,-6.5,-12.5,-0.4,,,321,6.3,,1005.9,
2010-02-17,-0.4,-3.2,3.6,,,324,5.6,,997.1,
2010-02-18,2.0,-2.7,7.8,,,187,6.6,,1000.9,
2010-02-19,1.3,-1.8,4.6,,,240,7.4,,996.9,
2010-02-20,2.3,-0.6,5.1,,,213,10.4,,1002.9,
2010-02-21,2.3,-1.4,8.0,,,171,8.5,,1004.4,
2010-02-22,4.3,-1.4,11.6,,,172,6.8,,998.6,
2010-02-23,6.5,2.2,8.8,,,198,11.6,,999.2,
2010-02-24,6.7,2.3,11.3,,,206,8.9,,1004.0,
2010-02-25,6.8,2.3,11.8,,,176,8.0,,1003.0,
2010-02-26,6.6,4.8,9.2,,,228,20.6,,1001.4,
2010-02-27,6.0,0.7,11.7,,,170,8.5,,1007.1,
2010-02-28,7.9,3.7,13.5,,,239,17.8,,997.7,
2010-03-01,6.5,1.9,11.1,,,,7.7,,1012.1,
2010-03-02,4.7,1.3,7.3,,,256,7.5,,1021.2,
2010-03-04,2.3,-0.3,5.4,,,,16.2,,1013.1,
2010-03-05,-0.7,-4.1,3.1,,,333,9.3,,1024.6,
2010-03-06,-1.6,-3.8,1.7,,,235,14.7,,1020.9,
2010-03-07,-3.2,-4.6,-0.8,,,50,23.4,,1024.4,
2010-03-08,-3.6,-8.4,1.4,,,49,22.0,,1021.6,
2010-03-09,-4.2,-6.7,-1.6,,,50,29.3,,1017.9,
2010-03-10,-2.0,-3.8,0.1,,,49,20.4,,1014.9,
2010-03-11,-2.2,-3.2,-1.1,,,326,8.6,,1015.6,
2010-03-12,-2.1,-5.0,1.6,,,313,3.9,,1020.9,
2010-03-13,-1.9,-8.8,4.6,,,,3.5,,1027.3,
2010-03-14,1.8,-0.4,4.2,,,196,7.2,,1027.9,
2010-03-15,3.3,0.6,7.7,,,215,6.9,,1027.3,
2010-03-16,3.6,-0.9,7.3,,,201,8.9,,1028.3,
2010-03-17,3.6,-4.9,13.1,,,200,5.6,,1029.9,
2010-03-18,8.4,0.1,16.5,,,169,6.2,,1025.9,
2010-03-19,10.7,2.1,18.5,,,181,8.6,,1022.6,
2010-03-20,11.3,5.9,16.1,,,176,10.5,,1017.9,
2010-03-21,10.9,8.3,14.9,,,207,11.1,,1018.8,
2010-03-22,9.7,5.2,14.5,,,343,4.8,,1022.0,
2010-03-23,8.5,1.7,16.9,,,,5.1,,1020.1,
2010-03-24,9.8,1.3,19.1,,,,4.0,,1014.1,
2010-03-25,11.9,3.2,22.4,,,295,7.9,,1009.5,
2010-03-26,7.2,3.5,13.9,,,251,12.9,,1011.0,
2010-03-27,7.5,3.8,12.3,,,229,16.1,,1012.2,
2010-03-28,8.1,5.9,10.9,,,230,17.3,,1016.0,
2010-03-29,11.2,6.3,16.3,,,158,8.2,,1009.5,
2010-03-30,9.0,3.3,15.7,,,280,9.6,,999.6,
2010-03-31,6.4,2.0,9.9,,,237,15.7,,1007.4,
2010-04-01,3.0,0.7,6.8,,,200,10.9,,1015.5,
2010-04-02,4.2,-2.3,11.2,,,117,5.5,,1018.0,
2010-04-03,8.8,4.2,14.0,,,319,6.2,,1012.9,
2010-04-04,7.3,5.1,11.4,,,213,12.7,,1015.9,
2010-04-05,6.2,2.4,10.6,,,222,8.3,,1027.6,
2010-04-06,6.7,-1.7,15.8,,,19,8.1,,1024.9,
2010-04-07,10.2,0.0,20.0,,,308,4.2,,1018.8,
2010-04-08,11.7,7.6,16.5,,,,6.5,,1022.3,
2010-04-09,11.2,5.5,16.6,,,16,13.7,,1027.9,
2010-04-10,9.7,4.3,14.9,,,0,12.0,,1026.4,
2010-04-11,6.6,2.0,11.4,,,43,18.6,,1019.3,
2010-04-12,5.6,3.0,9.5,,,39,18.5,,1014.8,
2010-04-13,5.7,-1.2,12.2,,,21,10.4,,1013.8,
2010-04-14,5.1,0.9,9.3,,,319,4.9,,1015.1,
2010-04-15,7.3,3.8,11.4,,,,9.6,,1015.5,
2010-04-16,7.5,1.5,13.2,,,10,11.1,,1018.2,
2010-04-17,9.6,2.5,17.1,,,,13.4,,1018.3,
2010-04-18,9.8,1.7,17.1,,,215,9.0,,1013.7,
2010-04-19,11.9,5.7,19.4,,,180,8.3,,1014.4,
2010-04-20,10.4,4.6,17.4,,,175,8.0,,1016.6,
2010-04-21,12.0,4.6,18.1,,,308,10.1,,1015.9,
2010-04-22,10.1,1.4,16.7,,,15,14.1,,1014.3,
2010-04-23,10.7,3.1,17.4,,,17,11.0,,1012.0,
2010-04-24,13.0,3.1,21.9,,,11,10.8,,1016.8,
2010-04-25,14.9,4.6,23.6,,,,4.1,,1021.2,
2010-04-26,15.2,10.5,19.1,,,151,8.1,,1024.0,
2010-04-27,14.3,8.9,20.5,,,13,9.2,,1024.9,
2010-04-28,14.2,3.8,22.5,,,,5.9,,1024.1,
2010-04-29,16.6,5.7,26.1,,,246,6.9,,1017.0,
2010-04-30,16.7,13.7,20.3,,,248,10.3,,1013.3,
2010-05-01,12.4,11.3,13.5,,,316,5.8,,1012.7,
2010-05-02,10.3,9.1,11.1,,,189,6.8,,1011.6,
2010-05-03,9.7,6.7,13.5,,,92,6.9,,1011.6,
2010-05-04,9.7,8.2,11.3,,,35,20.2,,1011.4,
2010-05-05,8.5,7.6,10.0,,,32,21.2,,1006.9,
2010-05-06,7.9,5.8,9.0,,,290,11.1,,1003.3,
2010-05-07,7.8,5.4,11.1,,,277,6.7,,1007.8,
2010-05-08,10.9,6.1,16.7,,,324,5.3,,1008.9,
2010-05-09,12.2,7.3,17.9,,,244,5.3,,1008.8,
2010-05-10,12.6,10.1,17.0,,,158,8.5,,1006.2,
2010-05-11,12.1,7.2,20.0,,,329,9.3,,1004.9,
2010-05-12,12.5,8.6,17.2,,,330,7.1,,1007.2,
2010-05-13,8.5,6.3,10.5,,,332,12.4,,1009.7,
2010-05-14,8.6,6.6,11.5,,,341,9.2,,1010.2,
2010-05-15,8.4,7.2,10.3,,,,10.6,,1010.5,
2010-05-16,8.5,6.6,11.0,,,181,6.6,,1018.0,
2010-05-17,10.2,5.4,14.4,,,189,7.6,,1023.2,
2010-05-18,11.2,7.1,14.4,,,354,8.7,,1026.0,
2010-05-19,8.8,4.4,13.2,,,267,6.3,,1026.6,
2010-05-20,9.5,7.5,11.9,,,237,4.9,,1028.6,
2010-05-21,12.5,9.5,17.0,,,19,8.8,,1027.3,
2010-05-22,14.7,7.1,21.6,,,15,12.9,,1023.4,
2010-05-23,16.4,8.4,23.2,,,25,9.9,,1020.0,
2010-05-24,17.8,8.4,26.8,,,,6.1,,1015.7,
2010-05-25,20.0,11.7,27.3,,,209,8.8,,1011.4,
2010-05-26,19.2,14.4,23.7,,,247,11.8,,1008.7,
2010-05-27,14.8,12.6,17.3,,,230,8.5,,1010.4,
2010-05-28,14.9,7.5,20.3,,,,7.8,,1014.2,
2010-05-29,16.2,11.6,21.1,,,329,6.3,,1017.4,
2010-05-30,14.5,12.4,17.0,,,229,13.8,,1013.4,
2010-05-31,12.0,6.8,15.1,,,264,14.5,,1015.1,
2010-06-01,12.7,10.0,15.9,,,234,6.1,,1016.5,
2010-06-02,12.4,10.9,13.8,,,265,4.3,,1015.9,
2010-06-03,12.6,11.5,14.4,,,62,6.9,,1017.7,
2010-06-04,17.0,11.7,23.5,,,42,11.7,,1018.3,
2010-06-05,18.6,9.9,27.1,,,,4.2,,1018.6,
2010-06-06,19.6,11.8,27.6,,,248,7.6,,1014.4,
2010-06-07,17.8,16.0,21.1,,,245,7.8,,1014.1,
2010-06-08,18.1,11.9,25.4,,,316,5.5,,1009.1,
2010-06-09,21.1,13.7,29.3,,,87,9.0,,1005.0,
2010-06-10,23.8,15.8,30.8,,,131,17.5,,1003.1,
2010-06-11,21.0,15.7,25.7,,,330,8.5,,1008.3,
2010-06-12,18.9,16.2,21.8,,,250,8.5,,1011.7,
2010-06-13,17.0,15.5,18.7,,,344,6.1,,1013.1,
2010-06-14,16.8,11.6,22.8,,,,7.1,,1013.0,
2010-06-15,17.1,14.1,20.7,,,23,15.5,,1013.9,
2010-06-16,15.6,13.4,18.1,,,43,20.8,,1012.4,
2010-06-17,15.5,13.4,19.8,,,3,7.1,,1012.9,
2010-06-18,14.5,12.7,17.6,,,217,9.4,,1012.9,
2010-06-19,11.9,9.8,13.7,,,121,6.3,,1009.0,
2010-06-20,9.9,7.3,12.4,,,,8.3,,1012.0,
2010-06-21,11.9,9.9,15.2,,,,7.9,,1018.3,
2010-06-22,13.9,8.0,19.4,,,21,11.6,,1021.5,
2010-06-23,15.2,6.7,22.4,,,6,12.7,,1020.7,
2010-06-24,16.6,8.3,23.9,,,3,9.7,,1018.3,
2010-06-25,17.5,9.1,25.3,,,,6.9,,1015.8,
2010-06-26,19.8,10.6,27.6,,,8,7.3,,1014.4,
2010-06-27,21.3,13.4,28.4,,,26,9.8,,1016.3,
2010-06-28,21.4,12.7,28.6,,,346,6.9,,1017.5,
2010-06-29,21.7,14.9,28.4,,,359,6.1,,1017.6,
2010-06-30,21.8,14.4,28.9,,,,6.6,,1018.3,
2010-07-01,22.3,14.7,29.2,,,352,5.0,,1016.3,
2010-07-02,22.9,14.6,30.9,,,,4.0,,1015.5,
2010-07-03,22.9,15.9,32.0,,,,5.3,,1016.5,
2010-07-06,20.1,16.4,24.7,,,318,7.7,,1021.2,
2010-07-07,19.4,12.1,25.3,,,5,10.5,,1021.6,
2010-07-08,21.3,12.8,29.9,,,355,4.6,,1019.9,
2010-07-09,23.1,14.5,31.1,,,356,4.5,,1019.1,
2010-07-13,21.7,15.8,27.9,,,311,4.9,,1013.0,
2010-07-14,25.0,19.0,33.3,,,359,7.1,,1008.8,
2010-07-15,21.3,18.2,25.0,,,259,5.7,,1015.1,
2010-07-16,23.0,16.0,30.9,,,326,5.2,,1015.3,
2010-07-17,19.2,15.9,23.9,,,305,8.8,,1020.0,
2010-07-18,19.0,14.8,24.1,,,48,11.6,,1024.8,
2010-07-19,19.5,12.6,25.3,,,,12.3,,1020.7,
2010-07-20,21.1,11.8,28.7,,,,5.6,,1014.2,
2010-07-21,23.4,14.8,31.7,,,,7.1,,1009.9,
2010-07-22,21.0,16.9,27.7,,,305,7.8,,1013.5,
2010-07-23,17.0,13.7,19.3,,,230,6.9,,1017.9,
2010-07-24,14.5,12.9,17.4,,,229,8.2,,1021.7,
2010-07-25,15.9,11.6,20.2,,,334,4.7,,1018.3,
2010-07-27,17.3,14.3,20.5,,,240,7.8,,1017.4,
2010-07-28,15.7,11.9,18.7,,,,5.2,,1019.0,
2010-07-29,15.6,14.0,17.6,,,188,7.3,,1013.5,
2010-07-30,15.5,12.0,19.7,,,157,6.8,,1016.1,
2010-07-31,16.4,8.9,24.1,,,,3.8,,1017.4,
2010-08-01,20.1,12.0,28.7,,,271,5.9,,1015.7,
2010-08-02,18.4,16.8,21.7,,,167,5.8,,1016.2,
2010-08-03,17.8,15.2,21.9,,,251,8.5,,1015.8,
2010-08-04,16.7,10.9,22.2,,,,4.5,,1013.0,
2010-08-05,15.0,13.8,16.2,,,258,7.4,,1009.7,
2010-08-06,15.2,11.9,20.0,,,45,5.5,,1017.2,
2010-08-07,16.4,10.2,22.7,,,322,3.5,,1019.4,
2010-08-08,17.0,12.3,22.4,,,217,7.2,,1018.2,
2010-08-09,18.6,12.2,24.8,,,,5.7,,1017.3,
2010-08-10,20.2,14.2,26.3,,,,3.9,,1015.9,
2010-08-11,21.0,17.2,25.5,,,252,5.5,,1015.0,
2010-08-12,18.0,16.0,20.3,,,221,7.3,,1014.3,
2010-08-13,17.1,13.7,21.4,,,87,4.4,,1016.3,
2010-08-14,16.2,12.6,20.5,,,0,9.8,,1013.9,
2010-08-16,13.2,12.1,14.6,,,223,13.7,,1015.5,
2010-08-17,15.2,12.9,19.3,,,237,12.0,,1016.3,
2010-08-18,16.0,13.4,18.5,,,229,5.8,,1012.9,
2010-08-19,17.3,14.4,22.1,,,123,4.6,,1017.1,
2010-08-20,19.9,13.5,27.2,,,295,5.3,,1020.2,
2010-08-21,21.8,15.4,28.2,,,,3.7,,1023.6,
2010-08-22,21.6,14.3,29.4,,,281,4.6,,1018.6,
2010-08-23,20.6,17.4,23.1,,,229,5.5,,1010.3,
2010-08-24,19.1,15.7,22.3,,,248,10.5,,1012.3,
2010-08-25,17.1,11.4,22.9,,,324,4.0,,1018.8,
2010-08-26,21.5,13.5,30.2,,,174,7.2,,1013.8,
2010-08-27,20.6,16.8,24.2,,,229,13.1,,1009.0,
2010-08-28,15.0,11.9,17.1,,,261,8.5,,1016.5,
2010-08-29,13.5,10.4,16.7,,,224,8.0,,1018.7,
2010-08-30,11.4,9.7,13.2,,,242,15.1,,1016.3,
2010-08-31,12.4,8.5,16.4,,,8,6.1,,1021.5,
2010-09-01,12.3,5.4,19.0,,,,11.5,,1019.1,
2010-09-02,13.6,6.8,20.5,,,5,9.2,,1017.3,
2010-09-03,15.4,10.2,22.1,,,18,6.3,,1017.7,
2010-09-04,15.2,9.5,21.0,,,,4.8,,1018.0,
2010-09-05,14.7,9.1,21.2,,,20,10.1,,1018.4,
2010-09-06,14.2,8.6,19.6,,,3,11.4,,1015.0,
2010-09-07,14.6,11.3,18.5,,,341,8.7,,1007.2,
2010-09-08,15.1,12.6,16.7,,,238,6.5,,1006.3,
2010-09-09,14.8,11.4,19.9,,,226,5.6,,1016.4,
2010-09-10,15.2,10.9,20.0,,,151,4.8,,1022.7,
2010-09-11,14.1,7.6,21.8,,,353,6.8,,1021.1,
2010-09-12,15.2,7.5,22.9,,,248,5.6,,1019.2,
2010-09-13,13.8,10.7,16.8,,,,5.3,,1026.1,
2010-09-14,12.7,8.0,19.1,,,227,5.2,,1025.9,
2010-09-15,14.2,9.5,18.1,,,215,9.2,,1017.4,
2010-09-16,13.5,12.7,15.5,,,282,8.0,,1014.4,
2010-09-17,13.3,11.2,16.6,,,209,5.5,,1014.9,
2010-09-18,11.6,5.4,16.3,,,348,8.0,,1017.2,
2010-09-19,11.7,6.1,17.1,,,,5.8,,1019.0,
2010-09-20,11.5,3.0,20.6,,,,2.9,,1019.3,
2010-09-21,12.9,5.9,21.9,,,334,4.6,,1020.3,
2010-09-22,13.6,6.1,22.0,,,,3.2,,1020.9,
2010-09-23,15.1,8.7,23.5,,,,3.9,,1015.8,
2010-09-24,13.5,10.7,19.0,,,182,7.0,,1006.6,
2010-09-25,10.5,8.8,11.5,,,235,6.4,,1005.8,
2010-09-26,9.3,6.5,12.0,,,263,6.4,,1010.8,
2010-09-27,9.1,5.7,13.0,,,,4.7,,,
2010-09-28,9.4,6.7,11.8,,,247,5.0,,1018.0,
2010-09-29,10.9,7.4,14.8,,,,3.3,,1019.6,
2010-09-30,11.0,5.2,15.3,,,195,3.6,,1017.7,
2010-10-01,12.5,8.8,16.2,,,192,5.2,,1015.5,
2010-10-02,12.7,7.0,19.6,,,,3.5,,1015.6,
2010-10-03,13.7,6.1,22.1,,,337,4.4,,1010.9,
2010-10-04,14.4,6.9,22.0,,,349,7.0,,1003.4,
2010-10-05,14.9,10.8,18.1,,,,5.9,,1009.1,
2010-10-06,11.8,7.9,17.0,,,343,4.1,,1014.8,
2010-10-07,13.2,9.1,15.5,,,44,7.7,,1019.4,
2010-10-08,14.6,11.4,18.5,,,9,8.7,,1018.6,
2010-10-09,12.9,10.6,14.1,,,336,8.0,,1016.8,
2010-10-10,10.0,6.0,11.7,,,4,9.3,,1010.5,
2010-10-11,8.3,5.1,14.0,,,,10.4,,1009.8,
2010-10-12,7.7,0.8,14.5,,,,6.5,,1013.5,
2010-10-13,7.5,5.1,9.2,,,19,9.3,,1013.1,
2010-10-14,9.1,7.5,11.5,,,12,6.9,,1014.3,
2010-10-15,7.3,4.9,9.0,,,,11.0,,1014.3,
2010-10-16,6.7,6.0,7.2,,,222,5.8,,1011.7,
2010-10-17,7.1,6.4,8.4,,,,11.8,,1015.0,
2010-10-18,6.4,4.0,8.3,,,356,10.8,,1020.2,
2010-10-19,5.3,0.4,9.2,,,222,13.2,,1015.9,
2010-10-20,6.4,3.8,8.7,,,252,11.8,,1014.0,
2010-10-21,3.6,0.0,8.2,,,327,4.4,,1026.5,
2010-10-22,1.8,-4.3,7.9,,,,3.8,,1024.6,
2010-10-23,8.5,5.0,12.9,,,,8.5,,1015.6,
2010-10-25,5.2,4.0,6.5,,,24,16.1,,1018.6,
2010-10-26,4.5,1.1,9.1,,,31,14.0,,1028.3,
2010-10-27,3.3,-1.7,9.7,,,,3.7,,1028.3,
2010-10-28,7.4,2.9,13.8,,,172,4.9,,1024.8,
2010-10-29,6.0,0.2,14.7,,,317,4.4,,1017.2,
2010-10-30,7.8,2.0,15.8,,,317,5.4,,1008.3,
2010-10-31,9.1,3.5,13.1,,,353,7.1,,1001.9,
2010-11-01,8.9,5.3,14.6,,,331,4.6,,1007.9,
2010-11-02,8.4,3.7,11.5,,,,4.5,,1017.7,
2010-11-03,10.0,5.8,14.0,,,211,7.0,,1022.2,
2010-11-04,13.2,9.4,17.7,,,219,9.5,,1028.6,
2010-11-06,12.2,9.8,14.8,,,237,8.7,,1019.1,
2010-11-07,8.9,5.3,12.2,,,226,12.2,,1003.5,
2010-11-08,4.6,3.5,5.6,,,275,5.9,,989.0,
2010-11-09,5.2,2.5,9.5,,,,4.2,,982.2,
2010-11-10,6.7,2.7,11.6,,,201,12.1,,993.5,
2010-11-11,6.3,3.3,9.6,,,221,10.3,,1011.3,
2010-11-12,11.2,6.1,14.2,,,239,26.1,,1006.8,
2010-11-13,13.9,9.3,17.2,,,218,17.8,,1007.2,
2010-11-14,10.5,3.8,17.4,,,175,7.4,,1005.8,
2010-11-15,8.2,6.3,11.2,,,309,9.4,,1011.3,
2010-11-16,3.9,2.1,5.9,,,123,7.0,,1018.6,
2010-11-17,3.7,0.2,5.1,,,,8.1,,1011.7,
2010-11-18,1.9,-1.9,5.5,,,,3.5,,1012.2,
2010-11-20,2.3,-0.9,4.7,,,,6.8,,1015.4,
2010-11-21,3.1,2.2,4.3,,,24,9.4,,1006.2,
2010-11-22,3.6,3.2,4.1,,,269,7.6,,1002.0,
2010-11-23,2.4,1.2,3.3,,,241,8.3,,1007.1,
2010-11-24,2.0,0.8,3.3,,,214,8.3,,1010.9,
2010-11-25,2.2,-1.4,4.8,,,196,8.8,,1006.0,
2010-11-26,-0.3,-1.5,0.9,,,244,10.2,,1006.2,
2010-11-27,-2.7,-6.3,-1.5,,,298,5.1,,1006.9,
2010-11-28,-1.2,-2.7,0.5,,,319,7.6,,1004.0,
2010-11-29,-0.9,-6.0,1.7,,,244,6.6,,1007.3,
2010-11-30,-5.0,-10.2,-2.0,,,,8.9,,1009.8,
2010-12-01,-2.8,-3.2,-2.2,,,4,8.6,,1000.3,
2010-12-02,-4.1,-11.5,-1.6,,,,6.6,,1009.0,
2010-12-03,-5.2,-8.5,-3.7,,,335,5.4,,1012.5,
2010-12-04,-4.3,-8.1,-1.2,,,159,4.9,,1021.9,
2010-12-05,-2.8,-7.9,2.7,,,156,5.8,,1014.0,
2010-12-06,1.5,0.1,3.9,,,162,6.3,,1000.6,
2010-12-07,6.5,3.3,10.8,,,172,8.7,,1001.4,
2010-12-08,7.7,4.8,11.4,,,193,9.6,,1003.6,
2010-12-09,0.6,-2.8,7.1,,,260,12.6,,1024.6,
2010-12-10,-0.1,-1.4,0.8,,,233,9.4,,1033.5,
2010-12-11,2.9,0.0,6.6,,,237,11.6,,1026.8,
2010-12-12,2.3,1.4,4.4,,,244,7.6,,1018.4,
2010-12-13,-1.7,-7.4,1.2,,,44,9.8,,1021.7,
2010-12-14,-4.6,-7.1,-2.8,,,,6.6,,1025.7,
2010-12-15,-5.7,-8.7,-4.2,,,250,5.7,,1029.1,
2010-12-16,-4.7,-7.5,-2.4,,,188,9.1,,1017.5,
2010-12-17,-1.7,-4.3,0.6,,,230,10.3,,998.0,
2010-12-18,-5.4,-10.2,-1.5,,,186,7.4,,1004.1,
2010-12-19,-1.1,-9.7,4.6,,,178,9.0,,1002.1,
2010-12-20,5.4,2.0,8.6,,,228,18.0,,1004.5,
2010-12-21,3.4,1.2,5.7,,,133,7.9,,1006.6,
2010-12-22,4.0,3.1,5.7,,,12,7.0,,1002.5,
2010-12-23,3.2,1.7,4.8,,,,3.1,,997.6,
2010-12-24,1.1,-1.1,3.1,,,270,7.1,,1000.9,
2010-12-25,-3.3,-5.3,-1.0,,,,11.8,,1017.1,
2010-12-26,-9.7,-13.5,-6.1,,,330,6.3,,1029.7,
2010-12-27,-8.8,-12.0,-5.4,,,,4.4,,1028.2,
2010-12-28,-4.1,-10.0,-0.6,,,,4.2,,1024.2,
2010-12-29,0.0,-1.9,1.2,,,315,4.9,,1023.9,
2010-12-30,1.1,0.3,2.2,,,,4.7,,1024.2,
2010-12-31,1.0,0.3,1.5,,,,4.0,,1025.1,
2011-01-01,0.8,-0.2,2.0,,,284,5.7,,1022.9,
2011-01-02,-0.3,-3.2,1.2,,,,7.0,,1023.0,
2011-01-03,-4.3,-7.0,-0.8,,,1,6.9,,1025.7,
2011-01-04,-3.8,-6.5,-2.3,,,355,4.7,,1021.2,
2011-01-05,-1.7,-4.2,2.8,,,,4.1,,1016.1,
2011-01-06,3.9,-4.3,8.0,,,182,11.5,,1009.8,
2011-01-07,7.5,5.1,10.7,,,151,7.8,,1012.8,
2011-01-08,7.8,4.4,14.3,,,180,7.2,,1014.1,
2011-01-09,5.9,2.5,9.7,,,194,8.7,,1015.0,
2011-01-10,3.7,2.6,6.0,,,12,9.3,,1020.9,
2011-01-11,3.9,2.4,6.0,,,,8.7,,1014.8,
2011-01-12,5.4,4.6,6.5,,,222,11.5,,1022.3,
2011-01-13,9.1,6.0,11.3,,,229,17.4,,1021.1,
2011-01-14,8.6,3.3,10.6,,,215,7.2,,1021.4,
2011-01-15,6.7,2.0,10.4,,,211,6.6,,1027.7,
2011-01-16,0.2,-2.2,4.0,,,300,4.0,,1030.2,
2011-01-17,0.9,-2.7,8.3,,,,5.1,,1029.3,
2011-01-18,3.1,-0.2,6.6,,,162,4.8,,1028.2,
2011-01-19,2.0,-2.7,3.9,,,10,6.3,,1029.2,
2011-01-20,-1.2,-2.8,0.5,,,313,5.2,,1027.8,
2011-01-21,-1.6,-2.6,-0.6,,,31,18.1,,1030.4,
2011-01-22,-3.2,-4.3,-2.0,,,40,18.6,,1029.5,
2011-01-23,-4.9,-8.3,-2.5,,,30,9.7,,1028.0,
2011-01-24,-4.4,-9.8,-0.4,,,125,3.4,,1027.3,
2011-01-25,0.0,-1.9,2.1,,,211,8.6,,1019.6,
2011-01-26,1.4,-2.3,3.7,,,230,7.3,,1011.2,
2011-01-27,1.0,-1.3,2.2,,,29,11.7,,1013.5,
2011-01-28,-0.2,-2.0,0.7,,,37,17.0,,1017.1,
2011-01-29,-1.7,-2.8,-0.2,,,23,10.6,,1017.3,
2011-01-30,-4.1,-4.8,-2.5,,,,14.1,,1017.9,
2011-01-31,-4.1,-4.8,-3.1,,,,8.4,,1023.9,
2011-02-01,-3.9,-4.5,-3.2,,,306,6.8,,1028.8,
2011-02-02,-3.5,-5.5,-1.3,,,344,5.3,,1033.3,
2011-02-03,-2.3,-8.0,1.4,,,201,5.3,,1033.1,
2011-02-04,3.5,0.0,7.4,,,209,10.4,,1032.7,
2011-02-05,5.3,1.0,9.9,,,213,11.9,,1032.7,
2011-02-06,3.2,-2.3,12.3,,,144,8.9,,1031.8,
2011-02-07,3.2,-3.8,13.3,,,154,6.2,,1026.7,
2011-02-08,2.9,-2.9,11.7,,,156,6.5,,1024.9,
2011-02-09,-0.1,-3.7,5.1,,,,4.2,,1025.0,
2011-02-10,2.4,-3.7,11.6,,,168,4.6,,1024.3,
2011-02-11,6.8,1.6,13.8,,,158,8.3,,1019.4,
2011-02-12,5.0,-1.5,12.5,,,166,6.3,,1017.7,
2011-02-13,5.1,0.4,10.9,,,149,5.9,,1013.0,
2011-02-14,3.7,-1.7,11.8,,,303,5.2,,1009.0,
2011-02-15,3.0,-1.3,5.7,,,88,6.2,,1003.7,
2011-02-16,3.8,2.0,5.5,,,15,8.6,,1000.1,
2011-02-17,3.8,2.1,6.2,,,348,6.8,,1001.8,
2011-02-18,3.9,3.0,5.1,,,312,6.8,,1012.6,
2011-02-19,4.4,2.1,7.8,,,,4.8,,1015.5,
2011-02-20,1.5,0.2,2.7,,,,4.2,,1014.2,
2011-02-21,0.7,0.1,1.5,,,333,4.7,,1015.5,
2011-02-22,-0.3,-2.0,0.6,,,,9.7,,1015.8,
2011-02-23,-2.8,-7.5,1.2,,,,7.2,,1026.4,
2011-02-24,-0.2,-3.4,2.7,,,229,6.1,,1028.0,
2011-02-25,3.7,2.2,5.7,,,24,5.1,,1029.1,
2011-02-26,3.2,1.2,5.8,,,56,7.4,,1021.0,
2011-02-27,4.5,2.4,6.6,,,251,8.6,,1016.2,
2011-02-28,3.4,0.3,5.5,,,16,11.5,,1021.1,
2011-03-01,4.5,2.2,8.9,,,47,18.8,,1025.1,
2011-03-02,3.0,0.1,7.2,,,53,25.1,,1023.1,
2011-03-03,1.0,-2.1,4.3,,,28,11.9,,1025.5,
2011-03-04,1.4,-4.0,6.5,,,25,9.9,,1027.8,
2011-03-05,-0.3,-5.2,5.8,,,347,5.1,,1025.1,
2011-03-06,0.2,-4.6,6.5,,,24,11.3,,1025.7,
2011-03-07,1.7,-4.2,8.5,,,33,15.4,,1028.8,
2011-03-08,2.5,-5.0,12.4,,,,5.3,,1028.7,
2011-03-09,5.8,-1.5,13.3,,,190,9.0,,1023.1,
2011-03-10,7.0,1.0,12.6,,,259,7.8,,1021.3,
2011-03-11,6.6,2.3,11.1,,,256,5.5,,1020.8,
2011-03-12,5.1,-3.2,12.2,,,314,4.0,,1012.2,
2011-03-13,7.9,4.6,11.3,,,338,7.2,,1006.5,
2011-03-14,10.0,4.4,16.5,,,47,5.8,,1014.2,
2011-03-15,9.2,0.3,17.6,,,,9.7,,1011.9,
2011-03-16,10.1,7.3,12.4,,,,11.3,,1003.3,
2011-03-17,8.1,6.9,8.9,,,267,10.3,,1006.6,
2011-03-18,6.8,5.7,8.9,,,277,12.4,,1023.0,
2011-03-19,4.4,1.5,6.0,,,15,9.4,,1027.6,
2011-03-20,4.2,-2.0,10.6,,,40,13.4,,1031.9,
2011-03-21,4.5,-2.8,10.8,,,25,14.1,,1032.9,
2011-03-22,5.3,-3.9,13.0,,,20,8.6,,1034.9,
2011-03-23,8.1,-3.0,17.0,,,36,10.5,,1035.6,
2011-03-24,8.4,-0.5,17.2,,,23,5.4,,1032.9,
2011-03-25,10.5,1.4,20.0,,,208,7.8,,1022.3,
2011-03-26,10.7,4.0,16.1,,,221,9.0,,1015.7,
2011-03-27,9.4,5.7,13.1,,,,7.1,,1013.1,
2011-03-28,9.5,6.8,13.2,,,294,4.4,,1013.3,
2011-03-29,8.5,2.5,16.5,,,349,3.9,,1015.9,
2011-03-30,9.5,3.4,14.0,,,255,7.1,,1017.9,
2011-03-31,10.3,6.2,15.1,,,201,10.1,,1022.5,
2011-04-01,13.7,8.1,18.6,,,,4.9,,,
2011-04-02,13.1,3.9,23.3,,,247,3.9,,1018.8,
2011-04-03,15.0,5.5,23.1,,,,7.5,,1013.7,
2011-04-04,10.5,7.1,14.8,,,208,9.9,,1021.7,
2011-04-05,10.3,2.5,17.2,,,,4.5,,1028.1,
2011-04-06,13.7,7.1,21.4,,,,5.3,,,
2011-04-07,15.5,5.6,24.9,,,263,8.5,,1025.9,
2011-04-08,14.5,7.1,21.4,,,308,5.7,,1023.0,
2011-04-09,14.4,4.8,23.4,,,358,9.0,,1021.4,
2011-04-10,14.0,5.2,22.0,,,20,11.0,,1021.4,
2011-04-11,13.5,5.2,22.2,,,306,6.7,,1021.4,
2011-04-12,10.7,6.3,14.4,,,280,13.7,,1022.6,
2011-04-13,6.3,1.0,10.6,,,,5.8,,1024.7,
2011-04-14,7.2,1.9,12.7,,,25,11.8,,1017.8,
2011-04-15,7.2,0.6,13.4,,,18,15.3,,,
2011-04-16,7.6,-1.0,15.2,,,18,9.3,,1020.4,
2011-04-17,8.8,-0.4,16.9,,,14,9.0,,1021.9,
2011-04-18,10.5,0.1,19.4,,,,4.1,,1020.0,
2011-04-19,12.3,2.8,20.8,,,6,6.2,,1015.5,
2011-04-20,13.6,4.4,22.6,,,,4.8,,1015.0,
2011-04-21,13.8,4.3,22.8,,,337,4.9,,1015.1,
2011-04-22,14.4,4.4,22.9,,,,4.2,,1010.1,
2011-04-23,13.5,3.6,22.2,,,306,4.3,,1010.4,
2011-04-24,14.8,10.4,19.8,,,174,7.1,,1015.2,
2011-04-25,15.0,7.0,22.2,,,13,12.9,,1015.4,
2011-04-26,13.3,7.6,18.3,,,17,13.8,,1015.8,
2011-04-27,10.0,5.9,15.1,,,157,5.9,,1015.0,
2011-04-28,11.2,5.4,18.6,,,41,7.2,,1011.9,
2011-04-29,12.4,9.0,16.5,,,44,6.1,,1007.7,
2011-04-30,11.7,4.5,20.1,,,,7.3,,1005.2,
2011-05-01,12.5,5.9,18.9,,,353,10.2,,1006.3,
2011-05-02,13.3,5.1,20.8,,,,5.4,,1004.9,
2011-05-03,10.8,8.1,13.8,,,38,13.9,,1009.1,
2011-05-04,8.7,1.1,15.4,,,,7.9,,1018.4,
2011-05-05,10.6,2.3,18.5,,,5,10.6,,1021.9,
2011-05-06,13.5,2.2,23.9,,,358,3.8,,1021.3,
2011-05-07,16.2,6.2,25.5,,,353,7.5,,1019.2,
2011-05-08,17.0,7.0,25.2,,,354,7.4,,1018.6,
2011-05-09,16.5,8.4,24.2,,,,10.9,,1021.4,
2011-05-10,16.7,5.5,25.3,,,,5.1,,1024.4,
2011-05-11,18.0,9.8,24.6,,,,7.3,,1021.7,
2011-05-12,15.3,11.2,19.0,,,,9.0,,1018.5,
2011-05-13,15.9,9.9,21.3,,,8,8.2,,1019.6,
2011-05-14,13.5,10.1,18.5,,,,8.0,,1016.4,
2011-05-15,9.6,7.0,13.2,,,212,7.2,,1022.8,
2011-05-16,10.7,7.4,15.6,,,230,7.1,,1026.9,
2011-05-17,13.4,6.7,19.8,,,,4.3,,1023.6,
2011-05-18,15.5,5.7,23.3,,,,3.7,,1018.1,
2011-05-19,18.3,12.5,25.3,,,173,7.1,,1016.3,
2011-05-20,18.2,11.1,24.4,,,195,6.7,,1018.6,
2011-05-21,17.8,9.1,25.6,,,2,6.7,,1019.5,
2011-05-22,17.3,9.9,25.2,,,,6.9,,1018.8,
2011-05-23,18.5,14.8,23.6,,,,7.8,,1023.9,
2011-05-24,18.5,9.8,26.2,,,,10.5,,1022.7,
2011-05-25,17.1,9.6,24.0,,,19,13.0,,1023.6,
2011-05-26,18.9,9.9,28.6,,,287,11.4,,1015.0,
2011-05-27,12.4,10.4,16.4,,,200,8.6,,1017.6,
2011-05-28,13.3,8.2,19.0,,,106,3.9,,1018.6,
2011-05-29,15.5,5.5,24.2,,,,3.3,,1017.9,
2011-05-30,19.4,8.1,28.9,,,268,4.6,,1014.2,
2011-05-31,16.3,9.1,20.9,,,243,12.5,,1014.9,
2011-06-01,10.3,8.4,12.5,,,,13.7,,1023.5,
2011-06-02,14.5,10.4,19.0,,,42,19.7,,1024.5,
2011-06-03,17.5,13.9,21.6,,,43,12.1,,1021.7,
2011-06-04,18.7,12.1,24.9,,,56,5.6,,1014.7,
2011-06-05,19.1,13.4,26.0,,,203,7.5,,1009.0,
2011-06-06,17.5,12.0,22.6,,,214,10.1,,1006.6,
2011-06-07,18.1,10.4,23.7,,,,7.5,,1004.8,
2011-06-08,14.7,12.6,16.0,,,247,11.0,,1008.3,
2011-06-09,12.6,10.8,14.2,,,175,5.8,,1016.4,
2011-06-10,14.8,8.3,20.6,,,,4.8,,1015.9,
2011-06-11,13.7,10.8,15.4,,,226,7.0,,1018.0,
2011-06-12,14.8,5.6,22.2,,,,4.5,,1018.3,
2011-06-13,16.3,12.9,19.8,,,191,5.6,,1017.9,
2011-06-14,18.2,13.5,24.0,,,,4.4,,1018.6,
2011-06-15,19.5,11.1,27.5,,,296,5.7,,1017.7,
2011-06-16,20.0,15.5,27.7,,,,8.4,,1015.3,
2011-06-17,18.6,14.4,24.7,,,116,7.5,,1013.9,
2011-06-18,14.7,11.0,18.3,,,230,12.0,,1011.5,
2011-06-19,13.6,10.2,16.4,,,233,12.6,,1016.8,
2011-06-20,16.8,11.7,21.9,,,235,8.0,,,
2011-06-21,20.0,12.4,28.3,,,221,7.6,,1016.9,
2011-06-22,18.7,15.6,25.7,,,177,7.4,,1016.0,
2011-06-23,16.5,14.6,18.4,,,245,7.2,,1019.1,
2011-06-24,15.8,11.9,19.7,,,,9.3,,1022.9,
2011-06-25,15.7,9.8,21.8,,,,5.9,,1026.3,
2011-06-26,20.3,11.1,29.0,,,,5.0,,1023.4,
2011-06-27,23.1,12.9,31.9,,,,3.6,,1018.3,
2011-06-28,24.4,16.7,32.4,,,,6.3,,1014.7,
2011-06-29,20.5,16.6,24.4,,,285,8.9,,1015.5,
2011-06-30,16.8,13.8,20.4,,,234,9.6,,1020.8,
2011-07-01,15.4,11.4,20.8,,,336,10.6,,1020.9,
2011-07-02,14.4,7.1,20.4,,,340,7.6,,1016.7,
2011-07-03,15.5,6.5,23.1,,,290,5.6,,1014.1,
2011-07-04,18.2,8.7,26.8,,,335,5.7,,1013.3,
2011-07-05,20.1,11.2,27.6,,,212,5.7,,1013.0,
2011-07-06,20.5,12.4,27.5,,,224,8.3,,1010.9,
2011-07-07,19.1,14.8,27.2,,,,7.6,,,
2011-07-08,18.6,14.2,23.2,,,251,6.9,,1013.6,
2011-07-09,20.6,16.9,26.3,,,214,6.6,,1016.3,
2011-07-10,19.4,15.9,24.0,,,354,7.3,,1017.7,
2011-07-11,20.0,12.8,26.5,,,5,6.4,,1017.7,
2011-07-12,22.6,14.4,31.0,,,354,8.1,,1011.7,
2011-07-13,18.0,15.7,21.4,,,188,10.0,,1010.3,
2011-07-14,15.2,12.8,18.2,,,263,11.2,,1018.4,
2011-07-15,15.3,8.2,20.4,,,,5.3,,1020.7,
2011-07-16,17.0,7.8,25.1,,,245,7.6,,1013.3,
2011-07-17,16.1,12.1,21.1,,,190,10.0,,1006.4,
2011-07-18,15.5,11.8,20.1,,,227,11.4,,,
2011-07-19,14.4,10.7,21.4,,,293,8.8,,1005.6,
2011-07-20,13.6,11.3,17.3,,,239,14.0,,1010.7,
2011-07-21,13.5,9.7,16.3,,,180,5.4,,1011.2,
2011-07-22,15.3,13.7,18.5,,,219,6.8,,1011.4,
2011-07-23,15.1,12.0,18.8,,,240,10.0,,1011.5,
2011-07-24,12.5,9.7,16.6,,,245,10.2,,1013.7,
2011-07-25,15.1,11.1,20.1,,,127,5.1,,1011.4,
2011-07-26,16.2,9.7,22.4,,,225,5.2,,1012.0,
2011-07-27,17.8,14.7,22.6,,,272,4.9,,1015.8,
2011-07-28,17.2,14.7,21.2,,,240,4.5,,1018.0,
2011-07-29,17.9,14.1,23.8,,,,5.4,,1017.8,
2011-07-30,16.7,12.5,20.6,,,,8.1,,1016.5,
2011-07-31,16.6,11.5,21.7,,,336,7.6,,1015.4,
2011-08-01,16.1,10.5,22.7,,,14,10.4,,1015.3,
2011-08-02,19.8,11.2,28.1,,,,5.8,,1015.4,
2011-08-03,18.8,13.9,22.9,,,175,7.3,,1016.9,
2011-08-04,21.2,17.4,26.0,,,234,5.5,,1016.6,
2011-08-05,21.0,18.5,25.0,,,181,5.5,,1014.4,
2011-08-06,20.6,17.0,25.0,,,331,4.9,,1009.0,
2011-08-07,18.1,15.7,20.2,,,249,8.7,,1008.7,
2011-08-08,16.0,13.2,20.6,,,250,8.9,,1012.6,
2011-08-09,14.9,12.0,18.4,,,247,12.3,,1021.4,
2011-08-10,14.4,9.5,20.0,,,305,5.9,,1025.6,
2011-08-11,16.2,7.5,25.3,,,246,4.8,,1019.2,
2011-08-12,19.0,13.4,25.6,,,214,9.9,,,
2011-08-13,19.6,15.6,25.0,,,,5.6,,,
2011-08-14,19.7,13.7,27.5,,,,8.0,,1010.1,
2011-08-15,19.4,17.7,22.3,,,208,7.3,,1014.8,
2011-08-16,19.2,13.4,25.4,,,304,4.8,,1018.2,
2011-08-17,20.3,13.1,28.0,,,335,4.3,,,
2011-08-18,23.2,16.9,28.6,,,,6.4,,1014.3,
2011-08-19,23.7,18.1,28.6,,,226,8.5,,1017.2,
2011-08-20,23.2,17.2,30.6,,,,4.2,,1019.5,
2011-08-21,24.0,16.4,32.4,,,,4.0,,1018.0,
2011-08-22,24.7,16.5,33.1,,,,4.4,,1015.9,
2011-08-23,24.9,16.9,32.5,,,114,5.5,,1014.2,
2011-08-24,22.7,17.0,31.5,,,1,7.6,,1015.1,
2011-08-25,21.0,15.6,27.6,,,328,5.0,,1013.8,
2011-08-26,22.0,14.1,33.6,,,282,11.1,,1007.6,
2011-08-27,13.0,10.9,16.0,,,208,11.7,,1018.2,
2011-08-28,14.4,7.3,20.9,,,,4.4,,1020.6,
2011-08-29,15.0,8.9,20.2,,,293,7.1,,1017.7,
2011-08-30,15.9,10.8,21.1,,,327,6.7,,1015.4,
2011-08-31,16.2,9.5,23.7,,,315,5.2,,1013.0,
2011-09-01,18.4,13.6,24.4,,,,5.1,,1013.7,
2011-09-02,20.0,14.5,27.0,,,,4.5,,1014.0,
2011-09-03,20.8,13.5,28.3,,,325,6.1,,1012.4,
2011-09-04,19.3,17.6,22.0,,,225,5.3,,1012.4,
2011-09-05,17.2,15.1,19.2,,,246,9.6,,1018.1,
2011-09-06,15.0,8.4,21.8,,,,6.5,,1023.4,
2011-09-07,16.3,12.6,19.5,,,248,11.5,,1017.6,
2011-09-08,17.1,13.3,22.2,,,,10.4,,1015.7,
2011-09-09,19.9,16.3,25.4,,,232,6.8,,1014.7,
2011-09-10,20.2,13.4,29.0,,,,4.6,,1013.3,
2011-09-11,20.5,15.5,27.0,,,174,9.6,,1013.3,
2011-09-12,18.3,13.7,24.1,,,237,7.3,,1017.4,
2011-09-13,19.2,14.2,25.1,,,211,9.0,,1016.9,
2011-09-14,16.6,12.4,18.5,,,144,6.8,,1018.7,
2011-09-15,14.7,10.3,20.2,,,356,7.4,,1020.1,
2011-09-16,15.7,7.3,24.0,,,,4.0,,1017.7,
2011-09-17,17.8,14.2,21.4,,,225,7.3,,1014.6,
2011-09-18,12.1,9.4,17.3,,,217,9.7,,1010.2,
2011-09-19,10.3,8.3,13.0,,,171,6.7,,1014.9,
2011-09-20,12.4,9.8,17.0,,,28,7.8,,1024.4,
2011-09-21,12.1,5.7,19.4,,,,3.3,,1022.1,
2011-09-22,13.2,8.2,20.3,,,333,3.6,,1021.1,
2011-09-23,14.0,8.8,20.2,,,359,4.9,,1018.6,
2011-09-24,13.9,7.1,22.0,,,,2.7,,1016.9,
2011-09-25,15.2,9.9,22.2,,,,3.0,,1020.0,
2011-09-26,15.4,10.7,22.9,,,358,3.4,,1024.7,
2011-09-27,15.4,10.0,23.3,,,358,5.4,,1028.1,
2011-09-28,16.1,8.6,23.6,,,11,7.3,,1027.4,
2011-09-29,13.6,8.9,17.3,,,,6.3,,1027.6,
2011-09-30,14.0,10.0,18.1,,,321,5.6,,1027.0,
2011-10-01,13.6,9.9,19.9,,,325,3.7,,1027.0,
2011-10-02,14.0,10.5,19.1,,,350,3.7,,1026.2,
2011-10-03,14.9,10.0,22.7,,,338,3.1,,1024.6,
2011-10-04,14.5,9.1,22.4,,,,5.0,,,
2011-10-05,14.3,10.0,20.4,,,,4.2,,1024.4,
2011-10-06,15.1,10.2,20.0,,,213,11.3,,1017.7,
2011-10-07,8.7,6.0,13.3,,,243,12.9,,1017.3,
2011-10-08,7.4,6.4,8.5,,,238,11.5,,1019.4,
2011-10-09,8.2,5.7,11.8,,,231,5.5,,1023.2,
2011-10-10,12.4,9.1,16.4,,,180,9.2,,1024.0,
2011-10-11,14.5,12.3,18.8,,,240,9.6,,1024.3,
2011-10-12,12.8,10.0,14.1,,,,10.1,,,
2011-10-13,12.5,10.5,15.6,,,212,6.8,,1025.8,
2011-10-14,9.3,6.3,13.0,,,20,15.8,,1028.7,
2011-10-15,4.9,2.5,7.1,,,4,9.9,,1028.9,
2011-10-16,7.1,4.9,9.3,,,341,4.4,,1027.3,
2011-10-17,9.7,6.9,13.3,,,187,6.9,,1025.1,
2011-10-18,10.1,2.8,17.7,,,177,7.6,,1019.2,
2011-10-19,8.5,3.3,13.8,,,235,9.8,,1017.9,
2011-10-20,5.1,0.6,9.1,,,142,4.3,,1026.7,
2011-10-21,3.6,-1.1,8.8,,,359,10.7,,1027.9,
2011-10-22,2.6,-1.4,6.8,,,339,6.0,,1025.0,
2011-10-23,3.8,1.8,7.4,,,,5.4,,1020.4,
2011-10-25,8.0,4.2,10.5,,,329,7.5,,1005.1,
2011-10-26,9.2,4.7,14.0,,,,5.2,,1014.9,
2011-10-27,7.7,3.4,11.4,,,347,7.3,,1016.9,
2011-10-28,6.5,2.4,13.5,,,,4.4,,1025.2,
2011-10-29,6.3,2.0,12.5,,,,3.1,,1027.1,
2011-10-30,8.9,5.4,15.0,,,331,3.3,,1024.4,
2011-10-31,7.5,4.8,9.5,,,343,4.2,,1021.3,
2011-11-01,8.8,7.1,10.4,,,49,4.0,,1019.3,
2011-11-02,7.7,3.8,11.0,,,,5.2,,1017.1,
2011-11-03,8.0,4.9,10.4,,,349,6.9,,1009.3,
2011-11-04,9.1,5.8,12.1,,,326,7.4,,1005.4,
2011-11-05,9.7,6.3,14.1,,,,6.3,,1005.7,
2011-11-06,10.4,7.0,17.0,,,331,9.4,,1009.1,
2011-11-07,9.1,5.0,11.0,,,,3.2,,1015.1,
2011-11-08,8.9,7.7,9.6,,,40,7.7,,1017.6,
2011-11-09,7.4,1.7,11.7,,,316,5.2,,1021.8,
2011-11-11,5.7,4.7,6.5,,,,8.1,,1024.0,
2011-11-12,6.7,2.8,10.6,,,289,6.8,,1031.3,
2011-11-13,6.4,5.7,7.4,,,,5.1,,1032.3,
2011-11-14,4.9,3.6,5.6,,,,4.1,,1027.5,
2011-11-15,2.6,1.7,3.5,,,39,7.8,,1022.3,
2011-11-16,2.1,-2.8,6.1,,,,4.1,,1022.9,
2011-11-17,2.4,-3.3,10.4,,,280,4.1,,1026.7,
2011-11-18,0.0,-4.1,7.0,,,327,4.2,,1026.8,
2011-11-19,0.0,-4.3,2.5,,,,5.5,,1024.7,
2011-11-20,2.4,-0.8,5.2,,,335,3.9,,1023.8,
2011-11-21,2.3,-0.3,6.7,,,342,4.7,,1020.9,
2011-11-22,1.1,-0.7,3.0,,,,2.8,,1021.4,
2011-11-23,1.8,1.2,3.1,,,69,7.3,,1027.9,
2011-11-24,0.9,0.4,1.6,,,48,10.9,,1034.5,
2011-11-25,1.4,-1.5,4.3,,,200,7.6,,1032.6,
2011-11-26,1.4,-2.9,6.5,,,321,3.7,,1034.6,
2011-11-27,3.3,0.6,8.5,,,177,7.9,,1029.8,
2011-11-28,5.1,1.6,8.9,,,12,6.2,,1028.0,
2011-11-29,3.2,-1.1,8.4,,,139,7.7,,1024.8,
2011-11-30,5.6,0.8,11.2,,,94,6.2,,1028.4,
2011-12-01,6.3,3.2,10.4,,,136,7.3,,1023.8,
2011-12-02,6.5,1.1,12.1,,,235,9.7,,1016.9,
2011-12-03,6.4,4.9,8.0,,,231,12.0,,1018.1,
2011-12-04,9.4,5.9,11.6,,,230,23.5,,1010.2,
2011-12-05,5.9,2.8,10.9,,,241,19.3,,1010.0,
2011-12-06,4.1,2.2,5.3,,,235,19.3,,1014.6,
2011-12-07,6.0,3.6,7.7,,,242,29.6,,1014.9,
2011-12-08,5.5,3.0,7.7,,,218,11.9,,1025.5,
2011-12-09,8.5,5.4,11.5,,,222,20.4,,1017.1,
2011-12-10,7.6,5.7,9.3,,,291,10.1,,1016.3,
2011-12-11,5.3,4.0,6.4,,,340,5.8,,1018.0,
2011-12-12,4.6,2.4,7.3,,,190,10.8,,1015.3,
2011-12-13,3.9,-0.6,7.5,,,180,12.4,,1014.1,
2011-12-14,6.8,3.7,10.4,,,219,17.2,,1011.0,
2011-12-15,4.3,0.3,6.2,,,213,17.4,,1013.8,
2011-12-16,5.9,2.2,9.4,,,221,24.3,,,
2011-12-17,1.8,0.7,2.8,,,250,13.5,,1006.9,
2011-12-18,0.9,-0.2,1.7,,,237,8.4,,1014.5,
2011-12-19,-1.0,-3.4,0.3,,,217,7.8,,1021.6,
2011-12-20,-0.5,-4.8,1.9,,,203,11.1,,1016.9,
2011-12-21,1.7,1.3,2.0,,,205,7.1,,1022.1,
2011-12-22,3.3,0.6,6.3,,,154,6.8,,1026.5,
2011-12-23,6.0,5.3,6.9,,,166,6.5,,1025.8,
2011-12-24,4.0,1.7,6.4,,,242,13.6,,1028.3,
2011-12-25,1.0,-2.9,4.2,,,160,6.5,,1038.8,
2011-12-26,-0.2,-3.4,5.1,,,,3.2,,1040.9,
2011-12-27,-1.9,-4.5,-0.1,,,,2.9,,1039.2,
2011-12-28,-0.3,-1.6,2.2,,,166,5.9,,1032.6,
2011-12-29,2.5,-1.3,4.7,,,224,11.6,,1028.3,
2011-12-30,2.0,0.4,4.3,,,232,15.6,,1019.7,
2011-12-31,3.8,0.7,7.6,,,195,13.8,,1018.8,
2012-01-01,8.7,5.4,11.2,,,194,15.0,,1020.0,
2012-01-02,6.4,4.3,9.8,,,200,12.3,,1016.8,
2012-01-03,4.9,1.4,8.5,,,207,14.9,,1025.1,
2012-01-04,5.3,3.3,8.0,,,244,20.1,,1022.6,
2012-01-05,4.2,2.1,6.2,,,241,30.3,,1009.3,
2012-01-06,2.4,1.1,3.6,,,261,15.3,,1019.7,
2012-01-07,2.4,-0.2,4.4,,,225,15.6,,1026.0,
2012-01-08,4.0,2.9,5.0,,,246,11.5,,1025.2,
2012-01-09,3.7,2.1,5.3,,,218,7.4,,1032.1,
2012-01-10,3.8,-1.4,7.0,,,149,4.0,,1035.8,
2012-01-11,2.2,0.7,2.8,,,115,4.7,,1037.0,
2012-01-12,1.2,0.6,2.8,,,,7.2,,1032.5,
2012-01-13,1.9,-3.0,5.1,,,206,7.1,,1029.9,
2012-01-14,-2.2,-6.1,3.5,,,6,7.3,,1028.8,
2012-01-15,-2.1,-5.6,2.2,,,1,10.4,,1024.8,
2012-01-16,-2.5,-6.7,1.3,,,,11.2,,1025.8,
2012-01-17,-3.8,-7.8,2.1,,,,2.7,,1032.3,
2012-01-18,-2.7,-7.8,4.3,,,298,4.7,,1034.6,
2012-01-19,5.4,-2.2,9.5,,,234,19.8,,1028.0,
2012-01-20,4.7,2.2,7.7,,,251,24.7,,1020.4,
2012-01-21,5.5,3.3,8.3,,,235,25.0,,1018.3,
2012-01-22,6.8,4.7,8.1,,,249,19.1,,1016.7,
2012-01-23,5.9,4.7,6.9,,,245,14.9,,1019.4,
2012-01-24,2.9,0.4,5.2,,,218,8.4,,1022.4,
2012-01-25,2.3,1.1,3.5,,,95,5.1,,1022.7,
2012-01-26,1.4,0.6,2.3,,,2,5.3,,1020.6,
2012-01-27,2.7,1.6,4.3,,,326,5.6,,1023.8,
2012-01-28,1.4,0.3,2.5,,,0,8.3,,1026.5,
2012-01-29,0.2,-0.5,1.2,,,27,15.2,,1023.5,
2012-01-30,-0.6,-1.2,0.3,,,,4.6,,1024.6,
2012-01-31,-1.8,-4.5,-0.7,,,14,11.7,,1019.8,
2012-02-01,-5.1,-6.1,-4.2,,,31,16.0,,1021.4,
2012-02-02,-8.1,-9.0,-5.7,,,22,14.8,,1023.3,
2012-02-03,-11.7,-17.8,-8.6,,,37,12.3,,1031.6,
2012-02-04,-13.0,-19.1,-7.5,,,32,12.5,,1035.9,
2012-02-05,-12.5,-16.2,-8.2,,,32,11.4,,1033.3,
2012-02-06,-13.0,-17.9,-8.7,,,28,10.9,,1034.0,
2012-02-07,-11.6,-14.7,-8.8,,,29,17.4,,1032.1,
2012-02-08,-8.7,-12.1,-6.4,,,43,16.4,,1033.1,
2012-02-09,-9.5,-15.4,-4.6,,,353,6.5,,1034.6,
2012-02-10,-8.5,-11.8,-5.6,,,36,15.5,,1033.8,
2012-02-11,-9.2,-10.1,-8.5,,,43,21.8,,1029.5,
2012-02-12,-11.3,-15.8,-7.0,,,,10.1,,1031.3,
2012-02-13,-10.6,-18.3,-5.0,,,174,4.0,,1028.4,
2012-02-14,-2.6,-5.6,-0.2,,,191,6.7,,1020.1,
2012-02-15,1.0,-0.5,2.1,,,242,16.8,,1017.9,
2012-02-16,1.1,-3.4,3.5,,,269,5.8,,1025.5,
2012-02-17,0.9,-2.2,4.6,,,168,6.3,,1028.2,
2012-02-18,2.1,0.0,6.7,,,159,6.1,,1022.6,
2012-02-19,2.3,-0.2,3.8,,,,7.8,,1021.2,
2012-02-20,-0.1,-3.6,2.8,,,,14.1,,1032.8,
2012-02-21,-2.1,-6.8,4.0,,,5,5.1,,1034.2,
2012-02-22,-1.0,-5.8,5.7,,,,4.9,,1032.5,
2012-02-23,2.2,-3.2,6.0,,,175,6.9,,1030.0,
2012-02-24,6.7,0.3,14.3,,,173,5.7,,1029.7,
2012-02-25,5.7,3.7,8.2,,,250,5.0,,1026.2,
2012-02-26,5.0,2.2,6.3,,,,9.2,,1025.2,
2012-02-27,3.1,-2.6,9.0,,,,4.6,,1028.3,
2012-02-28,3.2,-4.0,11.1,,,180,4.3,,1027.6,
2012-02-29,6.4,-1.7,14.7,,,18,8.2,,1025.4,
2012-03-01,7.7,4.3,13.9,,,41,6.7,,1024.6,
2012-03-02,7.4,-1.6,18.3,,,141,2.9,,1025.7,
2012-03-03,7.7,-0.9,16.5,,,294,5.8,,1023.9,
2012-03-04,6.8,3.3,10.9,,,323,5.4,,1021.5,
2012-03-05,3.6,2.1,4.7,,,253,11.3,,1022.1,
2012-03-06,2.6,-3.5,7.8,,,62,11.2,,1024.9,
2012-03-07,3.7,-2.8,9.0,,,220,8.8,,1025.0,
2012-03-08,4.3,2.2,6.9,,,275,7.9,,1027.2,
2012-03-09,2.1,-2.5,8.5,,,,8.6,,1037.7,
2012-03-10,2.4,-5.2,10.6,,,,5.8,,,
2012-03-11,3.9,-2.4,9.0,,,30,6.8,,1034.0,
2012-03-12,7.7,2.4,13.6,,,334,4.6,,1031.4,
2012-03-13,8.4,1.1,15.3,,,23,8.7,,1030.5,
2012-03-14,6.3,-0.2,16.0,,,343,6.2,,1030.1,
2012-03-15,7.4,-2.0,18.7,,,328,3.1,,1029.2,
2012-03-16,9.7,-3.4,21.0,,,,5.0,,1025.3,
2012-03-17,9.5,-0.2,18.4,,,,7.9,,1020.7,
2012-03-18,5.8,2.5,12.8,,,248,9.5,,1019.7,
2012-03-19,5.1,3.8,5.9,,,,5.5,,1028.1,
2012-03-20,6.9,2.7,12.7,,,,6.2,,1033.8,
2012-03-21,7.4,-1.8,15.8,,,,7.6,,1033.1,
2012-03-22,9.3,0.3,18.0,,,9,6.9,,1028.2,
2012-03-23,9.7,0.9,18.8,,,348,3.3,,1025.3,
2012-03-24,9.9,2.5,19.0,,,,4.8,,1025.0,
2012-03-25,10.7,1.3,17.8,,,25,13.4,,1027.7,
2012-03-26,11.0,1.8,19.0,,,28,12.1,,1030.3,
2012-03-27,9.8,0.4,17.7,,,22,11.2,,,
2012-03-28,11.2,3.7,19.6,,,16,7.6,,1027.5,
2012-03-29,11.3,3.8,20.2,,,,6.8,,1022.3,
2012-03-30,11.3,6.6,14.9,,,284,6.7,,1019.2,
2012-03-31,10.1,2.0,18.0,,,,10.2,,1013.4,
2012-04-01,7.7,1.9,11.7,,,42,14.7,,1014.9,
2012-04-02,7.8,-1.2,17.6,,,338,5.9,,1010.3,
2012-04-03,11.1,3.9,17.8,,,197,8.9,,1005.1,
2012-04-04,10.3,8.8,11.8,,,328,6.4,,1007.7,
2012-04-05,9.1,8.0,10.1,,,341,11.6,,1010.3,
2012-04-06,9.3,7.6,12.3,,,350,6.1,,1010.0,
2012-04-07,8.2,5.5,11.0,,,18,6.0,,1005.9,
2012-04-08,2.7,0.1,5.4,,,7,9.8,,1014.0,
2012-04-09,4.3,-2.0,10.2,,,171,7.5,,1012.6,
2012-04-10,11.2,4.0,20.3,,,161,9.5,,,
2012-04-11,6.7,4.4,9.4,,,215,10.5,,1002.6,
2012-04-12,6.0,1.7,9.2,,,176,7.6,,1005.0,
2012-04-13,7.8,5.3,11.4,,,71,7.8,,1004.5,
2012-04-14,7.9,3.9,9.8,,,16,12.5,,1000.1,
2012-04-15,7.8,6.1,8.9,,,14,17.5,,1001.7,
2012-04-16,5.7,4.7,6.5,,,10,12.5,,1014.2,
2012-04-17,6.2,1.7,10.8,,,335,7.3,,1012.9,
2012-04-18,6.8,3.9,10.7,,,165,12.2,,1000.3,
2012-04-19,7.1,-0.6,13.2,,,242,7.8,,994.8,
2012-04-20,7.2,3.4,9.6,,,220,8.0,,1000.3,
2012-04-21,9.0,3.8,15.4,,,206,14.5,,1004.6,
2012-04-22,6.8,5.2,10.0,,,241,15.2,,1011.1,
2012-04-23,8.1,5.0,12.8,,,210,6.0,,1007.1,
2012-04-24,7.7,6.2,10.8,,,236,14.8,,1001.5,
2012-04-25,9.4,3.1,15.2,,,299,7.1,,1006.1,
2012-04-26,13.5,3.5,23.2,,,225,6.1,,1007.6,
2012-04-27,14.7,5.0,23.2,,,,6.6,,1014.6,
2012-04-28,18.9,7.4,29.3,,,190,14.2,,1010.8,
2012-04-29,21.2,11.2,25.0,,,216,20.3,,1005.5,
2012-04-30,15.0,7.8,22.6,,,8,11.6,,1012.2,
2012-05-01,13.8,8.7,18.2,,,286,7.8,,1016.1,
2012-05-02,13.5,7.7,17.5,,,242,12.2,,1014.5,
2012-05-03,13.8,8.3,20.5,,,278,6.3,,1013.2,
2012-05-04,14.5,5.7,22.0,,,,4.4,,1007.1,
2012-05-05,12.6,9.1,16.0,,,222,10.6,,,
2012-05-06,11.0,8.6,14.3,,,179,7.6,,1010.8,
2012-05-07,12.1,6.5,17.0,,,237,5.5,,1017.1,
2012-05-08,12.9,4.8,20.1,,,263,6.2,,1016.6,
2012-05-09,14.7,12.4,19.8,,,,5.1,,1018.4,
2012-05-10,18.0,10.5,26.8,,,330,4.4,,1021.9,
2012-05-11,21.1,11.8,30.0,,,193,7.1,,1022.3,
2012-05-12,13.1,9.3,19.2,,,36,9.0,,1028.3,
2012-05-13,9.9,5.7,13.8,,,22,16.0,,1027.3,
2012-05-14,9.6,1.9,16.2,,,13,8.4,,1019.7,
2012-05-15,9.2,3.6,15.0,,,258,15.0,,1013.3,
2012-05-16,7.0,5.0,11.2,,,265,13.0,,1022.4,
2012-05-17,9.1,0.4,15.8,,,41,12.6,,1021.2,
2012-05-18,12.7,7.4,17.7,,,195,6.4,,1012.0,
2012-05-19,15.9,9.7,21.9,,,,7.0,,1010.8,
2012-05-20,17.0,8.9,24.1,,,226,6.5,,1004.5,
2012-05-21,15.6,12.8,20.9,,,278,7.7,,999.1,
2012-05-22,15.8,11.7,20.4,,,248,8.1,,1006.3,
2012-05-23,15.9,13.9,19.5,,,238,5.1,,1019.0,
2012-05-24,18.0,13.1,24.0,,,8,7.4,,1021.7,
2012-05-25,18.2,12.7,22.8,,,21,18.5,,1018.6,
2012-05-26,17.1,9.0,22.8,,,,15.2,,1017.1,
2012-05-27,15.1,7.8,22.3,,,1,10.0,,1017.1,
2012-05-28,17.0,11.4,23.3,,,,4.4,,1015.5,
2012-05-29,18.5,13.6,25.0,,,,5.0,,1014.5,
2012-05-30,18.5,11.2,25.5,,,,6.4,,1017.1,
2012-05-31,18.2,13.1,23.6,,,201,9.4,,1018.7,
2012-06-01,17.6,15.0,20.5,,,273,11.7,,1017.6,
2012-06-02,19.0,12.7,25.5,,,344,5.5,,1013.9,
2012-06-03,16.1,13.3,19.2,,,254,8.5,,1010.9,
2012-06-04,13.9,12.3,16.6,,,210,10.8,,1013.4,
2012-06-05,12.5,8.2,16.5,,,344,6.5,,1017.3,
2012-06-06,14.5,10.9,19.1,,,226,8.6,,1011.6,
2012-06-07,18.3,13.1,25.3,,,35,7.6,,1007.3,
2012-06-08,15.9,13.6,17.1,,,203,10.5,,1011.8,
2012-06-09,15.3,13.3,19.2,,,216,7.7,,1015.9,
2012-06-10,13.8,11.4,17.5,,,,5.8,,1012.1,
2012-06-11,15.3,12.8,18.5,,,237,8.7,,1005.5,
2012-06-12,12.4,11.7,13.4,,,240,7.9,,1005.9,
2012-06-13,13.1,11.2,16.1,,,231,9.9,,,
2012-06-14,14.5,7.8,20.6,,,60,4.8,,1018.2,
2012-06-15,18.1,8.9,26.4,,,298,5.1,,1016.9,
2012-06-16,22.2,14.6,29.3,,,195,7.8,,1016.4,
2012-06-17,19.9,13.4,25.8,,,358,8.6,,1020.2,
2012-06-18,22.1,15.0,29.8,,,291,8.2,,1015.9,
2012-06-19,21.5,16.4,26.7,,,321,6.7,,1015.9,
2012-06-20,20.2,18.4,22.8,,,249,6.9,,1014.1,
2012-06-21,19.9,15.0,27.3,,,295,6.4,,1011.5,
2012-06-22,17.5,14.4,21.6,,,286,9.9,,1020.2,
2012-06-23,18.1,12.8,22.8,,,320,4.3,,1023.3,
2012-06-24,17.7,9.9,24.0,,,279,7.5,,1019.4,
2012-06-25,17.6,15.2,20.6,,,262,12.3,,1017.8,
2012-06-26,17.0,11.3,21.0,,,268,7.5,,1021.8,
2012-06-27,21.1,16.5,26.8,,,198,5.8,,1019.6,
2012-06-28,21.7,14.4,29.5,,,299,4.5,,1012.3,
2012-06-29,24.4,17.0,32.4,,,299,7.2,,1009.9,
2012-06-30,23.7,18.8,30.5,,,343,7.3,,1011.0,
2012-07-01,17.9,15.7,19.6,,,350,8.4,,1017.4,
2012-07-02,17.1,14.2,19.8,,,346,9.4,,1017.4,
2012-07-03,17.8,15.8,21.5,,,283,6.1,,1017.6,
2012-07-04,19.1,14.0,24.0,,,313,5.2,,1013.8,
2012-07-05,19.8,14.6,26.0,,,278,5.1,,1010.8,
2012-07-06,17.5,16.2,18.9,,,294,5.2,,1013.0,
2012-07-07,19.7,15.4,25.7,,,303,4.9,,1013.4,
2012-07-08,18.9,15.1,23.7,,,293,8.6,,1011.3,
2012-07-09,20.0,16.2,24.1,,,334,5.5,,1014.5,
2012-07-10,19.1,15.5,24.9,,,104,4.8,,1014.4,
2012-07-11,17.6,15.1,20.0,,,256,9.0,,1016.2,
2012-07-12,15.7,13.9,18.3,,,263,9.7,,1018.7,
2012-07-13,16.8,13.0,22.2,,,234,7.2,,1011.6,
2012-07-14,18.7,16.1,21.5,,,,16.7,,1009.6,
2012-07-15,14.9,12.1,18.1,,,255,10.6,,1017.5,
2012-07-16,15.1,10.6,20.0,,,247,7.8,,1026.6,
2012-07-17,18.0,13.0,22.6,,,253,13.4,,1025.8,
2012-07-18,19.8,12.4,26.6,,,243,6.4,,1020.0,
2012-07-19,19.5,15.9,23.5,,,254,11.9,,1013.4,
2012-07-20,16.7,13.7,20.1,,,310,6.4,,1015.8,
2012-07-21,14.7,12.3,17.1,,,183,6.7,,1020.1,
2012-07-22,15.0,9.8,20.3,,,19,13.0,,1024.8,
2012-07-23,16.9,10.2,22.8,,,,18.5,,1022.3,
2012-07-24,19.2,12.0,26.8,,,343,5.4,,1016.6,
2012-07-25,21.4,15.1,28.2,,,151,5.2,,1014.8,
2012-07-26,22.4,13.5,30.5,,,,5.6,,1016.0,
2012-07-27,23.8,14.9,32.6,,,72,5.3,,1012.7,
2012-07-28,21.0,17.4,25.4,,,179,7.3,,1011.1,
2012-07-29,17.9,15.4,19.0,,,234,6.9,,1014.8,
2012-07-30,17.5,12.1,23.0,,,269,6.6,,1018.8,
2012-07-31,18.9,13.4,24.9,,,319,4.6,,1018.5,
2012-08-01,21.1,12.9,29.8,,,,4.3,,1014.0,
2012-08-02,21.5,16.0,26.0,,,286,8.2,,1014.6,
2012-08-03,20.7,17.6,25.0,,,282,4.7,,1016.5,
2012-08-04,20.7,14.8,27.0,,,349,5.3,,1014.0,
2012-08-05,20.6,17.9,24.8,,,264,8.5,,1010.9,
2012-08-06,16.8,14.1,20.0,,,239,8.7,,1015.9,
2012-08-07,17.0,11.6,21.8,,,227,8.2,,1023.0,
2012-08-08,18.5,12.9,24.4,,,353,6.8,,1023.1,
2012-08-09,18.5,11.9,25.0,,,328,6.1,,1022.9,
2012-08-10,19.3,12.1,25.2,,,,6.1,,1021.8,
2012-08-11,18.6,12.4,24.0,,,20,13.0,,1019.0,
2012-08-12,18.2,10.5,25.2,,,316,6.6,,1014.0,
2012-08-13,20.0,14.9,26.0,,,,5.6,,1013.1,
2012-08-14,20.8,14.4,26.4,,,338,5.2,,1012.9,
2012-08-15,23.0,14.7,32.0,,,302,5.0,,,
2012-08-16,19.1,16.4,22.1,,,13,5.9,,1018.5,
2012-08-17,19.4,12.5,26.4,,,,4.7,,,
2012-08-18,21.2,13.4,30.0,,,315,4.7,,,
2012-08-19,22.9,15.0,32.4,,,0,3.5,,1019.6,
2012-08-20,24.6,18.2,33.0,,,184,7.5,,1019.6,
2012-08-21,23.2,17.5,30.8,,,,3.4,,1017.8,
2012-08-22,23.6,18.7,27.9,,,228,7.3,,1016.1,
2012-08-23,21.6,17.9,27.3,,,15,7.2,,1014.1,
2012-08-24,19.6,17.1,23.0,,,53,8.0,,1011.1,
2012-08-25,20.0,15.3,24.9,,,239,10.1,,1011.8,
2012-08-26,16.6,13.4,20.5,,,255,11.9,,1018.4,
2012-08-27,15.9,8.1,23.3,,,14,8.9,,1021.3,
2012-08-28,17.8,10.6,25.5,,,277,5.7,,1019.2,
2012-08-29,19.6,12.8,27.1,,,,5.1,,,
2012-08-30,17.0,14.2,19.7,,,220,7.7,,1018.9,
2012-08-31,13.1,11.2,14.8,,,187,8.1,,1020.5,
2012-09-01,12.5,10.8,14.1,,,38,9.5,,1021.4,
2012-09-02,15.7,13.6,18.8,,,29,9.8,,1022.3,
2012-09-03,17.1,14.3,19.4,,,26,11.8,,1021.1,
2012-09-04,19.7,17.3,22.9,,,27,13.9,,1017.7,
2012-09-05,18.7,15.5,22.5,,,31,7.2,,1018.0,
2012-09-06,16.9,13.4,20.3,,,17,10.8,,1023.5,
2012-09-07,15.2,8.3,22.7,,,333,3.4,,1025.0,
2012-09-08,15.8,9.9,24.5,,,,4.5,,1022.0,
2012-09-09,17.3,9.9,26.6,,,,3.3,,1017.8,
2012-09-10,20.2,14.3,27.0,,,165,3.9,,,
2012-09-11,18.4,13.1,24.9,,,244,7.8,,1016.0,
2012-09-12,13.1,9.6,17.9,,,223,10.5,,1016.1,
2012-09-13,11.0,7.7,14.6,,,264,4.6,,1017.3,
2012-09-14,10.7,4.5,17.5,,,272,4.5,,1018.8,
2012-09-15,13.8,10.1,18.6,,,104,6.0,,1018.1,
2012-09-16,13.3,8.2,19.8,,,340,4.2,,1016.9,
2012-09-17,15.1,7.9,22.9,,,252,3.3,,1015.5,
2012-09-18,16.0,9.6,22.1,,,,5.4,,1014.0,
2012-09-19,12.3,8.2,15.6,,,209,8.1,,1019.1,
2012-09-20,9.7,4.3,16.4,,,1,7.0,,1023.8,
2012-09-21,12.2,4.4,21.1,,,255,5.9,,1018.5,
2012-09-22,15.0,11.8,16.8,,,269,9.1,,1015.4,
2012-09-23,14.2,11.5,19.3,,,353,4.7,,1013.8,
2012-09-24,15.1,12.2,18.7,,,251,9.6,,1004.6,
2012-09-25,13.9,9.3,19.7,,,202,9.6,,1004.7,
2012-09-26,12.8,7.5,19.2,,,,8.6,,1003.2,
2012-09-27,12.4,8.7,17.8,,,213,14.9,,1012.8,
2012-09-28,11.9,5.7,18.1,,,316,4.6,,1019.4,
2012-09-29,11.0,9.0,12.7,,,,3.8,,1018.6,
2012-09-30,12.0,10.4,13.4,,,,8.3,,1020.5,
2012-10-01,13.5,12.0,15.9,,,,3.6,,1018.9,
2012-10-02,13.5,9.9,18.3,,,254,4.7,,1020.0,
2012-10-03,12.3,8.1,18.1,,,198,7.2,,1018.8,
2012-10-04,13.9,10.9,16.8,,,201,9.7,,1016.0,
2012-10-05,14.1,9.8,19.4,,,226,6.9,,1018.5,
2012-10-06,15.0,8.2,21.7,,,171,9.7,,1017.4,
2012-10-07,14.2,8.2,16.5,,,248,10.7,,1017.9,
2012-10-08,9.6,5.0,13.3,,,327,5.3,,1020.6,
2012-10-09,15.1,13.4,17.6,,,221,7.8,,1012.7,
2012-10-10,13.7,12.6,15.2,,,304,5.7,,1013.3,
2012-10-11,13.1,11.7,14.7,,,13,6.7,,1011.2,
2012-10-12,12.6,8.3,14.9,,,248,7.9,,1011.8,
2012-10-13,8.9,5.7,13.1,,,330,4.7,,1014.8,
2012-10-14,9.8,6.3,12.8,,,108,5.5,,1005.0,
2012-10-15,7.5,5.8,11.0,,,,8.7,,1009.1,
2012-10-16,7.0,1.0,11.9,,,177,5.3,,1014.8,
2012-10-17,10.8,6.9,17.5,,,300,5.4,,1014.3,
2012-10-18,10.4,4.3,18.6,,,310,4.6,,1014.6,
2012-10-19,11.4,5.6,20.4,,,306,4.1,,1015.8,
2012-10-20,11.9,7.2,20.7,,,340,3.4,,1019.0,
2012-10-21,12.2,6.4,19.8,,,341,6.4,,1017.8,
2012-10-22,11.8,8.1,17.4,,,,5.8,,1020.3,
2012-10-23,9.5,8.4,10.7,,,31,12.4,,1022.9,
2012-10-24,8.5,8.2,9.1,,,359,8.8,,1020.5,
2012-10-25,8.8,8.1,10.1,,,22,5.2,,1016.2,
2012-10-26,8.9,8.2,10.0,,,25,9.7,,1006.4,
2012-10-27,4.3,0.5,8.8,,,339,12.2,,998.3,
2012-10-28,0.4,-0.7,1.3,,,18,19.4,,1011.7,
2012-10-29,0.1,-2.4,2.4,,,,4.5,,1018.1,
2012-10-30,1.9,-1.0,6.5,,,161,4.9,,1011.5,
2012-10-31,0.4,-3.1,3.7,,,333,4.5,,1004.2,
2012-11-01,7.0,3.0,11.5,,,194,7.7,,994.7,
2012-11-02,8.8,6.0,12.3,,,211,11.0,,1004.6,
2012-11-03,12.3,8.2,16.6,,,195,12.4,,1005.8,
2012-11-04,11.3,7.8,16.3,,,201,8.9,,1003.9,
2012-11-05,7.5,5.6,10.3,,,229,12.7,,1007.7,
2012-11-06,4.6,0.2,7.0,,,235,6.3,,1020.1,
2012-11-07,3.6,-0.3,8.1,,,211,6.7,,1030.8,
2012-11-08,3.5,-1.5,9.1,,,149,4.6,,1025.3,
2012-11-09,5.1,-0.8,12.0,,,,6.0,,,
2012-11-10,8.8,7.3,11.0,,,,5.2,,1008.4,
2012-11-11,9.3,8.6,10.1,,,265,5.3,,1012.0,
2012-11-12,8.2,7.8,8.9,,,,6.6,,,
2012-11-13,7.1,6.7,7.6,,,14,13.2,,1030.6,
2012-11-14,6.2,1.4,8.6,,,23,7.0,,1027.7,
2012-11-15,4.6,1.6,5.8,,,289,3.4,,1024.0,
2012-11-16,4.1,3.0,4.9,,,248,5.0,,1020.8,
2012-11-17,4.8,2.6,7.0,,,192,6.0,,1016.5,
2012-11-18,4.9,2.3,7.6,,,254,5.4,,1015.5,
2012-11-19,4.3,3.5,5.6,,,9,4.1,,1018.4,
2012-11-20,3.7,2.7,4.7,,,42,4.5,,1020.9,
2012-11-21,2.9,1.8,4.7,,,,3.8,,1021.3,
2012-11-22,6.2,3.9,8.4,,,,5.7,,1024.5,
2012-11-23,6.9,3.0,10.5,,,151,6.5,,1022.6,
2012-11-24,7.1,4.3,10.7,,,311,5.7,,1020.3,
2012-11-25,9.6,5.8,13.5,,,201,9.8,,1018.1,
2012-11-26,8.6,7.6,9.6,,,312,5.3,,1011.4,
2012-11-27,6.2,5.5,7.3,,,256,5.7,,1007.1,
2012-11-28,5.3,3.4,6.7,,,346,11.5,,1000.1,
2012-11-29,1.4,0.5,3.4,,,221,4.1,,1001.8,
2012-11-30,0.7,-0.9,2.3,,,36,8.3,,1009.0,
2012-12-01,-1.7,-3.8,-0.9,,,351,7.8,,1015.5,
2012-12-02,-1.0,-3.6,0.4,,,212,7.1,,1017.1,
2012-12-03,-0.6,-4.5,2.5,,,192,10.6,,1019.2,
2012-12-04,3.6,1.2,6.1,,,220,16.4,,1006.5,
2012-12-05,1.7,0.7,3.0,,,210,8.4,,1006.6,
2012-12-06,-0.2,-3.9,1.4,,,245,10.8,,1016.3,
2012-12-07,-2.7,-5.6,0.0,,,122,7.1,,1010.3,
2012-12-08,-1.5,-3.1,-0.1,,,342,9.1,,1018.5,
2012-12-09,-3.9,-12.1,-0.4,,,198,10.6,,1026.4,
2012-12-10,1.1,-0.4,2.3,,,243,14.1,,1015.5,
2012-12-11,-1.6,-3.5,1.2,,,234,7.5,,1023.3,
2012-12-12,-6.4,-11.1,-2.4,,,348,5.8,,1025.7,
2012-12-13,-7.2,-10.4,-3.5,,,347,5.0,,1018.3,
2012-12-14,-1.0,-3.3,1.1,,,304,5.0,,1009.0,
2012-12-15,3.6,0.9,6.5,,,180,9.0,,1008.9,
2012-12-16,6.1,3.7,7.5,,,214,13.2,,1012.7,
2012-12-17,5.8,4.1,6.9,,,223,17.1,,1011.3,
2012-12-18,3.0,0.7,4.9,,,193,8.0,,1016.7,
2012-12-19,2.9,-1.9,5.8,,,65,5.9,,1023.7,
2012-12-20,-0.4,-3.2,2.3,,,167,4.6,,1018.4,
2012-12-21,5.3,2.6,8.6,,,209,10.2,,1015.0,
2012-12-22,4.4,2.5,5.7,,,175,8.6,,1020.4,
2012-12-23,9.7,5.5,12.4,,,214,18.4,,1017.6,
2012-12-24,6.1,2.2,11.3,,,139,9.1,,1015.0,
2012-12-25,8.8,2.1,15.0,,,205,14.8,,,
2012-12-26,7.3,6.1,9.4,,,223,17.3,,,
2012-12-27,6.9,5.7,8.9,,,223,21.1,,1015.2,
2012-12-28,5.8,4.2,6.8,,,218,13.9,,1028.1,
2012-12-29,3.2,-0.2,8.2,,,27,4.5,,1023.9,
2012-12-30,6.7,4.1,9.0,,,235,15.4,,1024.3,
2012-12-31,2.7,-1.9,7.5,,,152,7.7,,1023.7,
2013-01-01,3.0,-3.5,6.6,,,195,12.0,,1014.2,
2013-01-02,2.5,-2.6,5.3,,,214,4.7,,1026.5,
2013-01-03,1.0,-3.1,3.7,,,170,5.1,,1038.9,
2013-01-04,5.5,3.8,7.3,,,174,4.7,,1038.9,
2013-01-05,6.6,5.7,7.5,,,232,7.0,,1034.8,
2013-01-06,4.6,2.0,5.4,,,241,6.9,,1033.2,
2013-01-07,3.7,2.5,5.2,,,41,7.0,,1030.8,
2013-01-08,2.7,-1.6,5.2,,,226,7.2,,1028.6,
2013-01-09,0.0,-0.8,1.3,,,239,5.1,,1024.4,
2013-01-10,1.9,0.2,3.3,,,220,7.5,,1017.1,
2013-01-11,2.3,0.8,3.4,,,204,4.2,,1016.0,
2013-01-12,1.6,-0.6,4.5,,,199,4.8,,1017.2,
2013-01-13,0.5,-0.3,1.7,,,9,7.9,,1013.9,
2013-01-14,-0.1,-1.0,0.6,,,312,6.8,,1013.5,
2013-01-15,-1.0,-3.7,0.7,,,177,6.8,,1008.4,
2013-01-16,-2.7,-4.3,-0.3,,,301,9.0,,1008.9,
2013-01-17,-4.1,-5.1,-2.8,,,273,4.8,,1013.8,
2013-01-18,-7.5,-12.6,-3.0,,,347,5.3,,1010.4,
2013-01-19,-3.6,-5.6,-1.6,,,8,8.2,,997.2,
2013-01-20,-1.4,-2.2,0.1,,,1,9.0,,993.8,
2013-01-21,-0.2,-1.6,1.3,,,181,7.2,,999.8,
2013-01-22,0.6,-5.6,2.4,,,291,6.6,,1005.2,
2013-01-23,-3.7,-6.7,-0.3,,,321,6.3,,1008.1,
2013-01-24,-1.6,-3.7,-0.4,,,18,9.2,,1010.5,
2013-01-25,-1.9,-3.3,-0.9,,,355,9.7,,1017.6,
2013-01-26,-3.3,-5.0,-0.2,,,294,6.0,,1015.7,
2013-01-27,-0.5,-4.9,3.2,,,153,7.0,,1014.1,
2013-01-28,1.8,-0.6,4.4,,,172,5.6,,1018.7,
2013-01-29,4.7,1.4,6.6,,,212,17.5,,1022.7,
2013-01-30,10.2,6.7,12.9,,,229,23.4,,1019.7,
2013-01-31,7.6,1.9,10.5,,,227,19.5,,1023.4,
2013-02-01,7.8,6.4,9.5,,,223,18.5,,1009.1,
2013-02-02,4.3,0.4,9.8,,,300,14.4,,1002.1,
2013-02-03,0.8,-0.5,3.2,,,252,11.5,,1021.6,
2013-02-04,2.7,0.1,5.8,,,220,20.3,,1020.7,
2013-02-05,4.9,0.6,7.9,,,236,21.0,,1009.6,
2013-02-06,0.6,-0.9,1.3,,,221,12.0,,1002.1,
2013-02-07,-0.2,-2.6,1.3,,,241,10.3,,1012.2,
2013-02-08,-0.6,-1.5,0.6,,,228,9.0,,1015.1,
2013-02-09,-2.8,-4.6,-1.0,,,239,5.9,,1019.2,
2013-02-10,-5.0,-8.5,-2.7,,,54,6.9,,1014.9,
2013-02-11,-3.3,-5.2,-1.3,,,352,7.2,,1002.8,
2013-02-12,-2.9,-4.0,-2.2,,,,5.8,,,
2013-02-13,-3.1,-8.0,-1.2,,,3,8.9,,1022.7,
2013-02-14,-6.4,-13.1,-1.2,,,70,3.3,,1024.6,
2013-02-15,1.2,-1.8,2.8,,,194,8.2,,1020.2,
2013-02-16,1.2,-2.5,3.2,,,341,6.1,,1024.9,
2013-02-18,1.2,-3.5,4.1,,,45,9.7,,1020.3,
2013-02-19,0.2,-5.1,5.4,,,164,7.1,,1019.2,
2013-02-20,0.6,-1.1,1.7,,,37,12.1,,1018.6,
2013-02-21,-2.2,-3.2,-1.3,,,52,19.9,,1016.3,
2013-02-22,-4.2,-5.6,-3.4,,,44,21.7,,1010.3,
2013-02-23,-4.4,-5.7,-2.8,,,17,10.5,,1009.6,
2013-02-24,-3.8,-5.7,-1.5,,,334,5.5,,1013.4,
2013-02-25,-4.4,-8.9,0.8,,,352,5.4,,1020.1,
2013-02-26,-1.7,-6.0,1.1,,,28,7.3,,1026.1,
2013-02-27,1.1,-0.4,2.9,,,,4.9,,1027.0,
2013-02-28,1.7,-1.6,3.3,,,358,5.6,,1025.2,
2013-03-01,0.4,-3.0,2.3,,,47,9.8,,1023.0,
2013-03-02,0.3,-0.1,0.7,,,47,12.8,,1023.6,
2013-03-03,0.5,-1.5,3.1,,,32,8.8,,1022.7,
2013-03-04,-0.1,-5.4,6.5,,,26,5.4,,1020.1,
2013-03-05,1.7,-6.0,10.3,,,318,3.5,,1013.3,
2013-03-06,5.5,-1.9,13.9,,,310,4.8,,1003.6,
2013-03-07,7.8,-0.7,13.7,,,178,4.9,,1001.7,
2013-03-08,7.0,-1.0,12.8,,,262,8.6,,1001.7,
2013-03-09,9.5,5.2,13.8,,,206,6.7,,1004.0,
2013-03-10,8.3,5.7,13.2,,,234,7.6,,1001.1,
2013-03-11,5.4,0.9,9.8,,,173,4.2,,1000.2,
2013-03-12,4.8,1.4,9.9,,,284,8.5,,997.8,
2013-03-13,0.9,-1.5,3.4,,,298,11.8,,1002.6,
2013-03-14,-2.8,-7.6,0.4,,,8,8.2,,1011.1,
2013-03-15,-2.9,-7.7,1.5,,,,6.5,,1017.4,
2013-03-16,0.0,-6.5,6.0,,,8,7.2,,1015.5,
2013-03-17,3.2,-0.9,6.1,,,333,7.0,,1003.6,
2013-03-18,4.0,2.9,5.3,,,269,8.5,,996.3,
2013-03-19,5.0,1.5,9.4,,,223,16.1,,1002.5,
2013-03-20,4.0,-0.8,9.6,,,247,10.4,,1007.0,
2013-03-21,4.8,-0.2,9.0,,,252,8.6,,1017.3,
2013-03-22,6.4,1.2,12.2,,,18,13.8,,1012.2,
2013-03-23,3.7,0.7,7.2,,,22,14.1,,1010.5,
2013-03-24,1.4,-0.3,3.3,,,34,16.9,,1008.7,
2013-03-25,0.0,-1.0,1.5,,,11,13.2,,1007.9,
2013-03-26,-1.6,-2.4,-0.3,,,19,12.2,,1008.4,
2013-03-27,-0.5,-3.0,4.1,,,31,9.3,,1008.7,
2013-03-28,1.0,-2.4,3.9,,,310,6.2,,1008.0,
2013-03-29,1.8,-0.5,4.1,,,153,5.4,,1008.8,
2013-03-30,2.4,0.5,4.2,,,300,4.6,,1004.0,
2013-03-31,1.7,0.4,3.5,,,345,10.2,,1008.2,
2013-04-01,2.5,-0.6,6.9,,,53,17.1,,1006.5,
2013-04-02,1.7,-1.2,3.8,,,19,12.7,,1006.6,
2013-04-03,3.3,1.4,5.2,,,25,14.1,,1010.0,
2013-04-04,4.5,-0.7,9.0,,,24,13.8,,1006.8,
2013-04-05,3.1,1.4,4.3,,,21,9.8,,1005.8,
2013-04-06,4.6,1.8,7.3,,,26,10.0,,1014.3,
2013-04-07,4.1,2.5,7.2,,,39,14.6,,1018.3,
2013-04-08,3.1,-1.1,7.8,,,16,6.7,,1008.7,
2013-04-09,6.4,3.9,9.6,,,201,11.0,,1006.0,
2013-04-10,9.4,6.0,12.2,,,229,17.9,,,
2013-04-11,11.2,7.3,17.0,,,203,11.6,,1007.4,
2013-04-12,9.9,7.6,14.9,,,237,18.1,,1009.4,
2013-04-13,10.4,6.9,15.5,,,248,10.9,,1020.7,
2013-04-14,13.6,6.3,22.3,,,10,4.3,,1024.8,
2013-04-15,15.2,5.8,24.6,,,231,7.2,,1021.2,
2013-04-16,16.8,12.7,22.0,,,242,7.1,,,
2013-04-17,17.1,9.3,24.1,,,356,4.6,,1021.9,
2013-04-18,17.1,10.6,23.5,,,217,11.8,,1019.0,
2013-04-19,8.7,3.8,12.2,,,87,7.8,,1024.4,
2013-04-20,4.2,0.8,7.7,,,22,9.4,,1022.5,
2013-04-21,8.2,6.7,9.9,,,231,6.9,,1018.5,
2013-04-22,9.7,7.9,12.0,,,226,4.4,,1017.9,
2013-04-23,10.9,5.4,15.9,,,196,3.5,,1022.6,
2013-04-24,13.1,3.9,21.4,,,270,5.2,,1026.5,
2013-04-25,15.5,6.9,23.9,,,24,4.6,,1024.1,
2013-04-26,15.3,8.9,22.9,,,207,8.3,,1013.1,
2013-04-27,10.6,6.6,14.7,,,311,12.0,,1004.8,
2013-04-28,8.4,5.3,11.8,,,353,8.3,,1013.5,
2013-04-29,10.2,8.2,12.2,,,329,6.2,,1018.0,
2013-04-30,11.3,9.2,13.2,,,4,7.9,,1017.6,
2013-05-01,14.0,10.6,19.9,,,7,12.9,,1017.3,
2013-05-02,15.1,11.5,21.3,,,10,7.5,,,
2013-05-03,12.3,9.8,14.2,4.4,,247,7.6,,1015.0,
2013-05-04,11.9,9.9,14.6,3.5,,211,8.7,,1019.4,
2013-05-05,13.7,6.7,20.5,0.0,,29,12.9,,1020.8,
2013-05-06,14.4,8.6,19.4,0.3,,331,8.3,,1016.9,
2013-05-07,15.5,12.2,20.6,0.1,,218,8.2,,1015.4,
2013-05-08,16.0,7.3,23.0,0.0,,,4.7,,1014.0,
2013-05-09,16.2,14.2,19.6,11.9,,244,5.7,,1015.2,
2013-05-10,12.5,10.2,14.4,24.2,,248,8.6,,1016.8,
2013-05-11,10.7,8.7,13.6,1.2,,233,7.2,,1018.0,
2013-05-12,10.2,8.6,13.0,0.1,,238,12.8,,1019.0,
2013-05-13,11.1,5.9,16.3,0.0,,224,9.3,,1020.3,
2013-05-14,15.0,10.6,21.0,0.0,,220,6.7,,1011.8,
2013-05-15,14.5,9.4,20.0,0.0,,298,7.5,,1002.2,
2013-05-16,12.8,10.8,16.4,0.0,,310,9.5,,997.3,
2013-05-17,11.1,9.1,13.9,3.2,,262,9.4,,1001.2,
2013-05-18,14.7,9.3,21.2,0.0,,74,11.4,,1006.8,
2013-05-19,11.5,8.6,16.5,2.4,,260,11.5,,1009.2,
2013-05-20,11.4,8.7,17.0,0.0,,244,15.4,,1013.6,
2013-05-21,10.2,7.4,12.0,6.5,,232,9.3,,1013.6,
2013-05-22,9.9,8.4,10.5,2.7,,254,11.2,,1012.6,
2013-05-23,8.4,6.1,13.0,1.1,,255,9.6,,1011.2,
2013-05-24,5.5,4.0,8.0,,,271,7.6,,1012.4,
2013-05-25,6.4,2.9,11.0,1.3,,330,7.1,,1013.2,
2013-05-26,8.0,5.7,11.3,0.1,,248,14.4,,1016.4,
2013-05-27,11.4,7.0,17.5,0.8,,195,6.5,,1013.0,
2013-05-28,12.4,7.3,21.1,14.1,,331,9.6,,1005.0,
2013-05-29,8.7,6.0,12.2,6.5,,225,12.5,,1005.9,
2013-05-30,9.9,7.4,14.0,0.8,,203,8.1,,1008.0,
2013-05-31,9.1,8.3,10.0,33.1,,225,12.6,,1008.3,
2013-06-01,12.1,10.2,13.1,24.9,,261,13.2,,1012.6,
2013-06-02,13.2,11.2,15.6,0.0,,275,8.8,,1019.5,
2013-06-03,10.0,6.0,14.7,0.0,,15,14.2,,1023.6,
2013-06-04,12.3,4.2,19.6,0.0,,39,13.2,,1019.3,
2013-06-05,16.1,7.5,23.0,0.0,,31,11.3,,1016.0,
2013-06-06,17.5,9.7,23.8,0.0,,19,10.4,,1017.4,
2013-06-07,17.3,9.6,24.5,0.0,,352,8.0,,1017.7,
2013-06-08,19.3,10.4,26.0,0.0,,13,7.4,,1013.5,
2013-06-09,17.6,14.6,21.8,0.6,,307,9.8,,1009.1,
2013-06-10,14.3,12.4,17.9,13.3,,241,13.3,,1011.7,
2013-06-11,15.5,13.2,18.6,2.0,,246,5.7,,1017.3,
2013-06-12,16.5,9.1,23.8,0.0,,323,3.8,,1020.5,
2013-06-13,20.0,11.1,28.3,0.0,,288,7.2,,1017.2,
2013-06-14,15.3,12.7,17.9,3.4,,37,10.8,,1020.2,
2013-06-15,18.2,11.1,25.1,0.6,,284,7.4,,1016.0,
2013-06-16,21.3,15.6,27.8,0.5,,109,4.8,,1015.5,
2013-06-17,24.8,16.0,33.5,0.0,,31,6.3,,1011.6,
2013-06-18,26.1,19.0,33.8,0.0,,58,10.5,,1012.4,
2013-06-19,23.9,15.7,31.4,0.0,,324,4.2,,1011.0,
2013-06-20,20.4,15.2,25.0,1.4,,278,8.9,,1012.3,
2013-06-21,18.5,14.9,22.5,2.0,,258,7.1,,1016.4,
2013-06-22,18.3,15.2,23.1,7.1,,227,6.1,,1017.7,
2013-06-23,15.3,13.4,16.7,0.3,,247,9.3,,1017.8,
2013-06-24,13.3,11.5,16.7,6.2,,248,10.2,,1021.5,
2013-06-25,13.1,11.0,15.7,0.3,,306,9.7,,1025.2,
2013-06-26,13.5,9.3,16.9,0.0,,350,8.0,,1027.3,
2013-06-27,12.2,9.4,15.5,0.0,,278,9.7,,1024.8,
2013-06-28,13.7,9.4,18.7,0.0,,240,7.4,,1021.9,
2013-06-29,12.9,9.5,15.4,7.6,,194,8.9,,1021.8,
2013-06-30,16.3,12.8,20.9,0.1,,336,6.0,,1022.9,
2013-07-01,17.6,11.3,23.9,0.0,,340,6.3,,1018.7,
2013-07-02,19.2,12.5,27.0,0.0,,219,7.9,,1015.8,
2013-07-03,16.8,15.9,18.0,27.0,,206,7.5,,1014.4,
2013-07-04,18.3,16.0,21.8,0.6,,267,8.6,,1020.8,
2013-07-05,19.0,15.6,23.8,0.0,,22,7.7,,1026.4,
2013-07-06,20.6,13.6,26.1,0.0,,25,13.4,,1024.9,
2013-07-07,21.0,14.3,26.5,0.0,,29,14.8,,1024.3,
2013-07-08,21.9,15.2,26.7,0.0,,32,16.1,,1023.7,
2013-07-09,21.6,15.1,26.7,0.0,,21,10.8,,1020.2,
2013-07-10,22.0,16.0,27.4,0.0,,30,8.3,,1015.9,
2013-07-11,20.3,15.9,24.8,0.0,,32,15.1,,1015.6,
2013-07-12,18.3,11.3,24.3,0.0,,15,10.6,,1018.3,
2013-07-13,18.9,11.4,25.5,0.0,,347,7.2,,1018.7,
2013-07-14,20.3,12.0,26.9,0.0,,10,8.9,,1019.8,
2013-07-15,20.8,13.9,26.8,0.0,,342,7.0,,1020.5,
2013-07-16,20.6,11.9,28.0,0.0,,6,10.6,,1020.5,
2013-07-17,20.7,14.3,27.0,0.0,,324,6.7,,1019.8,
2013-07-18,22.6,17.9,28.8,0.1,,83,12.6,,1018.0,
2013-07-19,21.4,13.3,29.1,0.0,,81,9.2,,1017.7,
2013-07-20,22.7,15.3,29.7,0.0,,77,7.5,,1016.5,
2013-07-21,23.0,14.6,30.1,0.0,,31,8.3,,1017.1,
2013-07-22,23.7,15.8,31.7,12.0,,52,5.2,,1015.9,
2013-07-23,23.1,16.4,30.6,0.1,,172,8.0,,1013.6,
2013-07-24,21.1,16.2,26.1,0.0,,260,7.3,,1015.7,
2013-07-25,23.1,14.9,30.0,0.0,,280,6.8,,1016.2,
2013-07-26,25.2,17.2,33.5,0.0,,347,5.1,,1013.9,
2013-07-27,26.9,18.7,35.3,0.0,,85,5.2,,1009.4,
2013-07-28,24.5,19.3,33.5,,,328,11.0,,,
2013-07-29,17.5,15.8,19.3,48.1,,188,11.3,,1018.0,
2013-07-30,18.7,14.7,23.4,,,222,8.6,,1022.4,
2013-07-31,21.3,15.6,27.5,0.0,,260,6.0,,1020.6,
2013-08-01,22.3,13.6,31.2,0.0,,343,4.1,,1016.7,
2013-08-02,24.6,16.8,33.8,0.0,,288,3.5,,1015.0,
2013-08-03,24.1,18.6,29.8,0.0,,0,5.5,,1017.2,
2013-08-04,21.1,17.2,26.0,2.5,,330,5.9,,1020.4,
2013-08-05,23.4,16.9,31.3,0.0,,347,5.2,,1016.3,
2013-08-06,23.6,18.3,30.0,,,171,8.9,,,
2013-08-07,20.2,17.5,25.0,1.3,,299,9.6,,1012.1,
2013-08-08,18.2,17.0,19.6,10.5,,10,4.9,,1016.0,
2013-08-09,17.4,14.5,18.7,1.7,,293,7.3,,1021.1,
2013-08-10,17.5,10.3,24.7,0.0,,245,6.7,,1021.4,
2013-08-11,18.9,14.1,23.7,0.0,,310,7.5,,1019.4,
2013-08-12,20.1,14.9,25.2,0.0,,,5.2,,1016.6,
2013-08-13,18.8,15.4,22.0,0.0,,289,11.4,,1018.4,
2013-08-14,17.1,12.3,22.2,,,356,10.5,,,
2013-08-15,17.5,9.9,23.8,0.0,,5,9.7,,1021.8,
2013-08-16,18.7,10.3,27.8,0.0,,302,5.6,,1018.7,
2013-08-17,21.7,14.9,28.5,0.0,,216,8.1,,1016.5,
2013-08-18,21.7,14.5,29.4,0.0,,213,7.7,,1016.1,
2013-08-19,19.0,14.4,22.6,26.8,,172,9.3,,1017.9,
2013-08-20,16.7,11.6,21.2,0.0,,25,12.0,,1026.0,
2013-08-21,16.7,10.4,23.0,0.0,,22,11.4,,1023.4,
2013-08-22,17.7,11.1,24.5,,,15,9.6,,,
2013-08-23,18.5,11.3,26.2,0.0,,348,6.2,,1015.6,
2013-08-25,16.0,13.8,19.9,0.2,,260,9.8,,1012.2,
2013-08-26,15.6,10.5,21.3,0.0,,22,5.4,,1012.2,
2013-08-27,14.7,10.7,19.0,9.6,,333,7.2,,1013.4,
2013-08-28,15.7,14.3,18.6,3.2,,254,5.5,,1017.5,
2013-08-29,16.0,10.2,22.2,0.0,,15,8.6,,1020.8,
2013-08-30,16.4,8.9,23.9,0.0,,323,4.0,,1020.6,
2013-08-31,17.9,12.8,23.7,0.3,,300,6.7,,1021.6,
2013-09-01,17.1,12.1,22.4,0.1,,348,8.6,,1024.3,
2013-09-02,15.0,9.0,23.0,0.0,,313,5.8,,1027.2,
2013-09-03,16.6,7.0,26.2,0.0,,12,7.8,,1026.5,
2013-09-04,19.6,12.4,27.4,0.0,,348,6.2,,1022.1,
2013-09-05,19.8,11.3,28.9,0.0,,342,3.5,,1016.1,
2013-09-06,20.7,13.7,29.0,0.0,,,5.1,,1012.0,
2013-09-07,20.9,16.2,27.4,,,274,7.3,,,
2013-09-08,17.0,14.6,19.2,27.4,,212,7.6,,1018.5,
2013-09-09,15.0,12.4,18.8,3.4,,221,7.9,,1020.8,
2013-09-10,13.7,11.4,15.9,1.9,,221,12.8,,1017.5,
2013-09-11,11.5,7.4,13.8,0.3,,239,10.0,,1018.8,
2013-09-12,12.1,11.0,13.8,7.4,,240,11.7,,1018.9,
2013-09-13,13.8,10.7,18.6,0.1,,,6.6,,1022.3,
2013-09-14,15.6,11.8,19.7,0.3,,192,6.7,,1017.9,
2013-09-15,15.7,13.8,19.8,11.8,,209,8.4,,1012.0,
2013-09-16,12.3,10.3,13.6,10.7,,228,11.3,,1008.7,
2013-09-17,10.5,6.6,12.9,5.7,,236,14.6,,1009.8,
2013-09-18,14.3,9.5,19.2,11.2,,235,22.8,,1004.5,
2013-09-19,12.7,9.8,15.0,5.1,,233,8.1,,1014.3,
2013-09-20,13.4,10.5,17.2,0.0,,247,8.0,,1019.1,
2013-09-21,13.1,7.2,19.0,0.0,,344,5.3,,1025.8,
2013-09-22,11.9,6.4,19.9,0.1,,333,3.3,,1028.2,
2013-09-23,12.8,6.4,20.2,0.0,,10,7.5,,1025.0,
2013-09-24,12.5,7.9,21.1,0.1,,305,3.8,,1018.2,
2013-09-25,15.6,10.1,22.4,0.3,,254,5.7,,1013.6,
2013-09-26,17.5,15.0,21.5,0.6,,172,6.6,,1014.4,
2013-09-27,17.3,12.5,21.9,0.0,,224,4.6,,1014.3,
2013-09-28,16.1,14.6,17.9,0.0,,37,8.7,,1010.8,
2013-09-29,13.8,12.3,15.3,0.3,,29,11.2,,1006.5,
2013-09-30,12.2,11.0,13.8,0.0,,23,6.0,,1007.2,
2013-10-01,12.5,10.8,14.9,0.0,,356,6.2,,1010.9,
2013-10-02,11.1,8.7,14.2,0.0,,24,11.7,,1016.9,
2013-10-03,9.5,6.0,12.9,0.0,,351,8.9,,1020.4,
2013-10-04,13.9,9.7,18.7,10.5,,332,5.0,,1019.9,
2013-10-05,15.9,13.9,19.8,12.6,,211,11.0,,1017.4,
2013-10-06,13.8,12.1,16.3,7.6,,234,7.7,,1023.0,
2013-10-07,12.4,10.9,14.2,0.0,,30,7.9,,1024.5,
2013-10-08,13.1,11.9,14.7,0.0,,347,5.5,,1024.0,
2013-10-09,12.9,11.7,14.6,1.9,,299,7.0,,1021.4,
2013-10-10,8.0,5.0,11.5,15.0,,199,10.5,,1012.8,
2013-10-11,6.3,3.8,8.7,1.8,,171,5.6,,1014.1,
2013-10-12,6.7,4.3,11.0,0.4,,322,6.5,,1017.0,
2013-10-13,8.9,5.4,13.5,0.9,,322,4.6,,1020.4,
2013-10-14,10.9,8.4,13.9,0.9,,63,5.1,,1019.2,
2013-10-15,12.7,9.5,16.0,5.6,,212,15.1,,1013.7,
2013-10-16,11.1,8.4,13.9,10.1,,294,6.7,,1015.3,
2013-10-17,12.1,8.4,16.7,1.7,,256,8.6,,1019.5,
2013-10-18,9.4,3.7,15.6,0.0,,357,7.3,,1019.5,
2013-10-19,10.9,4.3,18.8,0.0,,198,4.9,,1017.6,
2013-10-20,12.7,10.0,16.2,2.1,,231,7.1,,1018.8,
2013-10-21,13.3,10.8,17.7,0.8,,309,6.2,,1019.4,
2013-10-22,12.8,9.6,19.4,0.1,,323,4.6,,1013.2,
2013-10-23,12.6,9.6,15.5,13.4,,176,6.9,,1013.3,
2013-10-24,10.7,6.9,15.4,0.2,,307,5.9,,1019.6,
2013-10-25,11.4,7.3,16.7,0.2,,13,5.5,,1018.4,
2013-10-26,12.5,7.2,20.1,0.1,,178,5.4,,1019.0,
2013-10-27,14.2,9.9,17.3,12.3,,235,11.8,,1016.3,
2013-10-28,16.0,11.6,22.5,0.2,,228,15.4,,1010.9,
2013-10-29,10.4,8.8,13.2,16.9,,221,7.9,,1018.6,
2013-10-30,8.8,4.8,12.4,0.0,,340,5.2,,1024.8,
2013-10-31,5.5,2.0,9.6,0.0,,305,6.3,,1026.2,
2013-11-01,6.2,3.0,9.4,,,309,3.6,,1021.5,
2013-11-02,11.9,6.8,16.8,6.9,,215,9.8,,1011.3,
2013-11-03,8.8,4.5,11.8,27.2,,219,15.5,,1011.9,
2013-11-04,7.8,3.7,9.9,7.9,,202,12.4,,1001.6,
2013-11-05,7.3,5.1,9.4,6.4,,247,13.4,,1002.8,
2013-11-06,11.1,8.1,13.9,14.2,,242,21.8,,1009.6,
2013-11-07,14.1,9.3,17.7,0.0,,222,14.8,,1015.1,
2013-11-08,12.2,7.3,16.9,5.0,,189,10.7,,1012.5,
2013-11-09,8.1,3.2,11.2,7.2,,232,9.2,,1015.7,
2013-11-10,6.1,3.9,8.3,11.9,,241,15.1,,1010.9,
2013-11-11,4.3,1.1,7.1,0.0,,6,9.0,,1029.1,
2013-11-12,1.9,-1.4,4.0,0.0,,335,6.4,,1028.3,
2013-11-13,2.5,-2.2,5.6,0.0,,26,10.7,,1029.9,
2013-11-14,4.4,3.5,5.5,0.0,,262,6.6,,1023.4,
2013-11-15,3.8,2.2,4.8,0.1,,33,16.7,,1022.4,
2013-11-16,4.5,3.8,5.1,0.0,,40,12.6,,1028.0,
2013-11-20,2.8,1.9,4.0,2.2,,248,5.1,,1006.8,
2013-11-21,1.8,0.4,3.2,5.7,,303,7.9,,999.5,
2013-11-22,1.1,0.3,1.8,6.9,,,3.7,,1004.3,
2013-11-23,2.4,0.9,4.8,11.4,,11,5.8,,1011.1,
2013-11-24,4.4,2.0,5.4,6.4,,2,12.3,,1017.8,
2013-11-25,1.0,-1.6,2.9,0.1,,33,11.3,,1028.6,
2013-11-26,-0.8,-3.1,1.7,0.0,,23,8.0,,1033.0,
2013-11-27,-2.1,-4.4,0.6,0.0,,31,12.4,,1033.8,
2013-11-28,-2.4,-6.0,0.1,,,351,4.7,,1034.4,
2013-11-29,1.1,-1.5,3.3,0.2,,211,7.4,,1028.7,
2013-11-30,0.3,-2.5,2.3,7.4,,316,6.8,,1022.1,
2013-12-01,0.7,-2.8,3.8,0.0,,42,8.4,,1029.0,
2013-12-02,2.8,-1.8,6.2,0.0,,55,18.3,,1029.8,
2013-12-03,-2.6,-4.3,-0.1,,,161,4.8,,,
2013-12-04,0.0,-3.9,5.7,0.0,,180,9.2,,1030.6,
2013-12-05,1.5,-2.4,4.2,0.0,,198,9.9,,1029.0,
2013-12-06,3.4,2.5,4.7,,,241,18.7,,1026.2,
2013-12-07,1.0,-3.0,6.3,,,185,7.2,,1031.4,
2013-12-08,-1.8,-6.0,4.4,0.0,,166,4.3,,1032.5,
2013-12-09,-1.6,-5.6,4.9,0.0,,306,3.9,,1035.3,
2013-12-10,-1.3,-5.5,5.7,0.0,,102,3.3,,1037.1,
2013-12-11,-2.9,-6.3,-0.8,0.0,,345,4.4,,1037.5,
2013-12-12,-2.4,-3.3,-1.5,0.0,,140,3.7,,1034.4,
2013-12-13,-2.9,-3.9,-2.0,0.0,,280,3.7,,1030.4,
2013-12-14,-1.1,-3.5,2.8,1.8,,164,8.5,,1033.7,
2013-12-15,-0.5,-2.2,1.5,0.0,,316,3.3,,1036.6,
2013-12-16,-3.2,-4.6,-1.0,0.0,,329,3.6,,1035.8,
2013-12-17,-3.0,-6.2,2.5,0.0,,331,4.4,,1032.1,
2013-12-18,-2.0,-6.1,3.0,0.0,,296,6.1,,1027.2,
2013-12-19,1.2,-3.6,6.8,6.2,,154,6.6,,1016.4,
2013-12-20,3.2,-0.3,5.0,2.0,,181,5.7,,1027.0,
2013-12-21,0.7,-1.1,3.8,0.0,,141,6.4,,1034.8,
2013-12-22,5.1,0.3,10.0,0.0,,178,11.3,,1027.1,
2013-12-23,8.1,1.3,12.2,0.0,,199,14.5,,1021.3,
2013-12-24,2.6,-2.5,11.2,0.0,,151,6.6,,1007.3,
2013-12-25,3.6,0.6,7.7,7.6,,296,8.4,,996.1,
2013-12-26,2.1,0.3,4.3,19.2,,178,8.7,,999.2,
2013-12-27,1.0,-2.9,3.8,0.0,,144,7.2,,1011.9,
2013-12-28,1.5,-2.2,5.9,5.0,,167,5.9,,1009.4,
2013-12-29,3.5,0.8,6.3,0.8,,205,8.9,,1021.7,
2013-12-30,0.0,-2.7,2.7,0.0,,318,4.7,,1029.1,
2013-12-31,-2.0,-3.1,-0.4,0.0,,333,4.6,,1022.8,
2014-01-01,1.3,-3.1,6.9,1.9,,116,6.6,,1016.8,
2014-01-02,2.2,-2.2,6.6,1.3,,170,6.5,,1011.7,
2014-01-03,3.0,-2.6,7.6,1.5,,185,8.7,,1016.2,
2014-01-04,4.6,1.7,8.2,18.0,,166,6.2,,1009.9,
2014-01-05,3.6,-1.0,6.5,2.7,,232,9.6,,1011.9,
2014-01-06,2.4,-2.7,7.9,0.0,,146,6.4,,1017.8,
2014-01-07,7.7,4.7,12.6,0.0,,166,7.3,,1020.1,
2014-01-08,7.6,3.3,12.4,0.2,,152,6.6,,1023.4,
2014-01-09,6.9,1.5,11.8,0.2,,176,10.6,,1017.8,
2014-01-10,4.4,-0.8,8.1,5.4,,196,7.8,,1021.3,
2014-01-11,3.6,0.0,6.5,0.3,,190,5.0,,1021.7,
2014-01-12,5.3,1.9,8.2,0.0,,18,6.7,,1024.1,
2014-01-13,4.8,2.9,6.1,0.5,,182,7.6,,1017.3,
2014-01-14,3.8,2.7,4.7,9.2,,189,5.6,,1009.7,
2014-01-15,1.7,-2.8,4.3,0.0,,183,5.8,,1014.5,
2014-01-16,4.1,1.3,6.4,0.6,,203,7.1,,1008.5,
2014-01-17,4.3,2.5,6.4,3.1,,267,6.2,,1007.3,
2014-01-18,2.3,1.5,3.7,0.0,,40,7.9,,1004.5,
2014-01-19,1.6,0.7,2.4,0.0,,8,4.6,,1000.6,
2014-01-20,3.5,1.5,5.2,0.0,,246,6.7,,1004.2,
2014-01-21,3.9,3.0,4.7,0.2,,233,7.1,,1012.9,
2014-01-22,3.5,1.8,5.1,0.0,,0,5.8,,1013.5,
2014-01-23,1.3,-3.6,4.7,0.6,,190,6.9,,1017.5,
2014-01-24,1.4,-2.7,3.6,4.4,,240,9.6,,1017.1,
2014-01-25,-0.8,-3.7,1.6,0.0,,209,5.7,,1020.3,
2014-01-26,3.6,0.7,5.5,1.6,,229,15.5,,1013.2,
2014-01-27,2.5,-0.4,5.2,7.7,,207,10.7,,1002.3,
2014-01-28,1.2,-2.6,5.5,0.0,,76,5.1,,1002.3,
2014-01-29,-1.0,-5.4,2.0,0.0,,9,9.0,,1001.1,
2014-01-30,-1.4,-5.3,0.4,0.8,,6,5.8,,1006.8,
2014-01-31,-0.5,-3.8,5.1,0.0,,350,3.7,,1010.7,
2014-02-01,0.1,-4.9,6.6,1.1,,277,5.3,,1008.7,
2014-02-02,2.8,1.2,4.6,3.8,,,3.4,,1014.9,
2014-02-03,3.1,2.3,3.9,0.0,,30,8.4,,1012.4,
2014-02-04,2.2,-1.6,4.9,0.0,,349,4.4,,1012.9,
2014-02-05,2.1,-0.8,4.9,0.5,,219,8.2,,1006.1,
2014-02-06,5.8,2.7,10.6,0.0,,188,9.4,,1009.9,
2014-02-07,3.2,-2.2,6.4,4.4,,206,13.5,,1006.7,
2014-02-08,2.4,-3.0,5.5,0.0,,188,6.4,,1004.5,
2014-02-09,4.5,0.9,6.6,1.4,,220,17.2,,1003.6,
2014-02-10,3.9,-1.5,8.7,1.4,,303,8.6,,996.4,
2014-02-11,3.8,-1.2,7.6,,,215,10.0,,1008.3,
2014-02-12,3.1,-1.1,8.3,0.0,,177,7.5,,1012.0,
2014-02-13,4.4,0.9,6.9,16.4,,207,16.7,,1005.2,
2014-02-14,3.5,0.6,6.2,0.0,,170,8.6,,1011.5,
2014-02-15,5.2,0.0,12.6,7.2,,273,10.6,,1007.8,
2014-02-16,4.4,1.9,6.8,3.4,,201,6.4,,1016.5,
2014-02-17,3.5,0.0,9.6,,,293,3.9,,1017.4,
2014-02-18,1.8,-2.7,7.5,0.0,,328,4.4,,1018.0,
2014-02-19,4.9,2.2,7.7,0.0,,165,6.8,,1017.5,
2014-02-20,5.7,1.2,11.1,0.0,,175,6.3,,1016.0,
2014-02-21,5.0,2.7,6.3,7.5,,176,9.8,,1013.6,
2014-02-22,4.2,-0.3,9.3,3.0,,212,9.9,,1019.2,
2014-02-23,5.1,0.6,9.6,0.4,,69,6.2,,1023.3,
2014-02-24,2.6,-3.4,11.8,0.0,,340,3.9,,1019.5,
2014-02-25,4.2,-3.1,11.8,0.0,,176,5.2,,1017.0,
2014-02-26,5.2,2.1,9.5,4.8,,294,8.6,,1017.1,
2014-02-27,4.6,2.5,7.8,14.2,,210,7.8,,1019.9,
2014-02-28,5.9,3.9,10.3,0.3,,229,12.2,,1006.9,
2014-03-01,3.9,1.8,6.3,2.8,,183,6.6,,1003.7,
2014-03-02,3.4,0.3,5.6,0.3,,38,4.8,,1004.6,
2014-03-03,3.0,-0.7,6.2,0.8,,166,8.1,,997.2,
2014-03-04,2.7,1.1,3.8,3.0,,219,5.9,,1003.9,
2014-03-05,4.9,1.7,9.6,0.5,,51,7.4,,1017.9,
2014-03-06,4.8,-1.1,10.7,0.0,,21,11.2,,1027.2,
2014-03-07,4.8,-1.3,12.1,,,247,5.3,,,
2014-03-08,6.7,-2.2,14.9,,,23,12.2,,,
2014-03-09,6.6,-0.7,15.7,,,349,5.2,,,
2014-03-10,6.6,-0.8,13.9,,,6,7.7,,,
2014-03-11,7.0,0.4,12.9,0.0,,14,12.6,,1025.3,
2014-03-12,6.6,-1.1,14.8,0.0,,352,4.7,,1029.4,
2014-03-13,7.4,-0.7,16.2,,,84,3.2,,,
2014-03-14,8.0,-0.6,17.3,,,,3.8,,,
2014-03-15,7.5,2.0,12.4,0.0,,229,11.3,,1024.6,
2014-03-16,10.4,6.6,16.4,0.0,,246,12.1,,1024.6,
2014-03-17,10.5,2.8,19.1,0.0,,204,7.7,,1022.6,
2014-03-18,11.5,2.0,20.2,0.0,,218,8.9,,1018.5,
2014-03-19,10.4,3.9,13.9,0.0,,274,10.8,,1026.4,
2014-03-20,10.2,1.7,20.4,0.0,,237,6.9,,1021.0,
2014-03-21,12.1,4.2,20.0,0.0,,206,11.8,,1015.1,
2014-03-22,8.6,5.3,13.1,10.7,,221,11.2,,1009.4,
2014-03-23,3.3,0.5,5.4,7.9,,185,7.1,,1009.8,
2014-03-24,3.4,1.0,7.2,0.0,,203,8.5,,1013.6,
2014-03-25,3.1,-1.1,8.2,0.0,,1,7.7,,1010.9,
2014-03-26,3.0,-0.8,6.8,0.0,,22,9.2,,1011.2,
2014-03-27,4.7,-3.2,12.6,0.0,,353,5.1,,1010.9,
2014-03-28,8.0,0.1,15.5,0.0,,,4.8,,1015.1,
2014-03-29,8.8,-0.5,17.8,0.0,,2,5.8,,1018.5,
2014-03-30,10.2,0.3,20.4,,,,3.8,,,
2014-03-31,11.3,3.2,19.5,,,,5.8,,,
2014-04-01,12.0,4.6,20.0,,,,5.1,,,
2014-04-02,13.0,4.3,20.9,0.0,,117,5.4,,1009.0,
2014-04-03,12.2,5.8,18.6,0.0,,327,4.6,,1005.3,
2014-04-04,11.0,6.1,17.2,0.0,,324,4.1,,1006.3,
2014-04-05,10.9,7.5,12.5,2.9,,231,5.2,,1014.4,
2014-04-06,12.5,9.8,17.7,0.9,,9,3.6,,1019.9,
2014-04-07,12.8,3.8,20.3,0.0,,214,5.3,,1018.5,
2014-04-08,12.2,9.3,14.6,15.3,,238,13.0,,1019.6,
2014-04-09,9.7,3.0,14.8,0.0,,282,6.1,,1025.9,
2014-04-10,9.4,0.8,17.9,0.0,,20,6.6,,1022.5,
2014-04-11,12.2,3.1,20.5,0.0,,9,7.1,,1016.5,
2014-04-12,14.3,8.7,21.0,0.0,,302,8.0,,1015.5,
2014-04-13,13.4,9.5,18.4,0.0,,288,7.4,,1018.5,
2014-04-14,10.2,3.3,16.5,,,296,13.6,,,
2014-04-15,7.4,3.9,11.0,0.0,,25,11.8,,1023.7,
2014-04-16,7.1,0.1,12.4,0.0,,31,18.0,,1026.9,
2014-04-17,8.2,0.0,15.1,0.0,,24,10.7,,1022.1,
2014-04-18,5.7,2.5,10.1,6.5,,158,7.9,,1014.3,
2014-04-19,5.4,1.9,9.0,0.1,,15,11.9,,1011.2,
2014-04-20,9.3,3.3,16.0,0.0,,61,6.9,,1006.3,
2014-04-21,10.4,6.1,14.4,1.6,,244,6.7,,1005.0,
2014-04-22,12.5,4.0,18.9,0.0,,300,5.3,,1011.6,
2014-04-23,14.2,6.6,22.0,,,51,8.6,,,
2014-04-24,15.4,7.1,22.1,,,78,8.4,,,
2014-04-25,14.2,6.4,22.5,7.1,,295,9.0,,1010.5,
2014-04-26,14.4,11.6,18.7,4.3,,286,5.9,,1011.2,
2014-04-27,9.3,7.2,11.3,16.9,,199,10.3,,1010.5,
2014-04-28,8.3,7.4,9.4,9.7,,201,7.2,,1011.6,
2014-04-29,9.2,6.6,12.8,3.6,,193,5.7,,1013.9,
2014-04-30,8.9,6.8,10.3,19.5,,254,6.0,,1011.9,
2014-05-01,11.8,9.4,15.8,0.3,,228,8.6,,1012.7,
2014-05-02,11.0,9.1,14.2,3.8,,199,5.1,,1012.2,
2014-05-03,8.0,6.5,10.4,4.5,,19,13.2,,1019.2,
2014-05-04,9.0,5.7,13.8,0.0,,42,16.2,,1021.2,
2014-05-05,10.5,2.0,19.4,0.0,,338,4.3,,1017.5,
2014-05-06,13.4,4.3,20.0,,,246,11.5,,,
2014-05-07,12.8,10.9,15.5,10.7,,242,14.4,,1016.2,
2014-05-08,14.2,8.8,19.5,0.2,,213,9.8,,1017.8,
2014-05-09,15.0,12.2,18.9,3.2,,246,12.4,,1017.5,
2014-05-10,16.5,10.1,20.7,0.2,,240,10.6,,1015.4,
2014-05-11,12.2,6.2,17.7,10.4,,245,16.5,,1012.2,
2014-05-12,9.2,5.7,12.2,1.6,,247,14.3,,1016.5,
2014-05-13,8.4,6.7,12.0,3.7,,232,9.8,,1018.7,
2014-05-14,8.5,6.8,11.0,8.0,,217,8.7,,1027.3,
2014-05-15,8.4,5.4,11.9,8.7,,43,9.5,,1030.1,
2014-05-16,11.0,5.0,16.0,0.3,,49,16.1,,1026.6,
2014-05-17,11.6,6.5,16.9,0.0,,15,13.1,,1020.3,
2014-05-18,12.7,3.8,20.5,0.0,,347,4.6,,1014.3,
2014-05-19,16.1,8.9,24.0,0.0,,153,7.9,,1009.2,
2014-05-20,17.0,6.7,24.7,0.0,,66,4.8,,1012.1,
2014-05-21,18.2,8.5,26.8,0.0,,71,5.6,,1011.6,
2014-05-22,18.1,12.6,27.1,0.0,,300,10.1,,1008.8,
2014-05-23,14.6,9.2,19.6,20.9,,195,8.7,,1011.9,
2014-05-24,14.6,10.2,19.6,0.3,,269,8.9,,1015.8,
2014-05-25,16.8,9.4,22.8,0.0,,10,10.5,,1016.8,
2014-05-26,15.8,12.5,19.0,0.0,,264,7.8,,1014.4,
2014-05-27,13.5,11.6,16.3,0.2,,238,13.2,,1013.3,
2014-05-28,14.3,10.3,18.5,0.0,,283,6.9,,1013.4,
2014-05-29,14.6,8.6,20.4,0.0,,330,7.8,,1014.5,
2014-05-30,12.8,10.2,16.0,1.1,,8,7.7,,1018.6,
2014-05-31,12.1,4.5,19.3,0.0,,22,11.4,,1020.0,
2014-06-01,14.0,5.7,21.5,0.0,,336,6.6,,1019.0,
2014-06-02,15.1,10.4,20.1,0.2,,352,7.3,,1017.5,
2014-06-03,14.8,7.6,21.0,,,326,6.7,,,
2014-06-04,14.1,9.5,19.4,5.4,,228,7.1,,1011.1,
2014-06-05,14.8,9.7,19.6,0.3,,288,6.4,,1015.4,
2014-06-06,17.3,6.9,27.0,0.0,,333,4.9,,1016.4,
2014-06-07,21.0,11.1,30.0,0.0,,20,3.8,,1016.1,
2014-06-08,22.8,12.7,32.0,0.0,,343,3.8,,1017.6,
2014-06-09,24.5,14.6,33.8,0.0,,100,7.9,,1016.5,
2014-06-10,25.3,17.5,32.2,0.0,,310,7.3,,1016.8,
2014-06-11,22.9,14.8,29.0,0.0,,28,8.2,,1021.4,
2014-06-13,20.0,13.2,26.1,0.0,,348,7.0,,1018.4,
2014-06-14,17.7,12.6,22.3,0.0,,23,14.1,,1016.1,
2014-06-15,17.7,11.9,22.1,0.0,,31,20.2,,1016.2,
2014-06-16,17.9,10.2,23.0,0.0,,26,15.1,,1016.2,
2014-06-17,17.8,12.3,22.6,0.0,,26,17.8,,1015.8,
2014-06-18,18.0,9.4,24.0,0.3,,27,14.2,,1016.3,
2014-06-19,17.8,10.4,24.4,0.0,,292,7.6,,1016.9,
2014-06-20,17.8,11.6,23.9,0.0,,346,8.5,,1016.2,
2014-06-21,18.1,9.9,24.6,0.0,,346,9.2,,1016.4,
2014-06-22,19.6,9.8,27.6,0.0,,298,9.4,,1017.3,
2014-06-23,18.2,12.1,25.7,1.1,,341,8.2,,1018.1,
2014-06-24,17.6,14.3,22.4,22.0,,45,11.3,,1015.7,
2014-06-25,17.0,11.4,21.6,0.0,,32,7.4,,1011.2,
2014-06-26,16.8,7.7,23.0,0.0,,327,8.5,,1013.4,
2014-06-27,18.7,10.4,24.9,0.0,,318,5.5,,1015.3,
2014-06-28,19.4,15.5,24.4,2.1,,73,7.9,,1012.6,
2014-06-29,15.0,12.7,16.1,30.6,,222,11.2,,1011.8,
2014-06-30,14.5,11.3,19.3,0.2,,257,9.5,,1017.0,
2014-07-01,15.7,6.7,22.7,0.0,,40,7.0,,1017.3,
2014-07-02,14.6,11.7,17.6,10.7,,59,5.1,,1020.5,
2014-07-03,17.1,9.0,25.6,0.0,,17,4.5,,1024.0,
2014-07-04,18.9,11.1,24.5,0.0,,330,6.5,,1013.1,
2014-07-05,18.3,15.3,22.2,4.0,,228,9.4,,1013.1,
2014-07-06,20.7,13.6,28.9,1.5,,326,8.3,,1011.5,
2014-07-07,18.9,16.0,23.7,4.9,,355,9.2,,1014.2,
2014-07-08,14.8,12.5,16.8,5.8,,236,13.6,,1012.4,
2014-07-09,12.7,10.7,14.3,4.3,,237,11.4,,1012.7,
2014-07-10,11.8,10.0,13.7,3.5,,214,12.5,,1011.7,
2014-07-11,15.6,13.3,18.4,13.6,,224,8.7,,1013.5,
2014-07-13,17.3,14.6,20.8,2.6,,203,7.2,,1012.9,
2014-07-14,18.4,15.5,22.9,0.0,,234,10.6,,1014.8,
2014-07-15,19.0,13.8,24.8,0.0,,317,4.8,,1020.4,
2014-07-16,19.7,11.3,27.4,0.0,,353,5.0,,1020.8,
2014-07-17,21.5,13.5,28.5,0.0,,33,5.5,,1020.2,
2014-07-18,22.1,12.0,30.8,0.0,,,5.2,,1017.8,
2014-07-19,22.4,10.8,32.1,0.0,,2,4.4,,1013.2,
2014-07-20,20.9,15.0,25.7,4.2,,310,10.0,,1010.9,
2014-07-21,17.1,14.9,20.0,16.5,,230,9.2,,1013.5,
2014-07-22,17.5,16.2,18.7,26.7,,248,6.9,,1013.5,
2014-07-23,20.5,15.6,26.0,0.0,,14,12.7,,1013.3,
2014-07-24,19.6,14.8,25.0,0.0,,349,7.5,,1011.3,
2014-07-25,20.2,13.1,26.8,0.0,,234,5.8,,1012.1,
2014-07-26,17.3,15.1,20.3,12.1,,238,7.5,,1013.9,
2014-07-27,17.6,15.5,19.9,0.8,,161,6.4,,1016.7,
2014-07-28,18.7,14.5,25.2,8.1,,29,6.4,,1011.9,
2014-07-29,16.4,14.3,19.9,6.1,,254,6.5,,1009.6,
2014-07-30,16.9,15.3,18.8,7.5,,227,7.2,,1011.1,
2014-07-31,19.8,15.6,24.9,0.0,,19,8.5,,1014.2,
2014-08-01,18.9,11.9,25.0,0.0,,14,7.0,,1011.1,
2014-08-02,19.7,15.6,25.3,1.1,,202,6.8,,1009.0,
2014-08-03,17.9,15.7,22.8,4.6,,192,6.7,,1012.7,
2014-08-04,18.4,13.5,26.0,0.0,,227,7.3,,1016.2,
2014-08-05,18.9,14.9,23.7,0.0,,263,7.7,,1018.5,
2014-08-06,17.9,11.5,23.4,0.0,,335,6.3,,1017.3,
2014-08-07,19.4,15.1,25.0,,,310,5.4,,,
2014-08-08,20.3,13.8,26.6,0.0,,288,4.7,,1013.4,
2014-08-09,20.6,17.4,24.2,2.4,,248,10.6,,1013.1,
2014-08-10,20.6,16.2,25.4,7.9,,295,8.7,,1010.8,
2014-08-11,17.0,15.0,19.2,14.6,,219,7.6,,1015.5,
2014-08-12,16.9,12.2,22.0,,,,5.6,,,
2014-08-13,15.3,13.2,19.3,1.6,,273,13.2,,1008.7,
2014-08-14,14.7,12.1,18.6,1.5,,239,7.8,,1014.9,
2014-08-15,13.1,10.2,17.4,12.7,,208,8.9,,1016.6,
2014-08-16,13.6,10.4,18.0,4.2,,215,9.4,,1021.4,
2014-08-17,14.1,6.8,21.2,0.0,,212,7.5,,1018.4,
2014-08-18,16.1,10.1,21.4,0.0,,214,9.6,,1012.6,
2014-08-19,16.1,13.0,20.2,3.0,,281,7.4,,1013.3,
2014-08-20,15.3,10.4,19.0,0.0,,326,6.5,,1016.1,
2014-08-21,15.3,9.9,20.1,0.0,,269,5.6,,1017.5,
2014-08-22,14.8,7.7,21.3,0.0,,310,5.8,,1016.1,
2014-08-23,13.6,8.1,17.5,3.0,,191,6.7,,1016.8,
2014-08-24,13.2,9.9,17.9,3.7,,251,5.8,,1020.6,
2014-08-25,12.6,6.9,17.4,0.5,,254,5.1,,1017.9,
2014-08-26,15.8,12.7,18.8,7.6,,215,11.7,,1009.5,
2014-08-27,17.0,14.1,21.1,8.5,,252,8.4,,1014.5,
2014-08-28,17.9,13.0,23.5,0.0,,353,4.7,,1017.4,
2014-08-29,17.4,13.5,23.0,1.9,,234,4.8,,1017.8,
2014-08-30,18.1,14.2,22.7,0.0,,267,5.8,,1018.9,
2014-08-31,14.2,12.1,17.8,6.0,,210,6.9,,1017.2,
2014-09-01,14.0,11.0,17.2,3.7,,354,6.5,,1019.8,
2014-09-02,14.2,8.7,18.9,0.0,,6,9.4,,1020.4,
2014-09-03,15.1,11.2,19.0,0.0,,34,16.8,,1017.6,
2014-09-04,17.3,14.2,21.7,,,,7.0,,,
2014-09-05,17.8,14.4,23.7,0.0,,29,3.8,,1014.9,
2014-09-06,18.3,12.5,24.8,0.0,,332,4.1,,1013.1,
2014-09-07,18.4,11.6,26.0,0.0,,297,4.7,,1013.7,
2014-09-08,19.2,12.1,27.0,0.0,,262,5.0,,1015.2,
2014-09-09,18.4,14.6,23.9,1.9,,69,5.5,,1016.4,
2014-09-10,17.2,13.8,21.3,0.1,,11,8.6,,1015.1,
2014-09-11,14.6,11.3,18.5,0.0,,2,10.3,,1014.9,
2014-09-12,11.6,9.2,12.9,3.3,,292,8.1,,1018.2,
2014-09-13,13.9,11.4,18.8,2.1,,141,6.3,,1020.2,
2014-09-14,15.9,11.9,21.2,0.0,,28,10.4,,1017.4,
2014-09-15,15.9,11.1,21.4,0.0,,0,4.6,,1015.4,
2014-09-16,16.3,11.2,23.1,0.1,,335,5.3,,1014.8,
2014-09-17,16.9,11.1,23.4,,,350,6.1,,,
2014-09-18,16.9,11.5,21.8,0.0,,302,4.2,,1012.3,
2014-09-19,18.3,14.4,22.7,0.8,,269,4.6,,1014.1,
2014-09-20,18.5,15.6,22.6,9.7,,221,6.6,,1015.9,
2014-09-21,15.9,13.6,19.3,33.5,,208,8.5,,1016.8,
2014-09-22,12.4,8.1,15.6,6.1,,327,6.5,,1020.3,
2014-09-23,10.2,3.7,16.9,0.0,,359,13.3,,1020.3,
2014-09-24,11.1,3.2,18.6,1.0,,286,6.3,,1015.9,
2014-09-25,12.6,8.1,17.0,2.0,,236,6.5,,1020.6,
2014-09-26,10.9,5.2,18.1,0.0,,,2.7,,1026.3,
2014-09-27,13.7,7.2,20.6,0.0,,1,8.2,,1026.9,
2014-09-28,13.8,8.3,20.9,0.0,,22,4.4,,1026.1,
2014-09-29,15.4,11.2,23.2,0.2,,,3.5,,1025.7,
2014-09-30,16.1,13.7,18.6,0.0,,153,5.4,,1026.0,
2014-10-01,16.4,14.2,20.7,3.5,,99,4.4,,1026.1,
2014-10-02,15.0,10.5,19.9,0.0,,3,9.8,,1027.1,
2014-10-03,14.4,11.3,17.0,0.0,,24,9.4,,1024.3,
2014-10-04,12.4,8.5,17.6,0.0,,335,4.9,,1018.9,
2014-10-05,14.3,11.7,19.1,3.0,,350,6.7,,1015.7,
2014-10-06,13.4,9.4,17.8,14.8,,338,4.9,,1013.0,
2014-10-07,13.6,10.4,16.9,11.7,,288,7.0,,1011.0,
2014-10-08,15.0,12.5,18.0,5.6,,278,5.2,,1012.0,
2014-10-09,15.6,11.1,23.7,0.2,,311,5.9,,1011.0,
2014-10-10,16.2,13.8,20.5,0.0,,43,6.7,,1014.7,
2014-10-11,15.3,13.0,18.3,0.4,,305,4.8,,1014.8,
2014-10-12,14.1,10.9,18.7,0.1,,340,7.6,,1012.8,
2014-10-13,13.3,10.5,15.1,4.8,,193,7.2,,1010.4,
2014-10-14,13.2,7.8,18.6,0.7,,120,4.6,,1011.0,
2014-10-15,14.6,11.2,18.9,2.5,,192,4.8,,1009.6,
2014-10-16,14.5,12.2,16.7,1.4,,172,8.7,,1011.0,
2014-10-17,14.9,9.8,18.4,2.3,,277,9.2,,1015.3,
2014-10-18,12.3,8.4,18.9,0.1,,322,4.4,,1022.8,
2014-10-19,14.2,8.9,22.4,0.3,,187,6.9,,1023.4,
2014-10-20,15.8,10.8,20.9,3.1,,181,7.7,,1020.4,
2014-10-21,14.7,9.1,18.0,12.2,,224,14.7,,1013.8,
2014-10-22,6.3,4.3,9.2,2.2,,251,16.5,,1021.8,
2014-10-23,7.5,5.9,9.9,1.1,,242,9.0,,1025.9,
2014-10-24,7.0,3.8,11.4,0.0,,19,8.3,,1023.0,
2014-10-25,8.8,4.4,12.6,0.6,,,3.4,,1022.0,
2014-10-26,10.7,6.5,16.2,0.0,,346,6.0,,1025.5,
2014-10-27,8.1,2.9,9.3,0.0,,28,9.9,,1026.0,
2014-10-28,9.0,6.3,13.8,0.0,,325,4.5,,1021.0,
2014-10-29,8.8,4.2,14.7,0.0,,168,7.3,,1020.3,
2014-10-30,9.2,5.8,15.0,0.0,,329,4.8,,1025.3,
2014-10-31,7.3,3.0,13.6,0.2,,320,4.4,,1027.3,
2014-11-01,7.7,4.5,14.2,0.1,,351,2.9,,1025.0,
2014-11-02,8.3,5.1,14.9,0.3,,295,2.9,,1020.4,
2014-11-03,7.4,3.5,13.4,0.0,,347,7.2,,1010.6,
2014-11-04,8.2,2.9,14.1,0.0,,300,7.3,,996.7,
2014-11-05,5.2,1.3,9.5,27.7,,241,8.5,,1005.0,
2014-11-06,3.6,1.4,5.1,4.8,,72,6.5,,1014.8,
2014-11-07,7.1,4.6,10.8,0.0,,174,7.8,,1012.6,
2014-11-08,6.6,2.6,12.5,0.0,,93,7.9,,1014.5,
2014-11-09,4.5,0.3,7.3,0.0,,299,6.0,,1011.3,
2014-11-10,6.5,5.0,8.2,0.3,,294,5.9,,1013.9,
2014-11-11,6.4,5.0,7.7,0.0,,35,6.0,,1008.2,
2014-11-12,7.4,5.6,9.7,11.6,,243,4.7,,1006.3,
2014-11-13,9.4,7.4,11.3,5.4,,43,4.5,,1012.5,
2014-11-14,8.2,7.4,9.8,0.0,,59,7.5,,1010.3,
2014-11-15,9.1,7.1,11.9,15.4,,301,9.0,,1003.9,
2014-11-16,7.7,6.1,10.9,8.2,,188,7.1,,1004.7,
2014-11-17,6.7,3.6,8.8,2.5,,48,4.7,,1005.8,
2014-11-18,7.3,6.1,9.7,5.1,,234,8.5,,1009.4,
2014-11-19,6.5,0.6,10.0,0.0,,199,4.1,,1020.0,
2014-11-20,4.2,0.5,5.7,0.0,,338,5.5,,1025.9,
2014-11-21,6.0,3.3,10.2,0.0,,319,4.4,,1023.1,
2014-11-22,4.6,2.3,6.3,0.0,,332,4.3,,1023.0,
2014-11-23,4.4,2.9,5.7,0.0,,34,3.3,,1024.3,
2014-11-24,6.4,4.6,10.6,0.1,,329,6.8,,1023.8,
2014-11-25,8.1,7.4,8.8,0.1,,9,9.7,,1021.5,
2014-11-26,7.5,6.9,8.6,0.0,,359,5.6,,1016.0,
2014-11-27,7.0,6.2,7.7,0.0,,32,8.5,,1010.3,
2014-11-28,5.0,3.4,6.3,0.0,,24,13.2,,1009.4,
2014-11-29,3.0,2.6,3.3,0.0,,22,11.7,,1013.8,
2014-11-30,2.7,1.9,3.8,0.0,,23,9.0,,1012.5,
2014-12-01,2.8,2.0,3.5,1.5,,6,11.1,,1006.7,
2014-12-02,3.3,2.5,4.4,0.0,,324,4.5,,1010.4,
2014-12-03,3.6,3.0,4.6,0.1,,13,11.6,,1015.1,
2014-12-04,3.7,2.7,4.8,0.0,,348,5.4,,1015.2,
2014-12-05,3.2,2.7,4.1,,,19,5.6,,1018.6,
2014-12-06,3.0,2.2,3.9,,,6,7.7,,1021.6,
2014-12-07,3.4,3.0,4.2,0.0,,313,7.5,,1023.5,
2014-12-08,3.1,-0.7,4.1,0.8,,206,4.9,,1022.1,
2014-12-09,0.9,-1.6,3.1,0.0,,333,4.7,,1027.4,
2014-12-10,1.4,-1.3,3.5,0.3,,197,9.7,,1027.8,
2014-12-11,5.2,3.5,7.2,0.6,,227,17.5,,1021.5,
2014-12-12,5.8,1.6,8.5,0.0,,209,13.4,,1015.3,
2014-12-13,6.5,0.2,11.9,0.0,,167,10.4,,1014.0,
2014-12-14,7.3,5.5,10.1,2.5,,148,5.6,,1017.9,
2014-12-15,7.6,6.2,10.1,2.5,,138,6.4,,1018.5,
2014-12-16,6.6,5.6,9.0,0.0,,283,6.1,,1015.4,
2014-12-17,5.0,4.2,6.3,7.5,,222,11.0,,1016.2,
2014-12-18,8.0,5.2,10.8,0.7,,196,15.6,,1020.9,
2014-12-19,9.3,6.7,12.2,,,241,13.0,,1023.3,
2014-12-20,6.5,4.4,9.2,2.9,,269,17.2,,1028.5,
2014-12-21,4.1,0.7,6.2,0.0,,231,7.6,,1035.3,
2014-12-22,2.4,-0.7,5.7,0.0,,184,7.5,,1032.3,
2014-12-23,2.7,-2.7,10.1,0.0,,151,10.6,,1028.4,
2014-12-24,3.0,-2.5,7.8,0.0,,190,10.8,,1027.3,
2014-12-25,4.9,1.3,7.5,2.2,,253,11.5,,1028.2,
2014-12-26,1.2,-1.6,3.5,0.1,,215,8.4,,1030.7,
2014-12-27,0.1,-3.6,2.4,10.2,,198,14.6,,1008.3,
2014-12-28,-1.8,-7.2,1.0,5.1,,335,15.6,,1014.7,
2014-12-29,-8.5,-16.5,-3.6,1.1,,217,7.3,,1036.9,
2014-12-30,-3.0,-4.8,-1.4,5.1,,178,4.0,,1038.4,
2014-12-31,-3.2,-6.8,0.3,0.0,,334,4.6,,1037.5,
2015-01-01,-3.7,-8.9,-1.8,0.0,,9,5.6,,1039.2,
2015-01-02,-0.8,-4.5,2.1,0.8,,186,8.3,,1038.0,
2015-01-03,3.9,1.0,8.6,19.6,,195,15.1,,1029.9,
2015-01-04,3.7,-2.8,9.5,8.1,,336,10.3,,1032.8,
2015-01-05,-2.3,-5.4,3.2,0.0,,311,3.5,,1036.4,
2015-01-06,-3.3,-6.1,0.3,0.0,,273,3.6,,1029.2,
2015-01-07,1.1,-3.2,5.2,0.0,,172,7.2,,1032.2,
2015-01-08,4.1,-0.8,8.1,0.8,,194,14.7,,1033.1,
2015-01-09,7.4,5.3,10.0,2.7,,234,22.6,,1032.8,
2015-01-10,13.1,10.8,15.5,0.5,,243,30.8,,1023.8,
2015-01-11,5.2,2.0,11.8,7.4,,247,16.7,,1025.4,
2015-01-12,3.1,0.1,7.6,0.0,,209,10.5,,1030.0,
2015-01-13,4.4,-2.8,12.1,0.0,,168,13.1,,1020.2,
2015-01-14,6.5,1.9,10.8,,,228,20.3,,1019.0,
2015-01-15,3.3,-1.1,8.4,0.0,,153,8.5,,1014.4,
2015-01-16,3.8,0.2,7.4,0.1,,291,7.5,,1008.9,
2015-01-17,0.9,0.3,3.5,20.1,,152,5.7,,1016.8,
2015-01-18,-0.1,-3.2,0.9,0.0,,2,5.7,,1018.6,
2015-01-19,0.5,-0.5,1.8,0.1,,25,3.4,,1013.7,
2015-01-20,0.7,0.2,1.3,4.1,,55,4.4,,1012.0,
2015-01-21,1.1,0.5,1.3,0.0,,41,10.2,,1010.4,
2015-01-22,0.5,0.1,0.9,0.0,,4,6.7,,1013.5,
2015-01-23,0.6,-0.1,1.2,0.0,,349,6.6,,1022.3,
2015-01-24,0.6,-1.0,2.4,0.2,,295,7.0,,1023.9,
2015-01-25,-0.7,-3.2,0.9,2.5,,313,4.0,,1030.5,
2015-01-26,-1.7,-5.2,0.6,4.3,,170,7.9,,1028.4,
2015-01-27,1.4,0.8,2.7,0.3,,228,8.0,,1024.9,
2015-01-28,0.4,-4.3,3.2,0.1,,212,11.9,,1019.4,
2015-01-29,2.0,0.9,3.0,6.6,,196,11.4,,996.9,
2015-01-30,1.1,0.0,2.4,6.1,,230,19.2,,982.3,
2015-01-31,0.9,-2.2,3.5,0.6,,218,9.9,,987.0,
2015-02-01,0.3,-1.0,1.7,1.3,,222,12.3,,995.1,
2015-02-02,0.3,-0.9,1.8,1.8,,225,12.5,,1004.0,
2015-02-03,-1.6,-4.9,0.6,0.0,,51,7.8,,1004.4,
2015-02-04,-2.6,-5.4,0.0,0.0,,21,15.6,,1010.3,
2015-02-05,-2.0,-2.5,-1.1,0.0,,44,23.0,,1013.3,
2015-02-06,-1.8,-2.8,-0.8,0.0,,47,28.7,,1016.0,
2015-02-07,-3.6,-7.2,-1.6,0.0,,55,18.7,,1026.5,
2015-02-08,-4.4,-9.2,0.1,1.2,,105,4.6,,1030.1,
2015-02-09,-4.2,-9.9,1.4,0.0,,144,5.1,,1034.0,
2015-02-10,-1.8,-8.6,4.7,0.0,,35,8.7,,1031.3,
2015-02-11,-1.7,-5.0,2.5,0.0,,331,4.3,,1028.1,
2015-02-12,-2.7,-5.8,-0.3,0.0,,25,4.2,,1026.2,
2015-02-13,-2.4,-5.1,1.7,0.0,,0,4.3,,1022.2,
2015-02-14,0.1,-3.0,6.9,0.0,,322,5.9,,1013.2,
2015-02-15,-0.9,-3.4,1.7,0.0,,28,6.5,,1013.4,
2015-02-16,-0.6,-1.5,0.9,0.0,,29,6.9,,1020.8,
2015-02-17,-0.3,-1.5,1.1,0.0,,319,5.5,,1032.1,
2015-02-18,-0.5,-1.1,0.4,0.0,,51,13.6,,1040.1,
2015-02-19,1.1,-1.1,6.2,0.0,,182,6.5,,1033.4,
2015-02-20,2.2,-4.8,11.1,0.0,,160,7.9,,1020.2,
2015-02-21,1.5,-2.2,5.1,1.1,,179,9.3,,1004.9,
2015-02-22,1.3,-3.5,4.1,2.9,,41,5.6,,1010.6,
2015-02-23,1.1,-3.8,3.9,14.7,,166,11.9,,1006.7,
2015-02-24,3.1,1.1,4.8,0.3,,219,7.0,,1011.7,
2015-02-25,2.8,-1.6,7.0,0.0,,190,5.3,,1020.8,
2015-02-26,0.7,-5.0,7.5,0.0,,0,4.2,,1021.4,
2015-02-27,1.9,0.1,3.7,5.0,,202,8.7,,1015.6,
2015-02-28,2.3,-0.9,5.0,0.4,,33,4.7,,1021.7,
2015-03-01,4.9,-1.5,9.6,4.0,,190,16.7,,1014.0,
2015-03-02,7.3,4.2,9.7,13.3,,253,23.0,,1012.7,
2015-03-03,5.0,-0.7,10.8,0.0,,191,7.5,,1024.2,
2015-03-04,3.7,0.1,6.7,0.7,,240,9.1,,1028.0,
2015-03-05,2.3,-1.3,6.7,0.0,,15,7.9,,1036.2,
2015-03-06,1.5,-4.1,8.1,0.0,,19,7.1,,1038.2,
2015-03-07,2.3,-5.2,9.9,,,349,6.1,,1034.2,
2015-03-08,4.8,-4.9,14.6,,,65,4.7,,,
2015-03-09,6.4,-0.1,15.2,0.0,,51,5.9,,1025.6,
2015-03-10,6.8,-2.0,14.1,0.0,,322,5.6,,1027.1,
2015-03-11,8.2,4.1,11.5,0.0,,13,9.9,,1027.2,
2015-03-12,4.1,-1.8,9.7,0.0,,9,16.7,,1028.0,
2015-03-13,3.4,-3.6,10.1,0.0,,350,7.6,,1021.7,
2015-03-14,2.7,-3.6,8.5,,,4,12.1,,,
2015-03-15,3.5,-1.3,8.6,0.0,,15,11.5,,1021.9,
2015-03-16,6.7,0.4,15.4,,,318,6.9,,,
2015-03-17,9.0,1.3,17.5,0.0,,327,4.6,,1022.0,
2015-03-18,10.0,2.0,17.8,,,293,6.1,,1023.5,
2015-03-19,9.7,2.8,16.0,,,7,8.9,,,
2015-03-20,7.6,0.9,14.9,0.0,,353,8.5,,1021.9,
2015-03-21,6.2,0.8,11.4,10.2,,190,6.3,,1017.6,
2015-03-22,4.8,2.8,6.5,0.7,,51,18.2,,1018.5,
2015-03-23,7.0,3.3,11.7,,,,3.9,,,
2015-03-24,7.1,-1.0,16.2,0.0,,,3.4,,1009.1,
2015-03-25,6.2,1.0,12.3,2.6,,283,8.5,,1004.7,
2015-03-26,5.2,4.0,6.7,2.9,,250,8.9,,1011.4,
2015-03-27,6.6,2.3,10.9,,,258,10.2,,1020.3,
2015-03-28,6.0,-1.9,13.8,0.3,,247,8.3,,1023.5,
2015-03-29,9.7,7.9,12.4,6.0,,233,26.5,,1014.0,
2015-03-30,9.9,9.1,11.6,20.7,,249,29.6,,1009.5,
2015-03-31,11.3,8.6,14.3,4.3,,245,34.1,,1012.0,
2015-04-01,5.5,2.3,8.8,2.6,,258,24.7,,1023.0,
2015-04-02,5.1,2.8,6.7,14.7,,235,23.6,,1021.6,
2015-04-03,4.3,0.3,9.7,0.7,,160,5.5,,1022.4,
2015-04-04,5.1,3.1,7.2,20.5,,359,7.1,,1014.1,
2015-04-05,4.3,2.0,7.2,0.0,,38,17.8,,1019.9,
2015-04-06,2.8,-2.2,8.0,0.0,,20,6.7,,1027.9,
2015-04-07,3.7,-2.7,9.7,0.0,,43,13.5,,1035.4,
2015-04-08,6.0,-3.2,15.6,0.0,,344,7.8,,1032.9,
2015-04-09,10.2,1.4,19.1,0.0,,187,6.0,,1027.6,
2015-04-10,12.2,1.7,20.9,0.0,,,3.2,,1023.0,
2015-04-11,13.4,10.8,15.2,0.0,,233,12.7,,1024.7,
2015-04-12,13.3,7.3,19.5,0.0,,189,5.6,,1029.3,
2015-04-13,13.2,6.2,20.0,0.0,,243,10.1,,1029.8,
2015-04-14,12.8,4.1,19.9,0.0,,146,4.8,,1029.6,
2015-04-15,13.5,4.0,23.2,0.0,,219,4.8,,1021.6,
2015-04-16,14.3,7.4,21.9,0.0,,174,9.6,,1015.9,
2015-04-17,12.1,10.5,13.3,17.6,,246,7.1,,1014.5,
2015-04-18,8.9,5.9,11.8,1.8,,38,19.9,,1021.0,
2015-04-19,9.3,0.6,16.5,,,34,15.6,,1018.6,
2015-04-20,10.5,1.6,18.2,0.0,,30,11.8,,1023.1,
2015-04-21,12.7,5.0,20.6,0.0,,26,13.1,,1026.9,
2015-04-22,13.3,1.1,23.0,0.0,,291,7.2,,1023.6,
2015-04-23,11.1,3.0,17.2,0.0,,13,9.1,,1018.1,
2015-04-24,12.0,3.3,21.1,0.0,,327,6.8,,1015.2,
2015-04-25,12.4,4.5,18.3,2.7,,228,7.9,,1012.6,
2015-04-26,14.9,9.4,20.5,0.1,,188,7.1,,1009.0,
2015-04-27,14.6,9.2,21.4,0.1,,36,9.1,,1001.1,
2015-04-28,8.7,6.2,13.0,27.6,,239,12.5,,1015.1,
2015-04-29,8.4,0.6,14.6,0.0,,24,9.1,,1019.1,
2015-04-30,11.9,7.9,16.8,0.3,,259,8.9,,1016.6,
2015-05-01,10.9,8.1,13.7,52.9,,183,11.8,,1008.2,
2015-05-02,13.6,11.9,16.7,10.4,,252,8.4,,1010.6,
2015-05-03,14.6,11.5,17.4,,,179,10.7,,,
2015-05-04,16.5,14.6,19.4,4.5,,141,7.4,,1010.6,
2015-05-05,16.2,12.8,21.6,10.5,,253,8.6,,1008.0,
2015-05-06,13.9,10.5,18.6,23.0,,210,8.4,,1016.6,
2015-05-07,13.2,7.3,17.7,0.0,,310,6.9,,1020.0,
2015-05-08,14.0,7.6,23.1,1.1,,292,6.9,,1016.1,
2015-05-09,15.2,12.2,19.5,0.1,,250,9.9,,1021.7,
2015-05-10,15.2,7.7,20.9,0.0,,91,5.0,,1026.8,
2015-05-11,16.3,7.0,26.0,0.0,,296,4.1,,1024.1,
2015-05-12,19.2,9.5,28.0,,,,7.6,,,
2015-05-13,20.4,15.2,25.0,0.0,,324,7.0,,1016.4,
2015-05-14,18.4,15.7,21.3,0.0,,301,11.0,,1011.1,
2015-05-15,9.2,7.7,14.7,20.8,,232,8.9,,1014.5,
2015-05-16,12.5,8.5,18.6,0.0,,247,6.5,,1023.7,
2015-05-17,14.9,10.6,19.6,0.0,,321,4.9,,1024.1,
2015-05-18,15.6,7.1,23.5,0.0,,294,7.1,,1013.5,
2015-05-19,12.6,10.6,15.7,0.5,,269,8.7,,1011.0,
2015-05-20,9.5,7.5,11.4,5.7,,206,9.7,,1016.1,
2015-05-21,8.6,6.1,11.8,1.0,,215,6.4,,1023.9,
2015-05-22,11.5,5.9,16.3,0.0,,34,11.5,,1024.2,
2015-05-23,12.5,6.6,17.2,0.0,,43,10.8,,1018.7,
2015-05-24,14.7,10.4,18.9,0.0,,29,11.6,,1017.3,
2015-05-25,14.2,11.8,19.9,1.4,,281,5.8,,1015.4,
2015-05-26,11.7,10.2,12.8,7.7,,310,5.7,,1017.7,
2015-05-27,11.3,6.3,16.0,0.0,,24,5.0,,1023.3,
2015-05-28,12.8,3.4,21.5,0.1,,295,6.5,,1018.7,
2015-05-29,16.7,7.4,23.9,0.0,,219,8.9,,1012.8,
2015-05-30,16.3,13.6,19.6,0.0,,264,10.5,,1015.6,
2015-05-31,16.3,9.5,23.4,0.0,,,6.2,,1016.5,
2015-06-01,18.0,12.1,23.7,0.0,,235,9.2,,1016.5,
2015-06-02,19.2,11.9,26.1,0.0,,230,9.2,,1018.2,
2015-06-03,20.6,12.1,27.1,0.0,,252,7.9,,1021.4,
2015-06-04,21.1,13.4,28.2,0.0,,9,9.4,,1022.8,
2015-06-05,23.1,13.6,30.6,2.0,,345,5.8,,1019.2,
2015-06-06,23.6,16.4,30.6,3.1,,188,9.8,,1020.7,
2015-06-07,22.8,15.4,28.7,16.0,,17,10.8,,1022.4,
2015-06-08,17.7,15.1,22.4,23.3,,12,13.1,,1021.2,
2015-06-09,14.0,12.9,15.4,0.0,,29,14.9,,1021.2,
2015-06-10,15.3,12.3,18.7,0.0,,24,11.9,,1020.9,
2015-06-11,19.4,13.1,25.3,0.0,,27,8.5,,1016.9,
2015-06-12,20.0,12.9,28.1,0.0,,319,5.4,,1011.6,
2015-06-13,19.8,14.3,25.1,0.0,,279,7.8,,1011.2,
2015-06-14,18.9,14.9,23.8,2.9,,345,9.3,,1009.6,
2015-06-15,16.6,15.8,18.7,16.6,,353,6.5,,1014.3,
2015-06-16,16.6,15.0,20.1,2.0,,359,9.7,,1018.2,
2015-06-19,16.1,13.4,19.4,2.7,,271,9.8,,1017.5,
2015-06-20,14.1,12.3,17.5,0.8,,266,9.6,,1020.0,
2015-06-21,14.0,11.4,18.1,3.2,,194,6.1,,1020.0,
2015-06-22,16.6,12.8,21.2,4.2,,203,8.6,,1013.5,
2015-06-23,14.5,11.5,17.0,5.2,,265,14.3,,1014.5,
2015-06-24,14.6,6.7,21.1,0.0,,2,6.5,,1021.3,
2015-06-25,16.4,7.5,24.0,0.0,,313,4.9,,1022.5,
2015-06-26,18.8,10.3,26.4,0.0,,21,4.4,,1021.1,
2015-06-27,19.3,13.7,26.4,0.6,,262,9.1,,1018.1,
2015-06-28,19.5,13.1,25.9,0.0,,347,6.4,,1020.4,
2015-06-29,20.0,12.0,27.2,0.0,,303,4.5,,1020.8,
2015-06-30,21.8,13.2,29.8,0.0,,5,6.6,,1019.1,
2015-07-01,23.3,13.7,31.8,0.0,,0,5.4,,1017.7,
2015-07-02,25.0,15.9,33.7,0.0,,1,4.6,,1019.2,
2015-07-03,27.2,20.5,33.8,0.0,,80,8.4,,1021.3,
2015-07-04,27.0,18.0,34.7,0.0,,278,5.9,,1019.8,
2015-07-05,27.1,17.9,34.7,0.0,,244,5.1,,1015.8,
2015-07-06,25.7,22.0,29.7,,,,6.7,,,
2015-07-07,27.2,18.6,35.9,0.0,,256,9.4,,1011.8,
2015-07-08,21.1,18.2,25.3,0.6,,282,18.0,,1013.9,
2015-07-09,19.1,16.2,22.7,,,280,13.9,,,
2015-07-10,18.7,10.4,25.5,0.0,,16,11.5,,1020.7,
2015-07-11,21.7,10.7,31.0,0.0,,274,10.8,,1016.9,
2015-07-12,22.0,13.7,28.4,0.0,,271,8.9,,1017.7,
2015-07-13,21.7,18.0,25.5,0.0,,298,9.0,,1018.3,
2015-07-14,22.9,15.7,29.7,0.0,,245,9.2,,1017.9,
2015-07-15,23.0,14.5,30.1,0.0,,8,6.6,,1018.1,
2015-07-16,24.6,14.5,34.4,0.0,,303,6.0,,1016.0,
2015-07-17,24.7,16.1,34.1,0.0,,209,9.5,,1015.9,
2015-07-18,22.3,16.8,28.1,0.7,,167,6.5,,1017.5,
2015-07-19,24.1,16.0,31.4,0.0,,243,12.3,,1012.8,
2015-07-20,24.6,18.6,30.8,0.0,,234,7.6,,1014.3,
2015-07-21,26.2,18.5,33.6,0.0,,185,5.9,,1014.3,
2015-07-22,24.3,17.4,35.2,3.0,,309,7.8,,1013.2,
2015-07-23,21.3,18.4,25.0,,,21,9.6,,,
2015-07-24,22.9,15.8,30.7,3.0,,26,8.5,,1009.7,
2015-07-25,19.5,13.7,23.3,1.6,,259,17.8,,1011.9,
2015-07-26,16.5,11.4,21.2,2.3,,354,8.2,,1014.7,
2015-07-27,18.8,13.6,23.8,5.4,,242,16.4,,1009.1,
2015-07-28,18.9,16.7,23.2,0.0,,257,13.9,,1010.9,
2015-07-29,15.4,13.7,17.6,2.6,,248,8.5,,1012.8,
2015-07-30,15.8,10.0,21.4,0.0,,318,6.2,,1016.2,
2015-07-31,17.5,10.3,23.5,0.0,,15,13.4,,1015.3,
2015-08-01,17.0,14.0,20.2,1.9,,299,5.0,,1014.8,
2015-08-02,20.3,14.9,26.9,0.0,,13,9.3,,1017.8,
2015-08-03,21.9,12.7,30.9,0.0,,254,5.4,,1016.4,
2015-08-04,20.2,14.2,24.9,0.0,,300,8.7,,1016.2,
2015-08-05,22.6,14.6,30.6,0.0,,10,6.9,,1016.4,
2015-08-06,25.2,15.1,35.4,0.0,,245,4.5,,1014.9,
2015-08-07,26.2,17.0,36.5,0.0,,173,5.5,,1014.0,
2015-08-08,26.8,19.2,33.9,,,297,9.6,,,
2015-08-09,24.3,20.0,29.1,10.1,,290,11.7,,1015.5,
2015-08-10,22.2,19.0,27.1,1.5,,293,8.0,,1014.7,
2015-08-11,23.1,18.9,29.0,1.1,,6,7.7,,1015.2,
2015-08-12,24.6,17.5,32.3,0.0,,18,6.0,,1017.1,
2015-08-13,24.0,16.6,33.2,0.0,,,5.9,,1013.3,
2015-08-14,19.6,16.9,23.1,5.3,,218,6.7,,1011.3,
2015-08-15,16.9,15.5,17.7,1.8,,243,7.2,,1012.1,
2015-08-16,15.5,14.1,17.8,8.5,,283,6.2,,1013.0,
2015-08-17,15.9,11.8,20.0,0.0,,260,4.3,,1013.5,
2015-08-18,15.8,9.6,22.5,0.1,,305,6.1,,1014.8,
2015-08-19,14.9,13.4,16.5,13.4,,4,6.6,,1019.9,
2015-08-20,16.2,10.6,21.9,0.0,,342,5.9,,1023.1,
2015-08-21,17.0,9.5,24.0,0.0,,10,8.4,,1023.3,
2015-08-22,17.7,9.7,25.6,,,358,6.9,,,
2015-08-23,16.8,11.1,22.0,1.5,,321,5.5,,1010.0,
2015-08-24,16.9,14.2,22.6,10.5,,279,8.5,,1008.8,
2015-08-25,16.3,11.3,22.0,0.0,,245,6.8,,1018.2,
2015-08-26,17.0,8.3,26.4,0.0,,23,3.4,,1018.0,
2015-08-27,20.8,11.7,29.3,0.0,,153,5.8,,1013.7,
2015-08-28,24.4,18.0,31.1,0.0,,220,8.5,,1016.4,
2015-08-29,23.4,15.7,32.1,0.0,,350,7.1,,1019.7,
2015-08-30,25.1,18.1,32.8,0.0,,182,6.3,,1017.9,
2015-08-31,23.5,15.1,31.7,0.0,,192,8.7,,1014.6,
2015-09-01,18.8,15.8,23.4,18.0,,200,7.9,,1013.1,
2015-09-02,17.2,13.9,21.1,0.0,,20,8.1,,1016.1,
2015-09-03,15.7,11.8,18.9,,,280,6.1,,1014.9,
2015-09-04,15.8,10.8,19.9,5.1,,280,7.1,,1015.8,
2015-09-05,13.6,11.5,17.1,0.4,,272,8.8,,1018.2,
2015-09-06,12.6,9.4,16.1,0.8,,273,8.7,,1023.7,
2015-09-07,11.4,3.3,17.6,0.0,,356,7.1,,1026.3,
2015-09-08,13.4,7.3,19.6,0.0,,11,12.4,,1023.1,
2015-09-09,13.6,7.0,20.0,0.0,,18,13.8,,1019.6,
2015-09-10,11.6,6.8,17.4,0.0,,16,11.5,,1018.4,
2015-09-11,12.5,5.5,22.0,10.3,,312,5.9,,1017.5,
2015-09-12,17.6,11.1,26.4,0.1,,344,6.6,,1016.1,
2015-09-13,17.5,13.7,22.8,0.0,,314,6.1,,1010.6,
2015-09-14,16.2,13.1,21.0,4.7,,207,12.6,,1008.0,
2015-09-15,14.9,10.2,19.5,0.0,,266,8.2,,1010.3,
2015-09-16,15.7,12.6,21.8,0.0,,356,6.9,,1001.4,
2015-09-17,12.8,9.6,15.8,5.3,,205,8.4,,1007.4,
2015-09-18,12.3,10.3,15.1,0.0,,173,6.7,,1018.9,
2015-09-19,11.7,6.2,18.3,0.2,,298,6.3,,1023.0,
2015-09-20,13.6,9.5,18.2,0.0,,339,6.5,,1023.8,
2015-09-21,12.0,6.9,18.3,0.0,,322,5.2,,1017.7,
2015-09-22,13.0,8.8,17.1,0.4,,199,8.4,,1008.7,
2015-09-23,10.3,8.1,12.1,9.8,,219,9.8,,1013.2,
2015-09-24,11.3,6.6,16.5,0.0,,97,4.8,,1021.1,
2015-09-25,10.3,4.1,17.8,,,340,6.4,,1022.7,
2015-09-26,11.8,4.8,18.8,0.0,,0,11.4,,1022.3,
2015-09-27,13.3,9.6,17.5,0.0,,23,17.1,,1025.4,
2015-09-28,11.1,4.4,16.2,0.0,,36,19.6,,1029.9,
2015-09-29,12.2,8.6,16.4,0.1,,56,23.2,,1027.3,
2015-09-30,10.0,3.8,15.4,0.0,,24,13.5,,1027.5,
2015-10-01,8.9,2.0,15.2,0.0,,33,11.8,,1025.0,
2015-10-02,10.4,3.2,17.2,0.0,,345,6.9,,1021.1,
2015-10-03,13.9,8.6,21.1,,,255,6.0,,1016.7,
2015-10-04,13.0,7.6,17.5,2.3,,232,8.0,,1018.1,
2015-10-05,12.6,6.6,18.9,2.1,,342,4.7,,1015.3,
2015-10-06,14.6,12.5,17.3,8.4,,177,8.3,,1009.1,
2015-10-07,14.0,12.6,15.4,1.7,,258,9.6,,1014.6,
2015-10-08,12.4,9.9,15.4,0.0,,346,4.6,,1019.9,
2015-10-09,11.5,8.2,16.9,0.0,,358,7.3,,1019.3,
2015-10-10,10.5,6.4,12.7,0.0,,2,8.3,,1015.2,
2015-10-11,11.3,10.5,12.6,0.0,,32,17.6,,1012.0,
2015-10-12,10.0,7.4,13.9,0.0,,21,7.7,,1014.5,
2015-10-13,8.1,6.2,10.5,4.3,,272,6.3,,1014.6,
2015-10-14,6.9,3.7,10.0,0.1,,3,8.3,,1015.7,
2015-10-15,5.8,4.8,6.7,,,351,9.9,,1014.4,
2015-10-16,5.1,3.1,6.8,0.3,,280,3.3,,1019.0,
2015-10-17,3.9,-0.4,7.0,1.9,,332,4.0,,1019.6,
2015-10-18,6.2,4.9,8.1,7.0,,338,5.2,,1018.6,
2015-10-19,7.1,2.2,10.9,0.0,,5,8.1,,1020.4,
2015-10-20,5.9,0.6,11.1,0.0,,12,7.9,,1022.5,
2015-10-21,6.6,3.9,9.4,0.0,,118,5.4,,1021.8,
2015-10-22,6.4,1.0,11.0,0.0,,193,6.9,,1021.3,
2015-10-23,10.5,8.5,12.7,0.0,,67,7.1,,1023.9,
2015-10-24,12.0,9.7,16.9,0.0,,180,7.2,,1020.7,
2015-10-25,11.5,7.4,16.6,0.0,,125,7.1,,1024.1,
2015-10-26,10.4,6.7,14.5,0.0,,15,7.3,,1020.2,
2015-10-27,9.0,8.4,9.7,0.0,,332,5.3,,1018.0,
2015-10-28,10.1,7.7,14.4,0.0,,351,6.8,,1013.1,
2015-10-29,10.3,9.3,12.3,7.4,,187,5.8,,1019.6,
2015-10-30,10.5,8.6,12.6,0.0,,31,7.9,,1025.0,
2015-10-31,9.7,9.1,10.8,0.0,,33,10.3,,1027.6,
2015-11-01,8.4,4.7,10.9,0.0,,287,6.1,,1031.0,
2015-11-02,7.3,6.4,8.0,0.0,,70,3.9,,1029.1,
2015-11-03,6.4,4.4,9.4,0.0,,338,5.4,,1023.7,
2015-11-04,6.3,0.8,15.2,,,305,3.9,,1024.3,
2015-11-05,7.7,2.7,16.0,0.0,,306,3.4,,1023.9,
2015-11-06,11.0,5.3,17.7,0.0,,160,6.5,,1026.3,
2015-11-07,13.1,7.4,19.4,0.0,,157,7.8,,1028.5,
2015-11-08,11.7,6.5,19.0,0.0,,172,6.3,,1029.8,
2015-11-09,12.9,6.7,18.8,0.0,,221,9.7,,1029.6,
2015-11-10,10.2,5.4,17.3,0.0,,159,5.9,,1029.8,
2015-11-11,6.0,1.1,13.0,0.0,,165,5.0,,1029.1,
2015-11-12,5.3,2.9,6.3,0.8,,325,4.1,,1029.7,
2015-11-13,8.7,5.7,12.7,0.0,,205,9.1,,1029.3,
2015-11-14,9.2,6.2,11.1,0.3,,252,9.2,,1031.2,
2015-11-15,11.7,7.9,17.7,0.0,,190,7.4,,1023.7,
2015-11-16,9.5,4.6,16.1,0.0,,198,8.5,,1021.1,
2015-11-17,10.1,3.5,15.9,0.0,,206,12.9,,1020.5,
2015-11-18,13.2,7.2,16.9,0.6,,245,14.8,,1022.5,
2015-11-19,13.5,10.2,16.0,0.0,,233,20.8,,1022.3,
2015-11-20,12.2,6.4,14.1,41.2,,241,29.0,,1009.8,
2015-11-21,3.6,0.5,6.0,5.4,,236,11.4,,1001.6,
2015-11-22,1.4,-0.7,3.7,0.5,,241,10.4,,1009.5,
2015-11-23,0.2,-4.6,3.1,0.0,,247,4.2,,1023.5,
2015-11-24,-1.9,-6.9,2.5,0.0,,226,4.8,,1025.2,
2015-11-25,2.3,0.4,3.8,3.5,,204,8.7,,1012.1,
2015-11-26,2.2,0.0,3.3,2.4,,319,5.7,,1016.2,
2015-11-27,1.8,0.6,2.6,0.0,,44,8.9,,1019.6,
2015-11-28,1.0,-2.4,3.5,0.7,,200,8.2,,1020.7,
2015-11-29,4.3,-0.4,8.1,6.3,,221,21.5,,1026.0,
2015-11-30,9.5,8.4,11.2,0.1,,234,28.5,,1028.2,
2015-12-01,8.8,3.8,11.1,,,222,17.4,,1031.2,
2015-12-02,2.5,-2.3,8.7,0.0,,266,4.4,,1032.4,
2015-12-03,1.2,0.0,2.1,0.0,,141,4.1,,1033.0,
2015-12-04,2.6,-0.9,6.1,0.2,,152,8.3,,1035.2,
2015-12-05,3.3,1.6,4.7,0.1,,231,4.8,,1035.1,
2015-12-06,4.9,0.8,9.8,0.0,,157,10.2,,1033.2,
2015-12-07,1.1,-0.8,4.4,0.0,,329,3.9,,1036.1,
2015-12-08,1.4,-0.9,5.9,0.0,,138,4.5,,1035.5,
2015-12-09,4.1,-0.2,8.2,,,,,,1038.2,
2015-12-10,1.8,0.8,2.6,0.0,,170,5.7,,1038.5,
2015-12-11,2.1,-1.3,6.9,0.0,,173,8.5,,1033.5,
2015-12-12,3.8,-0.4,9.3,0.0,,165,6.6,,1029.0,
2015-12-13,1.7,-3.0,7.7,0.0,,187,7.3,,1025.3,
2015-12-14,-1.5,-3.8,0.2,0.0,,347,3.2,,1026.4,
2015-12-15,-0.4,-2.6,2.3,0.8,,283,3.8,,1029.5,
2015-12-16,6.2,0.2,9.5,2.6,,164,8.5,,1030.7,
2015-12-17,7.8,2.5,12.9,0.0,,161,6.1,,1029.5,
2015-12-18,6.1,1.9,10.3,0.2,,155,5.9,,1028.1,
2015-12-19,3.6,0.9,6.1,0.0,,307,4.1,,1027.2,
2015-12-20,2.6,-0.3,9.9,0.0,,191,4.8,,1026.4,
2015-12-21,6.8,1.5,10.2,0.1,,178,9.2,,1030.2,
2015-12-22,6.7,3.4,11.9,0.0,,168,7.5,,1032.5,
2015-12-23,8.2,2.8,12.7,0.0,,186,10.6,,1031.1,
2015-12-24,4.9,-1.1,10.4,0.0,,160,6.9,,1029.7,
2015-12-25,5.7,1.2,11.9,0.0,,148,7.5,,1033.7,
2015-12-26,3.2,-1.9,10.7,0.0,,153,6.1,,1034.4,
2015-12-27,0.9,-4.4,9.3,0.0,,214,4.8,,1034.7,
2015-12-28,-2.0,-3.0,0.0,0.0,,329,2.6,,1032.9,
2015-12-29,0.5,-3.6,7.2,0.0,,185,6.2,,1031.4,
2015-12-30,0.6,-1.9,2.8,0.0,,15,6.4,,1029.4,
2015-12-31,2.8,0.7,5.3,1.8,,185,5.1,,1026.7,
2016-01-01,3.7,0.9,5.3,0.4,,21,7.3,,1026.0,
2016-01-02,4.4,3.3,5.5,7.1,,279,6.7,,1016.1,
2016-01-03,4.8,2.2,6.9,0.0,,231,5.7,,1009.1,
2016-01-04,3.6,1.6,5.5,17.6,,206,11.7,,997.1,
2016-01-05,4.5,2.0,7.7,1.4,,186,8.9,,998.4,
2016-01-06,3.9,1.0,6.5,1.9,,203,7.5,,1002.2,
2016-01-07,3.2,0.4,6.6,15.4,,178,10.7,,1002.3,
2016-01-08,3.7,0.3,5.6,17.3,,271,6.2,,1007.8,
2016-01-09,5.2,1.0,8.1,12.3,,151,5.9,,1005.0,
2016-01-10,4.3,0.3,6.1,17.0,,179,8.1,,1001.7,
2016-01-11,5.4,4.0,8.2,14.4,,236,12.5,,996.2,
2016-01-12,4.7,3.4,6.3,8.1,,234,25.3,,1004.2,
2016-01-13,2.6,1.4,3.9,3.2,,231,19.6,,1018.9,
2016-01-14,-0.9,-3.4,1.0,0.6,,169,6.8,,1015.4,
2016-01-15,1.0,-0.4,2.0,1.1,,232,20.5,,1015.7,
2016-01-16,0.0,-1.5,1.7,0.2,,246,10.5,,1023.4,
2016-01-17,-2.3,-7.2,0.4,0.2,,266,9.2,,1025.9,
2016-01-18,-6.0,-9.5,-3.6,0.0,,357,7.9,,1021.8,
2016-01-19,-3.0,-6.8,-0.4,1.1,,,2.3,,1017.4,
2016-01-20,-0.5,-2.8,1.2,0.7,,337,5.0,,1019.7,
2016-01-21,-2.5,-5.8,1.5,0.0,,342,8.3,,1026.7,
2016-01-22,-0.8,-2.9,3.0,0.0,,191,6.4,,1030.8,
2016-01-23,2.7,-3.1,7.8,0.3,,196,6.1,,1035.9,
2016-01-24,1.1,-3.0,5.0,0.0,,147,5.7,,1037.4,
2016-01-25,3.0,-2.5,10.7,,,166,4.0,,1032.9,
2016-01-26,4.3,0.2,12.1,0.0,,148,8.7,,1031.3,
2016-01-27,5.9,0.5,11.8,0.0,,159,8.4,,1027.0,
2016-01-28,8.4,3.6,11.5,0.1,,192,7.6,,1026.2,
2016-01-29,7.4,5.2,11.0,0.4,,264,7.6,,1031.4,
2016-01-30,5.6,-0.6,11.0,5.7,,227,15.1,,1023.6,
2016-01-31,6.6,3.1,11.4,22.2,,239,18.5,,1017.9,
2016-02-01,10.9,7.9,13.7,1.0,,253,19.1,,1026.0,
2016-02-02,8.8,6.3,11.5,0.0,,230,12.8,,1024.6,
2016-02-03,4.8,1.5,9.8,10.2,,252,13.2,,1022.9,
2016-02-04,2.6,1.3,4.3,2.9,,232,18.7,,1030.4,
2016-02-05,5.4,0.8,9.1,0.8,,240,7.3,,1028.9,
2016-02-06,2.9,-1.1,11.7,0.0,,355,4.2,,1020.2,
2016-02-07,2.7,-0.7,7.7,0.4,,266,9.5,,1010.0,
2016-02-08,7.3,2.7,11.7,1.5,,218,23.8,,1010.2,
2016-02-09,7.7,3.4,8.8,7.0,,223,18.7,,1002.1,
2016-02-10,2.3,0.6,3.7,1.7,,233,20.4,,1003.4,
2016-02-11,2.7,0.4,6.0,0.0,,217,9.6,,1009.5,
2016-02-12,2.6,0.5,5.9,1.8,,125,8.4,,1001.8,
2016-02-13,5.2,1.9,8.6,5.5,,209,14.8,,993.4,
2016-02-14,4.9,2.2,7.5,5.8,,204,9.2,,992.8,
2016-02-15,2.5,1.0,3.6,,,282,8.3,,1011.2,
2016-02-16,2.3,1.4,3.1,0.5,,27,16.3,,1028.8,
2016-02-17,2.1,1.2,3.0,0.0,,8,8.9,,1020.2,
2016-02-18,2.9,-0.8,8.0,,,140,5.4,,1017.2,
2016-02-19,2.3,0.3,4.6,0.1,,239,10.3,,1023.4,
2016-02-20,2.3,-2.0,7.5,6.1,,200,17.0,,1026.3,
2016-02-21,10.5,5.4,15.2,0.2,,251,17.4,,1022.1,
2016-02-22,9.6,2.0,16.5,0.0,,233,10.1,,1015.6,
2016-02-23,6.7,0.8,10.0,6.3,,240,17.8,,1015.1,
2016-02-24,1.1,-1.4,4.4,3.2,,318,6.1,,1019.2,
2016-02-25,0.6,-0.2,1.5,9.1,,315,4.3,,1013.6,
2016-02-26,1.6,-1.9,4.8,0.0,,14,10.4,,1012.3,
2016-02-27,1.1,-3.5,5.8,0.0,,20,12.0,,1005.7,
2016-02-28,3.7,1.8,5.9,0.0,,14,11.4,,1007.2,
2016-02-29,2.0,0.0,3.5,4.6,,352,11.3,,1013.8,
2016-03-01,1.8,-0.4,4.1,,,228,7.1,,1022.5,
2016-03-02,4.0,1.0,8.8,6.1,,205,15.5,,1010.1,
2016-03-03,1.6,-0.3,3.0,3.1,,222,14.3,,1006.5,
2016-03-04,1.8,-1.9,4.7,0.2,,248,5.1,,1004.4,
2016-03-05,1.6,-0.3,3.0,7.3,,151,7.4,,998.4,
2016-03-06,2.3,-0.3,5.9,0.8,,235,11.9,,1004.8,
2016-03-07,2.0,-2.2,6.4,0.0,,226,6.5,,1005.8,
2016-03-08,0.7,-0.7,2.5,4.1,,265,6.2,,1015.5,
2016-03-09,0.9,-1.8,5.8,0.0,,339,7.4,,1011.6,
2016-03-10,2.5,-4.7,9.5,,,6,7.7,,1015.7,
2016-03-11,4.8,-1.2,8.1,0.0,,29,14.2,,1022.2,
2016-03-12,5.4,3.8,6.4,0.0,,37,14.8,,1024.9,
2016-03-13,5.5,4.2,7.5,0.0,,52,27.5,,1024.8,
2016-03-14,4.7,3.0,6.0,0.0,,54,16.9,,1026.1,
2016-03-15,1.6,-3.0,7.5,0.7,,350,10.0,,1023.7,
2016-03-16,3.7,1.2,7.4,0.0,,49,23.3,,1019.7,
2016-03-17,3.6,-3.1,11.3,0.0,,345,6.6,,1024.6,
2016-03-18,5.2,-3.6,14.2,0.0,,324,4.3,,1021.0,
2016-03-19,6.1,-2.0,15.4,0.0,,310,6.0,,1019.0,
2016-03-20,4.6,0.1,10.4,0.0,,350,7.6,,1018.8,
2016-03-21,4.5,0.2,8.5,0.0,,4,7.2,,1018.4,
2016-03-22,5.4,-1.0,10.7,,,51,13.2,,1013.4,
2016-03-24,5.9,2.0,10.9,0.0,,322,5.4,,1015.5,
2016-03-25,6.0,4.4,7.1,2.5,,231,11.3,,1018.2,
2016-03-26,9.2,4.3,15.0,1.4,,144,7.7,,1018.8,
2016-03-27,5.9,0.4,10.1,0.0,,262,7.8,,1015.4,
2016-03-28,7.1,-0.8,14.9,0.0,,224,13.7,,1010.7,
2016-03-29,10.9,7.1,15.1,0.4,,248,14.3,,1012.9,
2016-03-30,12.6,7.7,19.0,1.1,,196,11.3,,1012.9,
2016-03-31,12.7,4.3,21.3,0.0,,327,6.2,,1007.9,
2016-04-01,10.9,7.2,14.4,0.0,,342,12.2,,1014.1,
2016-04-02,10.2,5.3,15.6,0.0,,5,10.7,,1016.2,
2016-04-03,13.9,8.0,21.0,0.0,,311,6.2,,1011.4,
2016-04-04,13.6,6.9,19.6,0.0,,325,8.9,,1007.9,
2016-04-05,11.9,6.0,18.9,,,286,9.0,,1008.2,
2016-04-06,11.1,8.4,14.9,7.7,,205,8.6,,1015.0,
2016-04-07,7.7,4.9,9.8,0.1,,234,9.7,,1013.9,
2016-04-08,6.2,5.3,8.5,1.7,,47,8.8,,1012.6,
2016-04-09,6.8,5.0,8.6,,,344,6.6,,1008.9,
2016-04-10,10.4,5.2,15.8,,,70,9.6,,1010.2,
2016-04-11,10.5,2.1,19.6,0.1,,354,7.0,,1010.6,
2016-04-12,12.3,5.9,18.8,1.7,,85,9.2,,1011.0,
2016-04-13,9.9,7.9,12.2,10.5,,209,8.0,,1010.2,
2016-04-14,9.8,7.0,14.8,12.4,,177,7.1,,1013.7,
2016-04-15,9.8,7.0,13.1,5.3,,313,4.6,,1010.4,
2016-04-16,11.3,8.4,16.2,3.3,,230,9.2,,1006.8,
2016-04-17,9.5,6.8,11.4,11.5,,275,10.8,,1010.2,
2016-04-18,4.9,3.3,6.1,11.0,,293,11.0,,1021.2,
2016-04-19,7.5,3.5,14.1,0.0,,147,5.7,,1026.5,
2016-04-20,10.1,1.5,17.4,0.0,,13,16.1,,1026.0,
2016-04-21,11.4,2.4,20.3,,,342,6.5,,1021.7,
2016-04-22,13.7,8.1,20.3,0.0,,289,8.7,,1015.6,
2016-04-23,10.3,4.7,12.7,17.1,,275,10.0,,1009.8,
2016-04-24,5.0,2.4,8.8,0.4,,316,9.7,,1014.7,
2016-04-25,4.1,0.6,8.0,1.0,,258,13.8,,1015.1,
2016-04-26,5.4,2.6,7.1,6.8,,251,16.7,,1007.3,
2016-04-27,3.7,0.7,7.4,0.7,,239,12.4,,1013.4,
2016-04-28,5.2,-2.7,11.3,0.0,,,7.6,,1016.5,
2016-04-29,8.6,0.1,15.7,0.0,,250,6.0,,1017.9,
2016-04-30,8.9,0.9,18.2,3.9,,320,9.4,,1015.6,
2016-05-01,6.4,5.3,8.3,18.9,,222,10.1,,1018.7,
2016-05-02,9.6,5.8,15.5,1.0,,158,6.3,,1022.3,
2016-05-03,10.1,5.9,16.0,1.3,,225,10.2,,1022.3,
2016-05-04,9.5,2.7,15.0,0.0,,47,10.4,,1026.6,
2016-05-05,11.9,3.9,19.1,0.0,,35,18.6,,1020.7,
2016-05-06,13.8,4.6,22.1,0.0,,9,5.1,,1015.3,
2016-05-07,14.6,5.5,22.5,0.0,,67,5.8,,1011.0,
2016-05-08,15.3,5.7,23.5,0.0,,355,7.8,,1009.8,
2016-05-09,15.7,8.0,22.3,0.0,,352,5.9,,1011.2,
2016-05-10,17.5,12.9,22.8,0.0,,0,8.9,,1008.6,
2016-05-11,15.7,11.6,20.2,0.0,,340,8.5,,1002.7,
2016-05-12,11.5,10.1,13.9,34.1,,204,11.9,,1000.2,
2016-05-13,10.8,9.0,12.9,27.0,,187,10.2,,1001.3,
2016-05-14,11.6,9.1,14.6,33.6,,241,7.5,,1009.2,
2016-05-15,9.0,6.0,12.4,0.0,,307,10.3,,1020.0,
2016-05-16,8.5,4.3,13.0,0.0,,250,7.9,,1022.2,
2016-05-17,10.9,6.5,16.3,0.3,,243,6.7,,1019.9,
2016-05-18,13.0,4.3,20.2,1.1,,262,6.5,,1013.3,
2016-05-19,10.1,8.1,13.0,14.9,,224,13.0,,1014.0,
2016-05-20,11.6,4.3,18.5,0.0,,179,5.8,,1021.7,
2016-05-21,15.6,6.1,24.7,0.0,,131,4.5,,1018.1,
2016-05-22,16.9,8.3,26.7,0.0,,283,7.8,,1011.0,
2016-05-23,9.1,6.5,13.5,17.9,,222,11.8,,1015.9,
2016-05-24,11.0,7.8,14.6,6.4,,265,10.2,,1016.0,
2016-05-25,13.6,6.5,20.1,0.0,,331,8.1,,1014.3,
2016-05-26,17.5,9.4,26.0,,,,4.2,,1014.8,
2016-05-27,19.5,12.5,26.5,0.0,,334,6.4,,1013.0,
2016-05-28,18.2,14.8,22.6,5.3,,36,7.0,,1012.0,
2016-05-29,15.6,14.2,17.0,15.8,,237,8.4,,1007.1,
2016-05-30,15.4,13.0,18.5,2.9,,236,18.4,,1007.8,
2016-05-31,15.3,10.6,19.3,0.0,,218,11.6,,1011.2,
2016-06-01,15.3,12.4,20.8,,,267,5.4,,1014.0,
2016-06-02,15.8,13.0,20.4,4.7,,197,9.8,,1011.4,
2016-06-03,15.5,12.9,18.8,11.6,,222,7.2,,1011.1,
2016-06-04,16.2,14.1,19.2,0.0,,224,7.5,,1012.5,
2016-06-05,16.1,13.9,19.1,1.2,,206,5.5,,1016.4,
2016-06-06,17.9,10.9,25.0,0.0,,5,8.2,,1018.3,
2016-06-07,19.1,12.8,24.4,0.0,,267,6.2,,1019.9,
2016-06-08,15.2,13.8,16.8,27.1,,170,6.5,,1019.7,
2016-06-09,16.4,14.0,20.8,4.2,,287,7.4,,1016.6,
2016-06-10,17.1,9.5,23.9,0.0,,50,4.4,,1012.4,
2016-06-11,16.4,14.1,19.0,9.8,,253,9.5,,1011.4,
2016-06-12,15.6,13.6,17.1,1.0,,236,10.0,,1011.8,
2016-06-13,14.5,12.8,17.0,23.5,,222,8.7,,1007.0,
2016-06-14,14.3,12.4,16.9,6.4,,235,9.3,,1004.0,
2016-06-15,14.1,10.9,17.7,0.5,,279,9.0,,1003.5,
2016-06-16,13.5,11.9,15.2,16.8,,298,6.9,,1003.8,
2016-06-17,14.3,10.6,19.2,14.9,,211,13.0,,1010.9,
2016-06-18,14.4,10.2,19.8,2.0,,207,9.5,,1018.6,
2016-06-19,13.7,12.2,16.6,13.1,,273,5.3,,1023.2,
2016-06-20,16.3,12.0,21.4,0.2,,310,5.1,,1022.3,
2016-06-21,16.6,13.1,19.5,4.9,,207,9.4,,1022.8,
2016-06-22,22.3,16.8,28.9,0.0,,,6.0,,1022.2,
2016-06-23,24.2,14.7,32.1,0.0,,345,6.0,,1018.9,
2016-06-24,24.5,17.6,31.6,1.0,,239,7.8,,1016.1,
2016-06-25,19.0,16.0,23.0,14.0,,248,10.1,,1015.2,
2016-06-26,16.8,14.1,20.3,0.6,,238,5.5,,1019.0,
2016-06-27,17.6,12.9,22.8,0.0,,297,6.7,,1021.1,
2016-06-28,19.3,13.1,25.4,0.0,,146,6.2,,1017.9,
2016-06-29,20.2,15.5,25.9,0.6,,318,6.9,,1014.6,
2016-06-30,19.1,16.4,23.6,13.3,,240,7.7,,1015.8,
2016-07-01,20.6,14.5,26.5,,,318,6.0,,1016.8,
2016-07-02,16.6,14.0,19.1,9.0,,243,7.2,,1017.9,
2016-07-03,16.8,12.8,21.5,0.0,,225,6.4,,1021.8,
2016-07-04,18.2,10.7,25.2,0.0,,312,4.1,,1020.4,
2016-07-05,19.5,12.4,25.6,,,283,9.4,,1017.3,
2016-07-06,19.4,15.1,24.0,0.0,,315,8.6,,1019.5,
2016-07-07,19.4,12.1,26.1,0.0,,11,8.8,,1019.9,
2016-07-08,20.9,13.4,27.5,0.0,,268,8.2,,1017.9,
2016-07-09,23.2,17.0,27.9,0.0,,274,7.6,,1019.3,
2016-07-10,23.3,14.6,31.7,0.0,,279,6.5,,1014.4,
2016-07-11,23.1,18.3,29.3,10.0,,222,7.9,,1012.8,
2016-07-12,17.4,14.9,19.0,53.0,,199,6.5,,1014.9,
2016-07-13,13.8,10.9,16.4,10.5,,239,8.2,,1016.6,
2016-07-14,11.8,10.6,14.6,14.9,,229,9.4,,1021.0,
2016-07-15,13.2,8.6,17.4,0.1,,145,5.9,,1026.3,
2016-07-16,14.2,6.6,21.0,0.0,,20,6.7,,1026.6,
2016-07-17,18.4,9.4,26.8,0.0,,356,4.7,,1022.6,
2016-07-18,21.4,13.0,28.7,0.0,,,4.3,,1020.8,
2016-07-19,22.6,13.8,30.0,0.0,,359,5.3,,1019.3,
2016-07-20,23.5,14.5,32.3,0.0,,282,4.0,,1015.8,
2016-07-21,23.5,19.7,28.4,0.6,,152,7.8,,1014.9,
2016-07-22,20.4,17.5,24.0,3.3,,326,8.9,,1015.0,
2016-07-23,20.5,16.4,25.2,0.0,,270,5.9,,1016.8,
2016-07-24,21.7,16.6,26.9,0.0,,279,7.0,,1018.3,
2016-07-25,21.3,16.4,26.5,9.0,,161,6.6,,1018.8,
2016-07-26,21.4,15.9,27.7,6.0,,345,5.9,,1018.7,
2016-07-27,20.5,16.0,25.7,0.3,,321,8.1,,1017.7,
2016-07-28,19.9,14.9,25.3,0.0,,238,7.6,,1017.5,
2016-07-29,21.6,17.1,26.8,0.0,,266,7.1,,1015.7,
2016-07-30,22.3,14.7,29.6,0.0,,217,8.7,,1013.8,
2016-07-31,19.5,17.3,21.6,4.7,,214,8.1,,1014.2,
2016-08-01,18.5,14.9,23.1,0.0,,356,5.2,,1019.2,
2016-08-02,18.1,13.5,23.3,0.1,,220,7.9,,1019.2,
2016-08-03,20.4,13.7,27.2,,,290,6.4,,1016.4,
2016-08-04,20.1,13.6,28.1,12.0,,278,8.0,,1013.0,
2016-08-05,15.9,13.7,18.1,16.1,,230,8.3,,1019.2,
2016-08-06,17.2,11.5,23.7,0.1,,318,5.9,,1026.1,
2016-08-07,18.4,11.2,25.0,0.0,,2,8.5,,1027.3,
2016-08-08,19.4,11.2,27.0,0.0,,257,7.2,,1021.9,
2016-08-09,16.2,13.1,18.8,5.8,,339,6.3,,1020.9,
2016-08-10,14.9,12.4,19.8,1.0,,245,7.4,,1020.5,
2016-08-11,13.8,8.6,19.4,0.7,,319,6.3,,1024.5,
2016-08-12,17.0,12.8,22.5,0.0,,162,8.5,,1026.4,
2016-08-13,18.6,10.5,26.7,,,25,3.6,,1024.4,
2016-08-14,20.8,12.6,28.8,0.0,,288,4.0,,1021.4,
2016-08-15,21.3,15.4,27.7,0.0,,356,7.2,,1018.9,
2016-08-16,21.4,14.6,27.7,1.0,,327,5.1,,1015.0,
2016-08-17,20.4,15.6,25.5,3.0,,229,9.0,,1011.9,
2016-08-18,17.4,13.0,22.0,10.1,,156,8.1,,1011.4,
2016-08-19,19.6,16.4,24.7,0.2,,159,4.8,,1011.8,
2016-08-20,17.9,14.3,20.5,2.1,,270,6.7,,1015.3,
2016-08-21,15.8,12.9,20.8,0.5,,253,10.4,,1022.4,
2016-08-22,16.1,9.4,22.2,0.0,,4,3.5,,1028.2,
2016-08-23,18.9,11.4,26.4,0.0,,14,10.6,,1026.3,
2016-08-24,20.9,13.1,28.3,0.0,,7,9.8,,1021.6,
2016-08-25,21.9,13.9,30.5,0.0,,321,5.4,,1017.6,
2016-08-26,23.7,16.8,32.1,0.0,,277,3.7,,1017.0,
2016-08-27,23.0,15.0,31.3,0.0,,,4.0,,1017.3,
2016-08-28,24.5,17.5,30.7,2.4,,209,9.3,,1016.6,
2016-08-29,20.6,18.8,22.8,3.6,,228,7.3,,1019.3,
2016-08-30,20.2,15.5,24.6,0.0,,30,14.3,,1020.8,
2016-08-31,20.2,13.0,27.3,,,293,6.5,,1019.8,
2016-09-01,21.2,16.3,26.2,0.0,,277,6.4,,1021.6,
2016-09-02,19.1,12.1,26.8,0.0,,323,4.5,,1020.9,
2016-09-03,18.9,11.8,25.4,0.0,,137,3.9,,1019.7,
2016-09-04,17.3,12.7,23.0,3.6,,226,8.9,,1018.0,
2016-09-05,15.5,12.8,18.8,17.6,,205,8.0,,1021.9,
2016-09-06,16.5,11.3,22.2,0.1,,57,11.0,,1025.0,
2016-09-07,17.3,10.7,23.4,0.0,,1,8.6,,1018.8,
2016-09-08,18.9,11.7,27.2,0.0,,214,5.6,,1015.1,
2016-09-09,19.8,12.4,27.2,0.0,,24,6.9,,1016.3,
2016-09-10,19.4,12.3,27.0,0.0,,96,3.1,,1016.1,
2016-09-11,20.5,13.4,27.5,0.0,,74,5.9,,1017.2,
2016-09-12,20.5,12.2,28.8,0.0,,207,4.6,,1017.0,
2016-09-13,20.5,13.4,28.2,0.0,,359,4.9,,1014.8,
2016-09-14,20.2,13.1,28.2,0.0,,47,5.7,,1011.8,
2016-09-15,16.9,11.8,22.0,0.0,,278,6.8,,1011.4,
2016-09-16,15.8,14.1,19.2,0.7,,237,8.2,,1015.4,
2016-09-17,15.2,12.9,18.7,0.0,,243,8.7,,1015.5,
2016-09-18,13.6,12.1,15.0,11.3,,237,7.3,,1014.1,
2016-09-19,14.2,10.2,17.7,1.9,,275,5.9,,1017.2,
2016-09-20,13.5,10.6,16.9,0.1,,24,9.5,,1017.4,
2016-09-21,12.3,6.6,17.8,0.0,,6,8.4,,1018.1,
2016-09-22,11.5,5.2,18.6,0.0,,335,4.6,,1021.8,
2016-09-23,12.9,7.6,19.5,0.0,,286,4.0,,1025.3,
2016-09-24,12.8,5.8,20.8,0.0,,3,6.3,,1025.2,
2016-09-25,14.0,7.5,23.0,0.1,,319,3.6,,1021.4,
2016-09-26,14.6,8.7,21.6,0.0,,347,6.3,,1021.5,
2016-09-27,15.6,11.2,19.6,0.0,,3,5.5,,1025.0,
2016-09-28,14.0,7.2,22.0,,,229,5.3,,1029.8,
2016-09-29,15.9,8.9,23.3,0.0,,187,9.1,,1024.3,
2016-09-30,16.9,10.8,24.1,0.0,,160,9.3,,1017.1,
2016-10-01,14.5,10.2,21.0,1.9,,198,9.0,,1013.4,
2016-10-02,13.0,7.3,16.3,4.4,,253,7.9,,1016.9,
2016-10-03,10.7,5.6,16.2,0.0,,215,6.2,,1025.9,
2016-10-04,11.4,6.9,16.2,0.0,,22,16.5,,1027.9,
2016-10-05,9.5,6.5,12.3,0.0,,55,19.0,,1026.2,
2016-10-06,7.1,2.2,11.4,0.0,,32,15.1,,1019.7,
2016-10-07,9.1,4.1,13.0,0.0,,37,10.5,,1017.6,
2016-10-08,8.8,4.1,11.2,0.0,,25,5.8,,1020.6,
2016-10-09,5.4,1.4,12.0,0.1,,341,7.3,,1023.8,
2016-10-10,6.2,3.3,10.2,1.1,,7,7.8,,1023.0,
2016-10-11,7.2,5.2,11.4,0.1,,2,10.7,,1018.1,
2016-10-12,6.7,4.0,10.9,0.0,,0,11.3,,1017.2,
2016-10-13,5.8,0.8,9.7,0.0,,8,11.5,,1013.5,
2016-10-14,7.5,4.8,10.5,0.0,,357,9.9,,1008.1,
2016-10-15,9.2,1.9,16.0,3.9,,150,4.0,,1014.9,
2016-10-16,8.3,5.6,12.8,0.2,,0,4.8,,1022.7,
2016-10-17,9.8,6.8,13.0,2.4,,231,5.3,,1024.6,
2016-10-18,12.0,8.3,14.6,1.5,,213,7.1,,1023.9,
2016-10-19,8.8,6.1,11.0,0.4,,226,7.6,,1021.2,
2016-10-20,7.6,5.1,12.0,0.2,,239,8.3,,1017.3,
2016-10-21,6.9,5.1,8.6,2.3,,216,6.8,,1016.4,
2016-10-22,4.5,-0.8,10.1,0.0,,,3.2,,1016.6,
2016-10-23,5.4,-0.5,8.1,9.7,,316,5.3,,1013.8,
2016-10-24,9.6,6.0,15.3,0.1,,307,4.8,,1015.1,
2016-10-25,12.6,9.4,14.0,19.4,,150,5.2,,1021.6,
2016-10-26,11.6,7.0,13.2,7.9,,359,6.8,,1026.7,
2016-10-27,7.5,3.0,13.5,0.1,,330,5.9,,1033.8,
2016-10-28,5.9,1.6,10.7,0.0,,332,5.0,,1035.9,
2016-10-29,7.0,4.7,11.4,0.1,,15,6.1,,1034.6,
2016-10-30,7.5,3.3,13.9,0.0,,0,9.6,,1030.1,
2016-10-31,6.2,3.4,8.3,0.0,,15,7.4,,1028.5,
2016-11-01,7.9,5.6,12.5,0.0,,205,7.2,,1023.9,
2016-11-02,9.0,6.7,12.7,0.0,,249,10.7,,1020.3,
2016-11-03,5.6,-0.2,10.0,0.0,,350,8.0,,1022.5,
2016-11-04,4.2,-2.8,11.9,0.1,,229,3.6,,1017.5,
2016-11-05,9.5,7.5,12.5,23.5,,208,7.8,,1004.5,
2016-11-06,4.7,3.1,7.9,13.4,,212,7.6,,1004.5,
2016-11-07,1.9,-1.6,4.4,4.4,,216,6.5,,1010.0,
2016-11-08,1.0,-0.5,2.8,0.0,,231,6.7,,1012.7,
2016-11-09,2.4,-1.1,5.5,5.3,,197,10.4,,1009.1,
2016-11-10,5.6,3.7,6.9,21.1,,231,19.3,,1011.5,
2016-11-11,4.7,3.5,6.0,8.5,,244,12.1,,1016.0,
2016-11-12,2.8,-2.4,5.4,1.5,,90,5.0,,1024.2,
2016-11-13,1.1,-2.7,4.8,0.0,,357,6.9,,1025.8,
2016-11-14,1.3,0.3,2.5,0.0,,6,10.6,,1032.0,
2016-11-15,4.2,0.9,7.8,0.1,,211,6.0,,1032.4,
2016-11-16,7.0,5.3,9.1,3.9,,194,7.2,,1025.4,
2016-11-17,8.7,6.2,12.2,2.7,,205,9.4,,1016.3,
2016-11-18,8.8,5.8,11.7,12.2,,201,14.3,,1009.6,
2016-11-19,5.3,1.0,7.1,9.0,,191,11.0,,1012.5,
2016-11-20,2.8,-0.5,10.8,0.0,,280,6.2,,1010.0,
2016-11-21,4.5,-1.1,9.9,0.0,,323,3.5,,1005.5,
2016-11-22,7.7,2.0,11.8,0.0,,0,6.2,,1011.7,
2016-11-23,7.6,4.3,12.0,,,318,7.5,,1015.8,
2016-11-24,6.0,1.2,9.4,0.0,,336,11.1,,1014.9,
2016-11-25,6.3,5.7,7.1,0.2,,26,15.3,,1015.6,
2016-11-26,6.5,5.4,7.7,0.6,,295,3.7,,1018.6,
2016-11-27,6.5,5.1,7.8,0.8,,339,7.3,,1018.2,
2016-11-28,2.4,-0.9,5.4,,,54,25.2,,1022.6,
2016-11-29,-1.8,-5.5,1.9,0.0,,31,13.6,,1032.1,
2016-11-30,-1.8,-7.1,3.8,0.0,,174,7.5,,1036.2,
2016-12-01,-1.3,-4.5,5.8,0.0,,200,4.9,,1031.4,
2016-12-02,-0.5,-6.3,5.9,0.0,,347,6.3,,1024.9,
2016-12-03,2.1,-0.7,4.0,0.0,,22,8.6,,1022.2,
2016-12-04,0.7,-2.4,3.9,0.0,,339,6.1,,1027.0,
2016-12-05,-0.8,-3.7,1.0,0.0,,15,4.2,,1030.4,
2016-12-06,-1.1,-2.5,2.0,0.0,,330,6.0,,1033.4,
2016-12-07,-1.5,-2.0,-0.9,0.0,,214,4.4,,1037.1,
2016-12-08,0.0,-2.5,5.8,0.0,,177,6.0,,1037.6,
2016-12-09,-1.7,-5.8,5.0,0.0,,302,4.8,,1035.9,
2016-12-10,-1.9,-5.8,7.5,0.0,,257,3.6,,1031.0,
2016-12-11,-0.2,-5.6,3.7,0.1,,162,6.0,,1027.7,
2016-12-12,0.1,-3.5,2.9,0.0,,325,5.2,,1028.8,
2016-12-13,-1.4,-4.2,0.8,0.0,,169,3.5,,1029.8,
2016-12-14,-1.2,-2.2,0.2,0.0,,129,2.6,,1028.2,
2016-12-15,-1.7,-3.1,0.0,0.0,,104,5.0,,1029.4,
2016-12-16,-0.3,-1.2,0.3,0.0,,76,7.1,,1032.2,
2016-12-17,-0.9,-1.9,0.4,0.0,,349,3.8,,1040.1,
2016-12-18,-0.3,-1.0,0.6,0.1,,268,4.4,,1036.9,
2016-12-19,1.8,0.5,3.7,0.0,,19,11.9,,1026.5,
2016-12-20,-0.2,-2.5,1.3,0.0,,349,8.7,,1024.3,
2016-12-21,-1.4,-3.5,-0.3,0.0,,344,4.6,,1031.6,
2016-12-22,-0.3,-1.3,3.0,0.0,,205,5.8,,1035.0,
2016-12-23,2.3,-0.3,4.8,0.0,,248,6.0,,1036.6,
2016-12-24,5.4,2.2,7.7,0.1,,222,10.9,,1034.3,
2016-12-25,6.4,3.1,8.9,0.0,,239,8.6,,1033.5,
2016-12-26,3.4,-3.1,7.7,0.2,,189,7.4,,1034.4,
2016-12-27,1.9,-2.8,6.2,0.0,,332,6.0,,1042.9,
2016-12-28,-1.6,-6.5,4.0,0.0,,352,7.3,,1045.3,
2016-12-29,-0.6,-5.8,3.0,0.0,,24,8.4,,1040.7,
2016-12-30,-1.1,-1.6,-0.7,0.0,,354,4.7,,1040.4,
2016-12-31,-1.9,-2.6,-1.3,0.0,,219,4.1,,1036.9,
2017-01-01,-3.1,-4.6,0.4,0.0,,195,6.7,,1026.9,
2017-01-02,-1.1,-2.6,1.0,3.3,,211,7.8,,1024.8,
2017-01-03,-3.6,-5.2,-1.1,0.0,,286,5.7,,1029.8,
2017-01-04,-1.0,-3.8,0.8,0.8,,237,12.5,,1023.3,
2017-01-05,-3.1,-9.3,0.1,0.9,,331,8.5,,1028.3,
2017-01-06,-8.5,-12.9,-5.0,0.0,,355,9.2,,1040.3,
2017-01-07,-9.3,-14.9,-4.3,0.0,,146,5.0,,1038.2,
2017-01-08,-2.4,-4.8,-0.3,1.8,,180,4.1,,1032.7,
2017-01-09,-1.5,-2.8,-0.2,0.0,,304,4.6,,1029.2,
2017-01-10,-1.1,-2.4,0.3,3.5,,155,8.3,,1015.0,
2017-01-11,1.5,-0.1,3.3,3.1,,217,13.3,,1017.1,
2017-01-12,4.1,3.1,5.3,3.6,,218,12.1,,1014.3,
2017-01-13,1.3,-1.3,6.3,2.4,,244,17.6,,1007.3,
2017-01-14,-0.2,-1.9,0.9,0.6,,236,13.3,,1015.8,
2017-01-15,-1.6,-2.7,0.5,0.3,,219,6.7,,1023.1,
2017-01-16,-3.4,-6.0,-1.5,0.1,,7,9.9,,1024.7,
2017-01-17,-3.7,-4.4,-3.2,0.0,,42,26.0,,1029.8,
2017-01-18,-3.9,-4.7,-3.0,,,52,26.2,,1032.1,
2017-01-19,-4.5,-4.9,-3.9,0.0,,49,17.1,,1033.9,
2017-01-20,-5.6,-6.4,-4.9,0.0,,43,10.3,,1034.1,
2017-01-21,-6.0,-7.1,-5.1,0.0,,51,6.8,,1032.3,
2017-01-22,-5.9,-6.4,-5.2,0.0,,104,4.8,,1028.3,
2017-01-23,-6.5,-7.2,-5.3,0.0,,338,4.6,,1027.1,
2017-01-24,-5.6,-7.1,-4.5,0.0,,357,9.5,,1028.4,
2017-01-25,-6.6,-7.3,-6.1,0.0,,50,16.1,,1029.8,
2017-01-26,-5.5,-6.4,-4.5,0.0,,67,11.6,,1027.5,
2017-01-27,-3.4,-5.7,1.0,0.0,,345,4.2,,1023.5,
2017-01-28,-1.9,-6.5,6.0,0.0,,289,4.3,,1022.3,
2017-01-29,-0.4,-6.3,7.9,0.0,,163,5.4,,1025.2,
2017-01-30,1.2,-4.9,5.8,2.3,,142,8.1,,1020.6,
2017-01-31,6.1,4.6,7.3,20.5,,193,10.0,,1017.0,
2017-02-01,6.0,4.7,9.7,9.3,,158,6.5,,1017.6,
2017-02-02,3.3,1.5,5.1,0.0,,351,6.0,,1014.2,
2017-02-03,5.0,1.5,9.3,0.4,,198,6.8,,1010.0,
2017-02-04,4.0,-0.4,7.1,0.3,,227,14.4,,1006.2,
2017-02-05,1.4,-2.1,4.6,7.1,,298,5.3,,1006.0,
2017-02-06,2.1,0.1,4.8,2.1,,148,5.9,,1015.7,
2017-02-07,2.3,-0.3,4.8,1.5,,149,5.7,,1019.0,
2017-02-08,2.2,0.1,3.9,4.7,,359,7.2,,1020.6,
2017-02-09,-0.3,-2.7,0.4,0.0,,354,10.5,,1023.3,
2017-02-10,0.4,-3.0,3.1,0.0,,353,5.5,,1020.9,
2017-02-11,0.1,-2.6,3.9,0.0,,18,5.3,,1021.8,
2017-02-12,1.4,-0.2,4.5,0.0,,34,12.2,,1024.8,
2017-02-13,0.8,-0.1,1.8,0.0,,44,17.0,,1027.0,
2017-02-14,0.8,-1.9,5.0,0.0,,2,5.8,,1031.2,
2017-02-15,1.2,-4.4,11.8,0.0,,300,3.6,,1037.0,
2017-02-16,3.8,-3.6,13.4,0.0,,263,4.8,,1033.9,
2017-02-17,4.9,1.5,6.2,6.4,,163,7.6,,1028.7,
2017-02-18,2.8,-0.8,8.7,0.0,,13,7.3,,1027.7,
2017-02-19,2.3,-4.7,8.9,0.0,,177,6.7,,1026.6,
2017-02-20,6.2,1.9,10.4,1.3,,218,7.8,,1025.1,
2017-02-21,8.7,6.6,10.9,1.1,,222,10.7,,1021.7,
2017-02-22,9.3,6.9,11.9,0.0,,260,12.3,,1018.3,
2017-02-23,10.0,0.9,19.2,0.0,,209,18.2,,1009.3,
2017-02-24,5.5,-0.3,10.6,0.0,,272,17.2,,1014.5,
2017-02-25,1.5,-3.5,8.7,0.0,,25,6.1,,1023.4,
2017-02-26,4.5,-0.6,11.4,0.0,,164,7.8,,1019.5,
2017-02-27,5.9,-3.2,15.3,0.0,,198,9.3,,1009.6,
2017-02-28,3.8,0.3,8.7,18.6,,221,15.6,,1001.9,
2017-03-01,5.0,2.5,7.5,4.1,,224,21.8,,1010.8,
2017-03-02,7.1,0.9,10.8,7.6,,244,20.1,,1016.4,
2017-03-03,4.4,-2.0,12.7,0.0,,337,5.1,,1012.2,
2017-03-04,5.9,-1.8,17.4,1.9,,276,11.7,,997.8,
2017-03-05,6.4,3.0,10.7,4.4,,236,20.1,,1006.6,
2017-03-06,4.5,2.2,7.2,13.4,,234,11.7,,1006.6,
2017-03-07,4.1,1.5,7.0,3.2,,228,11.8,,1017.7,
2017-03-08,3.9,-1.4,7.1,2.2,,181,10.3,,1025.0,
2017-03-09,8.9,6.7,10.3,6.6,,228,15.4,,1023.6,
2017-03-10,8.5,2.3,13.4,0.1,,328,5.5,,1026.4,
2017-03-11,5.5,-1.4,14.0,0.0,,338,6.5,,1022.7,
2017-03-12,6.8,-0.3,14.2,0.0,,355,7.4,,1015.9,
2017-03-13,6.5,-1.4,14.7,0.0,,326,6.6,,1023.9,
2017-03-14,7.6,-0.8,15.6,0.0,,301,4.5,,1032.3,
2017-03-15,8.3,-0.3,16.7,0.0,,45,7.0,,1031.3,
2017-03-16,9.3,1.5,17.6,0.0,,355,6.8,,1025.0,
2017-03-17,11.1,3.1,20.1,0.0,,217,13.3,,1018.2,
2017-03-18,8.4,7.8,9.2,5.1,,254,20.6,,1016.9,
2017-03-19,11.3,8.4,14.8,0.5,,255,14.1,,1016.2,
2017-03-20,10.7,7.0,14.6,0.0,,263,7.8,,1014.1,
2017-03-21,10.1,5.0,14.4,0.0,,248,8.6,,1012.3,
2017-03-22,6.2,3.8,8.1,1.6,,343,10.3,,1013.5,
2017-03-23,10.6,3.6,17.9,0.5,,48,15.6,,1012.9,
2017-03-24,9.1,7.3,12.4,0.0,,20,14.0,,1021.9,
2017-03-25,10.0,7.3,14.4,0.0,,51,18.4,,1021.2,
2017-03-26,7.9,2.7,12.5,,,348,6.1,,1021.0,
2017-03-27,8.7,2.0,16.8,0.0,,336,6.2,,1022.4,
2017-03-28,10.7,1.7,19.1,0.0,,195,6.6,,1024.5,
2017-03-29,11.7,3.8,19.1,0.0,,292,5.2,,1027.2,
2017-03-30,11.9,2.6,20.7,0.0,,27,6.8,,1026.0,
2017-03-31,12.4,3.9,21.1,0.0,,279,5.0,,1019.3,
2017-04-01,11.6,6.2,19.1,0.0,,254,8.2,,1013.1,
2017-04-02,12.2,8.7,17.0,0.0,,339,9.9,,1017.1,
2017-04-03,12.7,6.4,18.0,0.0,,9,11.4,,1022.2,
2017-04-04,11.5,7.5,14.6,1.2,,351,7.6,,1021.9,
2017-04-05,10.6,5.7,15.9,0.0,,359,7.0,,1022.4,
2017-04-06,9.6,6.0,12.7,0.0,,30,13.4,,1024.3,
2017-04-07,8.6,0.9,17.3,0.1,,311,5.9,,1024.8,
2017-04-08,11.5,4.0,20.6,0.0,,336,7.5,,1023.2,
2017-04-09,13.1,3.1,23.8,0.0,,285,4.9,,1023.3,
2017-04-10,15.7,7.7,23.8,0.0,,206,12.8,,1020.2,
2017-04-11,11.8,6.5,15.3,0.0,,22,9.8,,1023.2,
2017-04-12,11.3,1.4,20.2,0.0,,287,8.7,,1020.1,
2017-04-13,13.9,10.0,18.2,0.0,,265,12.9,,1015.5,
2017-04-14,10.0,4.2,15.3,0.0,,295,7.7,,1017.2,
2017-04-15,10.4,5.3,13.1,0.1,,259,8.6,,1018.0,
2017-04-16,8.4,6.2,10.6,2.5,,265,9.2,,1021.3,
2017-04-17,7.5,5.0,11.5,2.5,,215,11.5,,1019.7,
2017-04-18,3.6,1.0,6.4,3.2,,354,10.3,,1023.6,
2017-04-19,2.0,0.5,4.2,4.0,,14,12.1,,1029.7,
2017-04-20,2.6,-2.6,7.5,0.0,,49,15.3,,1034.4,
2017-04-21,5.1,-4.8,13.5,0.0,,351,5.8,,1032.1,
2017-04-22,8.3,-0.7,16.5,0.0,,,9.0,,1025.3,
2017-04-23,9.3,5.1,13.8,0.0,,47,9.1,,1023.2,
2017-04-24,9.3,-0.9,19.6,0.0,,320,6.7,,1017.0,
2017-04-25,10.2,7.8,13.6,27.0,,187,8.2,,1008.7,
2017-04-26,3.2,0.3,7.3,25.3,,1,10.8,,1011.1,
2017-04-27,3.6,2.3,5.1,10.1,,321,7.3,,1015.1,
2017-04-28,3.8,1.2,6.4,11.7,,164,8.9,,1016.0,
2017-04-29,5.6,-2.9,13.4,0.0,,57,7.2,,1018.9,
2017-04-30,8.9,-1.4,18.5,0.0,,358,6.4,,1011.5,
2017-05-01,6.6,4.0,8.9,1.7,,243,11.7,,1013.6,
2017-05-02,9.3,3.9,14.3,1.1,,212,7.3,,1016.6,
2017-05-03,10.7,7.1,15.6,1.6,,258,4.9,,1017.6,
2017-05-04,9.9,7.8,14.2,4.0,,348,5.8,,1016.0,
2017-05-05,12.4,7.5,18.6,0.0,,44,8.5,,1017.2,
2017-05-06,10.7,6.3,15.4,6.5,,304,10.8,,1011.9,
2017-05-07,10.8,9.2,13.2,5.1,,230,16.7,,1016.4,
2017-05-08,9.7,8.2,11.1,14.8,,261,12.3,,1018.5,
2017-05-09,9.2,6.1,12.9,1.1,,26,9.9,,1017.6,
2017-05-10,10.7,1.1,20.4,0.0,,356,5.6,,1009.3,
2017-05-11,14.9,8.3,20.3,0.0,,28,7.4,,1000.9,
2017-05-12,15.2,11.6,20.8,0.5,,228,9.2,,1004.5,
2017-05-13,16.1,11.7,22.3,0.2,,224,9.9,,1012.8,
2017-05-14,15.0,11.4,19.6,0.7,,176,7.9,,1022.2,
2017-05-15,16.0,11.6,22.0,0.7,,257,6.5,,1028.5,
2017-05-16,16.2,7.1,23.8,0.0,,24,8.1,,1027.8,
2017-05-17,18.1,8.8,26.6,0.0,,341,4.1,,1020.4,
2017-05-18,19.3,13.4,23.9,0.0,,321,6.9,,1012.7,
2017-05-19,12.0,7.0,17.3,0.3,,271,12.6,,1014.4,
2017-05-20,10.0,1.9,16.8,0.0,,275,5.8,,1023.3,
2017-05-21,14.0,7.0,20.3,0.0,,13,15.4,,1024.1,
2017-05-22,15.8,6.0,24.3,0.0,,339,5.9,,1018.1,
2017-05-23,18.6,12.0,25.4,0.0,,226,9.4,,1018.8,
2017-05-24,18.6,13.5,23.2,0.0,,343,7.7,,1022.0,
2017-05-25,18.6,12.3,22.9,0.0,,37,11.6,,1020.4,
2017-05-26,18.7,9.7,25.6,0.0,,25,14.7,,1018.2,
2017-05-27,20.0,10.6,28.7,0.0,,354,4.9,,1018.1,
2017-05-28,21.3,12.2,29.2,0.0,,352,4.5,,1018.3,
2017-05-29,22.6,12.9,30.3,0.0,,267,6.2,,1014.7,
2017-05-30,22.8,17.2,28.0,0.0,,245,9.8,,1015.0,
2017-05-31,21.2,17.0,26.3,6.3,,35,9.7,,1018.7,
2017-06-01,20.3,16.2,24.6,0.3,,345,8.3,,1019.6,
2017-06-02,19.7,15.0,26.0,3.3,,147,9.2,,1017.4,
2017-06-03,19.5,12.7,27.3,12.0,,292,6.7,,1013.8,
2017-06-04,17.7,13.9,21.6,2.6,,259,12.3,,1014.9,
2017-06-05,14.4,12.3,16.7,1.2,,293,5.8,,1014.5,
2017-06-06,13.4,9.4,17.7,0.8,,250,14.3,,1009.7,
2017-06-07,13.0,9.2,17.1,1.1,,252,13.9,,1019.5,
2017-06-08,14.5,4.2,24.3,0.0,,332,4.0,,1020.1,
2017-06-09,16.8,7.6,23.0,0.9,,269,7.0,,1015.8,
2017-06-10,19.4,14.2,25.4,0.0,,338,5.4,,1019.6,
2017-06-11,21.2,10.7,30.0,0.0,,332,6.7,,1017.5,
2017-06-12,22.1,17.4,26.5,0.0,,232,10.6,,1016.1,
2017-06-13,21.9,16.3,27.8,0.0,,324,9.5,,1016.4,
2017-06-14,20.1,14.1,25.8,0.0,,9,8.6,,1016.1,
2017-06-15,21.8,15.8,30.5,22.1,,203,11.0,,1015.8,
2017-06-16,20.6,14.9,25.1,1.1,,247,14.7,,1020.0,
2017-06-17,18.1,11.1,24.2,0.0,,357,8.9,,1024.6,
2017-06-18,19.7,11.2,25.5,0.0,,28,16.4,,1022.1,
2017-06-19,22.0,12.3,30.3,0.0,,299,7.4,,1019.1,
2017-06-20,25.1,17.0,32.4,0.0,,221,8.6,,1016.0,
2017-06-21,24.9,16.9,32.0,0.0,,279,5.4,,1014.6,
2017-06-22,25.9,17.8,33.4,0.0,,234,7.0,,1014.5,
2017-06-23,27.0,22.1,31.9,0.0,,246,11.8,,1015.1,
2017-06-24,22.2,19.2,25.8,0.0,,257,7.2,,1017.3,
2017-06-25,21.4,18.6,25.9,0.0,,237,10.6,,1015.4,
2017-06-26,22.0,12.6,31.3,0.0,,258,6.7,,1012.3,
2017-06-27,21.3,16.3,27.2,2.5,,102,5.3,,1007.9,
2017-06-28,19.5,15.1,25.3,14.1,,210,10.1,,1001.0,
2017-06-29,17.6,14.7,21.6,9.3,,227,15.9,,1001.6,
2017-06-30,17.5,12.7,23.1,,,225,14.0,,1008.1,
2017-07-01,16.5,13.1,21.1,0.1,,256,15.9,,1014.3,
2017-07-02,14.8,12.9,17.7,4.9,,224,10.9,,1021.3,
2017-07-03,18.1,14.3,23.7,0.0,,259,6.1,,1023.2,
2017-07-04,19.6,10.3,27.0,0.0,,327,4.4,,1020.6,
2017-07-05,21.9,11.8,30.7,0.0,,286,6.3,,1017.5,
2017-07-06,24.3,15.1,33.2,0.0,,244,6.2,,1017.0,
2017-07-07,26.0,19.2,32.1,0.0,,230,10.7,,1016.6,
2017-07-08,23.9,19.0,32.6,0.1,,189,10.8,,1016.4,
2017-07-09,20.9,16.3,26.2,20.1,,209,10.7,,1013.8,
2017-07-10,19.6,16.8,25.2,16.4,,233,10.1,,1011.8,
2017-07-11,18.6,14.6,23.8,0.0,,217,8.1,,1015.3,
2017-07-12,20.2,15.3,25.7,3.2,,259,12.9,,1014.7,
2017-07-13,19.5,15.8,23.4,0.6,,26,7.9,,1019.1,
2017-07-14,19.2,14.6,24.3,3.0,,294,10.9,,1017.1,
2017-07-15,17.3,13.2,21.8,0.0,,331,7.8,,1021.6,
2017-07-16,18.1,11.1,24.2,0.0,,356,7.5,,1023.8,
2017-07-17,20.7,12.0,27.8,0.0,,16,7.6,,1020.2,
2017-07-18,22.5,15.2,29.0,0.0,,102,7.0,,1016.1,
2017-07-19,22.5,14.7,32.6,2.8,,203,8.7,,1013.3,
2017-07-20,20.6,16.8,24.7,4.1,,182,7.9,,1013.7,
2017-07-21,20.9,15.0,28.0,12.1,,357,10.2,,1012.5,
2017-07-22,21.1,15.4,28.0,0.1,,244,7.1,,1013.8,
2017-07-23,18.4,15.8,21.0,1.1,,277,8.3,,1017.2,
2017-07-24,16.1,13.2,19.8,4.7,,256,10.7,,1012.0,
2017-07-25,14.7,12.6,17.6,11.2,,245,12.0,,1012.3,
2017-07-26,15.4,12.5,19.9,7.4,,241,11.7,,1012.7,
2017-07-27,16.6,11.9,21.4,0.6,,173,8.2,,1012.8,
2017-07-28,17.9,15.9,21.2,2.7,,180,8.6,,1015.3,
2017-07-29,20.0,12.7,26.5,0.0,,166,4.3,,1016.4,
2017-07-30,22.4,15.5,28.0,2.0,,198,7.2,,1013.0,
2017-07-31,21.7,15.1,27.9,0.3,,71,8.0,,1014.7,
2017-08-01,21.8,15.1,31.5,14.0,,359,7.9,,1014.4,
2017-08-02,23.3,15.8,30.7,,,171,6.1,,1018.1,
2017-08-03,24.8,19.0,31.7,0.0,,288,7.6,,1014.5,
2017-08-04,23.0,19.0,27.5,2.0,,273,8.5,,1015.1,
2017-08-05,21.6,14.6,28.5,0.3,,300,8.3,,1016.0,
2017-08-06,18.2,15.1,20.9,0.3,,76,9.9,,1021.3,
2017-08-07,18.8,10.4,25.7,0.0,,28,9.8,,1017.2,
2017-08-08,16.3,13.0,20.4,,,256,7.1,,1013.5,
2017-08-09,17.3,11.6,21.3,10.6,,28,6.5,,1016.3,
2017-08-10,13.3,10.6,15.3,15.5,,291,5.5,,1019.9,
2017-08-11,12.4,10.6,14.2,5.6,,259,6.7,,1018.9,
2017-08-12,15.2,11.9,19.9,1.5,,222,8.8,,1021.2,
2017-08-13,18.1,11.5,24.1,,,235,5.1,,1020.4,
2017-08-14,20.2,13.5,27.7,0.0,,265,5.9,,1018.5,
2017-08-15,20.9,13.8,29.4,,,,6.1,,1018.4,
2017-08-16,20.7,15.8,26.5,5.1,,348,6.5,,1020.4,
2017-08-17,21.7,16.3,27.4,0.5,,289,5.5,,1018.5,
2017-08-18,21.3,16.1,30.4,2.2,,253,8.8,,1015.7,
2017-08-19,17.7,14.4,21.9,1.1,,271,9.4,,1019.6,
2017-08-20,16.1,10.8,21.5,0.0,,312,6.3,,1023.7,
2017-08-21,14.7,9.6,21.0,0.0,,325,4.8,,1023.8,
2017-08-22,18.3,11.3,25.1,0.0,,333,5.6,,1019.7,
2017-08-23,20.2,12.4,28.9,0.0,,319,3.9,,1016.2,
2017-08-24,20.2,14.8,28.9,0.1,,131,6.4,,1017.5,
2017-08-25,20.0,13.4,28.3,0.0,,336,3.8,,1018.1,
2017-08-26,22.6,15.4,30.4,0.1,,180,5.4,,1016.3,
2017-08-27,21.5,14.4,27.2,0.0,,181,6.3,,1016.8,
2017-08-28,21.3,14.3,28.5,0.0,,329,3.7,,1016.9,
2017-08-29,21.6,13.4,30.3,0.0,,342,4.5,,1014.7,
2017-08-30,22.2,13.2,31.1,5.0,,256,6.5,,1011.9,
2017-08-31,16.6,13.7,19.5,21.8,,267,7.3,,1016.9,
2017-09-01,13.5,12.3,15.7,33.8,,339,7.9,,1019.3,
2017-09-02,12.5,10.8,15.0,6.1,,283,6.9,,1018.7,
2017-09-03,12.6,7.8,18.1,0.0,,149,5.0,,1017.9,
2017-09-04,14.3,7.8,20.6,0.0,,260,5.6,,1017.4,
2017-09-05,19.7,14.6,25.8,0.0,,198,5.4,,1019.7,
2017-09-06,18.6,15.5,22.9,0.1,,263,12.5,,1019.2,
2017-09-07,15.4,11.4,18.5,0.0,,265,7.0,,1018.7,
2017-09-08,14.7,10.2,19.7,0.0,,209,8.4,,1012.9,
2017-09-09,11.9,9.2,14.1,10.0,,157,7.1,,1004.7,
2017-09-10,12.6,9.5,16.5,3.0,,154,9.4,,1007.5,
2017-09-11,12.2,8.2,16.6,0.4,,197,10.1,,1006.7,
2017-09-12,12.4,10.5,15.2,2.6,,222,11.8,,1012.7,
2017-09-13,14.1,7.5,19.6,0.4,,218,19.5,,1014.6,
2017-09-14,14.5,9.6,20.0,8.5,,242,23.1,,1012.4,
2017-09-15,10.7,3.2,16.5,0.0,,184,6.1,,1015.7,
2017-09-16,9.8,3.0,16.4,3.7,,348,5.8,,1013.0,
2017-09-17,9.9,7.6,15.4,12.2,,310,5.1,,1015.0,
2017-09-18,10.7,8.4,14.0,,,258,8.3,,1017.8,
2017-09-19,10.3,8.7,13.6,2.2,,219,8.0,,1019.4,
2017-09-20,11.2,7.0,15.4,0.8,,229,5.1,,1022.6,
2017-09-21,10.3,4.1,17.8,0.0,,21,6.5,,1021.6,
2017-09-22,12.0,3.8,20.5,0.0,,252,4.5,,1021.4,
2017-09-23,13.1,6.2,20.1,0.0,,4,4.4,,1022.0,
2017-09-24,14.7,10.3,19.9,0.0,,343,5.8,,1020.4,
2017-09-25,13.0,7.5,19.4,0.0,,352,6.7,,1019.6,
2017-09-26,12.3,6.6,17.9,0.0,,276,5.1,,1021.4,
2017-09-27,15.0,12.4,20.3,0.1,,357,3.5,,1022.8,
2017-09-28,14.8,9.2,20.9,0.0,,359,3.4,,1025.0,
2017-09-29,15.5,11.8,20.4,2.0,,37,3.9,,1023.2,
2017-09-30,15.0,10.8,20.2,5.9,,272,8.5,,1018.4,
2017-10-01,12.1,8.9,16.8,1.2,,4,5.4,,1022.4,
2017-10-02,13.0,9.0,16.7,0.2,,221,7.4,,1021.2,
2017-10-03,14.7,9.1,17.5,14.9,,,9.2,,1020.2,
2017-10-04,10.2,5.4,15.6,0.0,,,3.4,,1026.3,
2017-10-05,13.6,7.3,21.3,,,244,11.4,,1019.3,
2017-10-06,9.2,7.0,13.1,11.2,,284,8.1,,1021.9,
2017-10-07,9.0,3.4,13.9,0.0,,230,6.0,,1024.9,
2017-10-08,10.3,8.9,12.0,0.9,,227,8.4,,1020.7,
2017-10-09,11.4,9.2,14.0,0.8,,,3.1,,1021.4,
2017-10-10,10.3,4.9,16.5,0.1,,,5.6,,1022.0,
2017-10-11,11.5,5.1,18.8,0.0,,176,5.4,,1022.1,
2017-10-12,13.2,8.2,19.2,0.0,,165,8.8,,1025.1,
2017-10-13,12.4,5.4,19.5,0.0,,307,4.5,,1028.3,
2017-10-14,11.8,6.8,19.8,0.1,,318,3.4,,1028.8,
2017-10-15,12.3,7.6,21.3,0.2,,,2.5,,1028.2,
2017-10-16,12.1,5.9,22.0,0.2,,347,3.2,,1027.7,
2017-10-17,11.3,4.3,20.9,,,294,3.7,,1024.2,
2017-10-18,11.2,6.0,20.1,0.2,,18,3.7,,1017.8,
2017-10-19,11.2,4.3,19.8,0.0,,348,4.8,,1015.2,
2017-10-20,12.5,7.3,18.3,0.0,,170,8.4,,1016.8,
2017-10-21,14.9,10.9,20.0,0.5,,198,10.8,,1017.6,
2017-10-22,9.5,7.3,11.5,9.6,,227,12.6,,1020.6,
2017-10-23,8.0,6.8,9.7,2.3,,227,11.5,,1024.3,
2017-10-24,10.3,7.3,15.8,0.1,,136,4.7,,1027.4,
2017-10-25,11.0,4.0,18.9,0.0,,174,5.4,,1026.3,
2017-10-26,11.7,5.5,19.5,0.0,,157,6.7,,1026.7,
2017-10-27,11.5,4.7,13.9,0.4,,280,12.5,,1026.4,
2017-10-28,6.1,0.7,11.7,0.0,,260,9.4,,1028.4,
2017-10-29,8.4,5.9,9.4,3.2,,248,14.9,,1019.4,
2017-10-30,5.1,0.1,9.3,0.0,,25,11.0,,1026.0,
2017-10-31,3.4,-1.4,9.5,0.0,,4,7.7,,1028.4,
2017-11-01,4.3,-2.3,12.5,0.0,,96,3.7,,1026.0,
2017-11-02,9.1,2.6,14.9,0.9,,221,8.4,,1019.4,
2017-11-03,10.8,4.8,16.1,0.0,,126,5.2,,1016.6,
2017-11-04,9.6,4.6,15.3,0.0,,111,5.2,,1013.8,
2017-11-05,7.5,5.1,10.5,8.0,,242,9.4,,1012.3,
2017-11-06,4.6,2.5,6.2,7.7,,27,14.2,,1020.5,
2017-11-07,5.5,4.6,6.6,3.2,,354,11.8,,1018.1,
2017-11-08,4.9,3.0,6.9,5.9,,263,5.2,,1018.7,
2017-11-09,5.0,2.7,6.8,0.0,,319,4.1,,1024.1,
2017-11-10,5.9,4.8,7.1,1.0,,237,10.8,,1024.1,
2017-11-11,7.4,5.5,8.5,8.8,,234,20.1,,1017.3,
2017-11-12,7.9,3.1,11.2,36.3,,237,24.6,,1006.8,
2017-11-13,3.4,1.9,6.6,0.3,,321,9.1,,1016.1,
2017-11-14,1.4,-2.0,5.9,0.0,,41,6.9,,1026.6,
2017-11-15,1.3,-1.7,3.5,0.0,,25,11.5,,1027.3,
2017-11-16,0.8,-1.9,2.5,0.0,,344,7.5,,1026.2,
2017-11-17,1.2,-3.3,4.7,0.0,,357,6.2,,1027.4,
2017-11-18,4.0,3.4,5.3,0.0,,256,7.2,,1024.9,
2017-11-19,2.8,0.3,6.1,4.9,,232,8.7,,1023.0,
2017-11-20,2.0,-1.9,4.7,0.0,,210,5.9,,1025.0,
2017-11-21,6.1,3.1,10.9,0.8,,198,8.1,,1020.5,
2017-11-22,4.9,0.0,13.7,0.0,,164,7.8,,1016.5,
2017-11-23,6.6,-0.8,13.7,0.0,,163,13.6,,1015.4,
2017-11-24,9.5,4.1,13.8,0.0,,175,10.8,,1016.4,
2017-11-25,6.3,2.8,9.7,11.0,,231,11.7,,1014.8,
2017-11-26,1.4,-0.3,3.3,0.2,,221,10.9,,1027.8,
2017-11-27,2.9,0.2,5.3,0.0,,217,11.3,,1027.3,
2017-11-28,3.8,2.0,4.9,4.6,,223,12.5,,1013.2,
2017-11-29,2.4,0.8,4.0,1.0,,227,6.6,,1008.1,
2017-11-30,1.0,-0.1,2.3,0.6,,210,10.6,,1009.3,
2017-12-01,-0.5,-2.1,1.4,0.5,,351,9.2,,1013.7,
2017-12-02,0.5,-0.3,1.2,0.0,,36,18.4,,1022.3,
2017-12-03,-0.6,-1.6,0.4,0.0,,312,9.1,,1028.1,
2017-12-04,0.5,-1.4,1.7,1.8,,199,4.1,,1034.4,
2017-12-05,1.6,0.3,3.3,0.1,,295,3.9,,1039.1,
2017-12-06,0.0,-0.9,0.6,0.0,,338,4.3,,1036.9,
2017-12-07,1.9,-0.6,5.7,0.0,,187,9.4,,1026.9,
2017-12-08,3.9,-0.1,6.9,7.8,,238,18.4,,1015.9,
2017-12-09,-1.6,-5.0,0.8,0.8,,225,11.7,,1020.0,
2017-12-10,-0.7,-6.4,6.4,16.6,,184,14.0,,1002.3,
2017-12-11,3.2,1.2,6.1,4.3,,216,8.6,,988.2,
2017-12-12,2.0,-2.3,5.7,0.9,,234,11.2,,1011.0,
2017-12-13,0.0,-4.7,2.8,0.6,,182,11.8,,1016.1,
2017-12-14,3.6,0.1,7.5,20.7,,213,21.0,,1003.7,
2017-12-15,3.0,0.4,5.4,4.5,,214,12.7,,1001.5,
2017-12-16,1.7,0.6,3.0,1.7,,225,7.6,,1012.1,
2017-12-17,0.4,-3.0,2.6,0.1,,240,7.4,,1026.2,
2017-12-18,-0.2,-1.9,1.1,3.2,,173,6.7,,1026.5,
2017-12-19,1.0,0.2,2.1,0.0,,184,3.3,,1034.4,
2017-12-20,1.2,0.4,2.2,0.0,,33,3.4,,1036.5,
2017-12-21,2.6,0.3,5.1,2.5,,204,5.5,,1038.7,
2017-12-22,4.3,3.3,5.4,2.2,,198,5.0,,1037.2,
2017-12-23,4.9,4.0,6.4,0.1,,228,4.8,,1037.7,
2017-12-24,2.4,1.0,4.0,0.0,,195,9.4,,1033.7,
2017-12-25,0.3,-0.4,2.1,0.0,,184,7.7,,1024.8,
2017-12-26,1.6,-2.0,6.1,0.0,,164,10.4,,1012.4,
2017-12-27,1.4,-1.9,3.9,4.5,,238,8.7,,993.4,
2017-12-28,1.0,-0.7,2.3,0.2,,248,16.8,,1003.2,
2017-12-29,0.3,-3.0,2.8,2.3,,203,12.4,,1013.2,
2017-12-30,6.0,1.7,10.7,11.4,,207,21.4,,1012.6,
2017-12-31,10.0,4.3,13.2,0.0,,205,18.7,,1014.2,
2018-01-01,6.5,5.2,8.5,3.1,,233,21.5,,1011.6,
2018-01-02,4.6,1.6,6.3,7.1,,231,16.2,,1017.5,
2018-01-03,6.6,3.4,11.9,11.3,,233,26.2,,1008.9,
2018-01-04,8.0,4.3,11.9,27.4,,226,26.5,,1006.4,
2018-01-05,10.1,7.8,12.2,5.5,,232,15.9,,1004.8,
2018-01-06,6.6,4.0,7.7,0.4,,65,6.3,,1008.2,
2018-01-07,5.7,4.1,7.1,0.0,,25,13.6,,1015.2,
2018-01-08,5.0,3.5,7.9,0.9,,24,14.1,,1018.2,
2018-01-09,4.4,1.4,8.0,0.0,,289,8.1,,1014.1,
2018-01-10,1.7,-1.2,5.0,0.0,,134,5.5,,1015.1,
2018-01-11,4.0,1.7,7.1,0.3,,332,4.8,,1016.2,
2018-01-12,3.4,1.9,4.3,0.0,,19,11.7,,1024.2,
2018-01-13,2.1,-3.0,4.0,0.0,,18,8.7,,1024.0,
2018-01-14,-1.1,-5.3,1.7,0.0,,41,5.6,,1023.2,
2018-01-15,1.8,-1.2,5.7,3.1,,206,9.1,,1019.0,
2018-01-16,6.6,4.8,9.3,12.1,,244,31.1,,1004.3,
2018-01-17,2.8,1.3,4.3,12.4,,251,24.4,,1010.0,
2018-01-18,4.7,1.7,7.1,4.4,,234,31.0,,1012.6,
2018-01-19,4.8,2.7,6.8,14.2,,256,17.5,,1013.1,
2018-01-20,3.5,1.2,5.9,13.3,,222,19.2,,1010.2,
2018-01-21,3.9,0.6,6.7,3.1,,237,11.0,,1014.4,
2018-01-22,7.0,0.6,9.9,28.2,,211,16.6,,1014.0,
2018-01-23,6.1,2.7,8.3,0.0,,225,5.9,,1027.2,
2018-01-24,5.8,2.6,11.0,0.0,,157,8.0,,1026.2,
2018-01-25,6.3,2.4,10.7,0.0,,169,9.2,,1019.1,
2018-01-26,4.9,0.3,9.9,0.0,,299,6.2,,1018.4,
2018-01-27,6.4,5.2,7.7,0.0,,325,8.1,,1030.7,
2018-01-28,6.7,3.5,9.8,0.0,,224,10.0,,1038.0,
2018-01-29,6.3,2.8,9.3,0.0,,230,10.6,,1034.8,
2018-01-30,6.8,4.9,9.4,0.0,,301,3.3,,1030.8,
2018-01-31,6.4,2.7,8.4,0.3,,220,13.1,,1018.0,
2018-02-01,3.5,0.1,8.4,10.0,,232,14.0,,1007.0,
2018-02-02,1.3,-2.6,4.9,0.2,,225,7.3,,1010.2,
2018-02-03,0.8,-2.3,3.2,0.0,,215,6.1,,1009.5,
2018-02-04,0.4,-2.7,4.2,0.0,,353,5.2,,1015.4,
2018-02-05,0.4,-1.4,2.9,0.0,,23,13.2,,1019.8,
2018-02-06,-1.2,-3.0,1.2,0.0,,22,6.5,,1013.8,
2018-02-07,-0.5,-3.6,0.8,0.9,,308,4.8,,1013.2,
2018-02-08,-0.1,-1.4,1.3,,,344,5.8,,1019.2,
2018-02-09,0.4,-1.1,2.0,0.0,,305,5.3,,1017.6,
2018-02-10,0.3,-2.1,2.1,0.0,,279,5.9,,1019.0,
2018-02-11,1.4,-0.8,3.3,1.6,,211,9.5,,1012.8,
2018-02-12,0.5,-2.3,2.5,0.9,,235,9.5,,1017.2,
2018-02-13,-1.9,-5.1,2.6,0.0,,57,7.0,,1017.0,
2018-02-14,-2.4,-6.0,3.4,0.0,,349,4.1,,1018.1,
2018-02-15,-0.2,-5.1,3.7,8.8,,117,10.4,,1020.6,
2018-02-16,5.6,3.9,7.1,8.5,,33,9.4,,1025.0,
2018-02-17,2.7,0.2,4.3,10.0,,327,7.4,,1020.4,
2018-02-18,0.4,-0.2,1.2,1.3,,5,9.2,,1026.2,
2018-02-19,0.3,-0.5,1.3,0.0,,322,5.0,,1020.2,
2018-02-20,-0.2,-0.8,0.9,0.0,,12,10.1,,1016.5,
2018-02-21,-0.7,-1.9,0.5,0.0,,38,19.7,,1018.2,
2018-02-22,-1.7,-2.5,-1.0,0.0,,45,23.2,,1014.9,
2018-02-23,-1.9,-2.3,-1.5,0.0,,50,20.9,,1015.0,
2018-02-24,-0.8,-1.7,0.8,0.0,,53,24.1,,1016.0,
2018-02-25,-4.8,-6.9,-2.1,0.0,,49,25.6,,1021.2,
2018-02-26,-8.3,-9.8,-5.6,0.0,,39,27.2,,1021.4,
2018-02-27,-8.8,-10.5,-6.0,0.0,,28,14.3,,1017.6,
2018-02-28,-7.8,-12.3,-2.9,0.0,,15,16.4,,1015.5,
2018-03-01,-5.7,-8.6,-3.2,0.5,,18,13.1,,1005.1,
2018-03-02,-4.3,-7.5,0.1,2.7,,27,8.9,,998.6,
2018-03-03,-1.0,-6.8,2.3,1.6,,307,6.7,,999.3,
2018-03-04,3.0,-2.9,10.4,0.1,,331,6.9,,1000.6,
2018-03-05,5.5,0.0,11.6,0.0,,7,10.9,,996.5,
2018-03-06,4.0,-0.7,9.1,0.0,,227,7.7,,993.5,
2018-03-07,5.0,2.9,8.4,3.8,,213,12.1,,1000.6,
2018-03-08,6.1,2.6,10.8,1.6,,204,11.4,,1008.6,
2018-03-09,9.5,6.1,13.6,0.0,,190,10.7,,1010.0,
2018-03-10,8.1,3.9,10.7,3.6,,214,6.2,,1007.8,
2018-03-11,6.9,3.4,10.6,0.0,,303,5.7,,1000.0,
2018-03-12,8.2,5.7,12.4,5.8,,229,15.2,,1000.0,
2018-03-13,6.4,5.5,7.4,3.8,,236,20.1,,1010.0,
2018-03-14,7.1,1.9,12.5,0.0,,334,7.1,,1011.7,
2018-03-15,5.6,1.4,10.6,0.2,,317,11.5,,999.4,
2018-03-16,6.7,1.4,11.6,0.0,,230,6.4,,1003.3,
2018-03-17,3.4,0.4,6.9,3.2,,357,12.2,,997.6,
2018-03-18,-0.5,-1.5,0.9,0.4,,16,12.0,,1001.8,
2018-03-19,-0.9,-2.5,0.7,0.5,,24,13.0,,1008.7,
2018-03-20,-0.7,-2.4,2.3,0.0,,38,13.2,,1016.5,
2018-03-21,0.6,-3.1,4.9,0.0,,39,15.8,,1026.3,
2018-03-22,-0.4,-6.2,5.0,0.7,,221,6.5,,1022.4,
2018-03-23,3.9,0.9,8.2,0.0,,212,5.8,,1010.3,
2018-03-24,4.1,-2.3,11.5,0.0,,340,5.6,,1001.5,
2018-03-25,5.8,-2.8,14.0,0.0,,307,5.6,,1006.3,
2018-03-26,6.8,4.6,10.2,0.1,,281,8.1,,1013.8,
2018-03-27,6.3,3.7,11.0,2.4,,201,9.3,,1016.2,
2018-03-28,9.0,5.7,12.5,10.0,,237,20.6,,1008.9,
2018-03-29,6.2,3.3,8.7,6.4,,202,8.0,,1009.0,
2018-03-30,4.8,-0.8,14.3,0.0,,332,9.9,,1004.3,
2018-03-31,4.5,2.8,6.4,10.6,,189,7.7,,1002.2,
2018-04-01,5.2,2.0,7.3,1.3,,227,13.1,,1012.3,
2018-04-02,6.0,-2.5,14.6,0.0,,291,4.2,,1012.4,
2018-04-03,12.2,6.2,18.1,0.0,,164,7.0,,1007.0,
2018-04-04,9.2,3.5,21.7,2.2,,254,10.6,,1007.5,
2018-04-05,9.1,5.5,13.4,0.6,,254,16.9,,1015.9,
2018-04-06,8.4,1.0,16.4,0.0,,358,12.5,,1019.3,
2018-04-07,11.7,1.4,21.9,0.0,,326,6.2,,1013.4,
2018-04-08,13.9,2.4,23.5,,,40,7.4,,1007.8,
2018-04-09,13.3,7.4,19.3,0.0,,311,6.9,,1004.6,
2018-04-10,10.6,5.0,17.7,0.0,,286,10.3,,1004.3,
2018-04-11,10.6,0.6,19.2,0.0,,24,15.1,,1004.5,
2018-04-12,13.3,7.1,19.4,0.0,,165,8.6,,999.1,
2018-04-13,11.6,7.4,16.3,0.0,,239,10.5,,1008.7,
2018-04-14,11.1,1.6,19.2,0.0,,347,7.6,,1018.4,
2018-04-15,11.9,6.0,17.9,0.0,,281,4.5,,1013.4,
2018-04-16,12.4,9.2,16.7,4.6,,118,7.4,,1015.5,
2018-04-17,13.5,6.3,21.7,0.1,,3,8.8,,1024.2,
2018-04-18,15.8,6.0,23.8,0.0,,5,16.0,,1028.0,
2018-04-19,15.9,6.3,25.3,0.0,,341,5.6,,1026.7,
2018-04-20,16.5,7.6,25.8,0.0,,345,2.9,,1023.2,
2018-04-21,17.6,7.5,26.9,0.0,,100,4.2,,1019.4,
2018-04-22,17.9,8.3,26.4,0.0,,200,7.0,,1016.0,
2018-04-23,16.4,11.5,22.0,0.8,,204,11.3,,1017.5,
2018-04-24,16.3,11.8,22.5,0.0,,237,7.0,,1018.6,
2018-04-25,16.6,10.8,22.7,0.1,,238,12.7,,1014.7,
2018-04-26,12.3,10.8,14.4,0.0,,258,10.9,,1019.2,
2018-04-27,13.8,2.8,23.0,0.0,,307,9.1,,1012.5,
2018-04-28,15.6,9.3,21.6,0.0,,323,8.1,,1011.4,
2018-04-29,17.3,9.1,26.6,0.0,,64,12.6,,1004.6,
2018-04-30,12.4,8.1,16.9,,,237,15.3,,1006.9,
2018-05-01,9.5,7.5,12.4,2.7,,268,4.9,,1013.6,
2018-05-02,11.2,8.4,14.5,0.0,,313,8.7,,1011.5,
2018-05-03,13.2,10.2,16.6,0.0,,2,12.8,,1012.7,
2018-05-04,16.1,13.6,18.8,0.0,,44,17.2,,1014.4,
2018-05-05,18.8,14.6,23.8,0.0,,39,16.8,,1016.3,
2018-05-06,17.8,10.7,25.1,0.0,,26,13.6,,1017.9,
2018-05-07,16.9,7.3,23.7,0.0,,21,11.6,,1015.0,
2018-05-08,17.9,9.3,25.5,0.0,,8,7.5,,1008.8,
2018-05-09,15.8,8.0,23.2,0.0,,313,8.7,,1006.4,
2018-05-10,12.9,10.9,14.4,2.5,,203,9.5,,1012.9,
2018-05-11,14.8,7.7,21.0,0.0,,30,9.3,,1017.6,
2018-05-12,17.5,8.7,25.5,0.0,,22,7.1,,1012.9,
2018-05-13,12.9,10.4,16.5,0.3,,255,13.3,,1010.4,
2018-05-14,10.6,9.0,12.3,15.8,,241,9.5,,1010.1,
2018-05-15,11.4,9.5,14.6,20.0,,182,7.0,,1012.6,
2018-05-16,11.3,9.2,14.7,6.6,,204,7.4,,1015.5,
2018-05-17,11.5,8.6,14.4,6.1,,231,4.2,,1018.4,
2018-05-18,14.6,10.5,21.1,0.1,,355,7.6,,1018.5,
2018-05-19,14.1,8.4,20.3,0.2,,9,10.8,,1018.1,
2018-05-20,14.3,9.3,18.1,0.1,,35,9.3,,1017.6,
2018-05-21,15.4,8.3,23.7,12.0,,19,5.4,,1013.4,
2018-05-22,16.4,9.4,24.8,3.0,,13,7.0,,1011.8,
2018-05-23,16.8,12.6,22.0,0.9,,268,6.1,,1016.3,
2018-05-24,18.1,13.4,23.7,1.7,,237,7.0,,1017.3,
2018-05-25,18.5,10.3,25.8,0.0,,355,5.1,,1017.1,
2018-05-26,20.1,11.6,27.0,0.0,,349,5.5,,1018.0,
2018-05-27,20.7,12.9,26.4,0.0,,329,8.0,,1017.2,
2018-05-28,21.5,15.3,27.0,2.2,,44,6.9,,1014.6,
2018-05-29,19.5,16.3,24.0,1.0,,240,10.1,,1014.3,
2018-05-30,19.8,13.2,27.7,24.0,,73,10.4,,1013.5,
2018-05-31,18.6,12.2,25.1,7.3,,285,7.7,,1014.6,
2018-06-01,18.1,12.8,23.8,0.6,,229,7.9,,1018.8,
2018-06-02,18.6,11.9,24.9,0.0,,351,4.8,,1018.5,
2018-06-03,20.4,12.7,26.4,0.0,,7,10.6,,1015.3,
2018-06-04,19.8,15.4,27.5,4.3,,2,8.6,,1009.7,
2018-06-05,19.9,13.6,26.8,0.3,,75,7.2,,1009.3,
2018-06-06,20.7,14.7,25.6,0.0,,261,7.1,,1010.7,
2018-06-07,19.9,16.4,24.6,2.0,,266,7.9,,1014.3,
2018-06-08,18.8,15.2,25.3,24.8,,314,7.3,,1012.1,
2018-06-09,20.4,16.0,26.5,0.2,,255,5.1,,1011.9,
2018-06-10,21.4,14.1,27.0,0.0,,281,6.0,,1011.5,
2018-06-11,19.1,15.4,23.0,4.8,,308,6.7,,1010.0,
2018-06-12,17.7,15.5,20.1,2.6,,254,8.4,,1009.1,
2018-06-13,13.9,12.8,15.4,2.7,,13,8.5,,1012.8,
2018-06-14,15.1,9.4,20.3,0.0,,16,7.3,,1016.1,
2018-06-15,16.8,10.0,22.9,,,12,8.2,,1016.1,
2018-06-16,18.2,9.0,24.5,,,326,5.9,,1015.3,
2018-06-17,19.0,14.6,23.3,,,299,6.8,,1017.8,
2018-06-18,19.4,16.2,24.1,,,311,6.5,,1021.7,
2018-06-19,19.8,13.3,26.2,,,8,6.6,,1023.5,
2018-06-20,22.0,13.9,29.3,,,4,6.7,,1019.5,
2018-06-21,22.2,15.4,27.6,,,268,13.1,,1016.3,
2018-06-22,16.0,10.7,20.8,,,353,14.4,,1023.4,
2018-06-23,15.6,7.8,21.3,,,2,9.7,,1024.0,
2018-06-24,16.2,9.2,21.8,,,347,9.3,,1020.4,
2018-06-25,17.4,13.1,21.9,,,24,13.5,,1020.8,
2018-06-26,18.1,9.7,24.9,,,19,12.6,,1021.5,
2018-06-27,19.8,12.9,25.3,,,33,16.0,,1019.5,
2018-06-28,17.7,10.6,21.6,,,51,21.3,,1017.7,
2018-06-29,19.1,14.6,25.3,,,48,13.3,,1014.5,
2018-06-30,22.8,13.0,30.4,,,43,9.9,,1011.6,
2018-07-01,22.3,15.6,28.9,,,16,14.1,,1011.7,
2018-07-02,22.2,12.7,29.5,,,17,9.5,,1011.9,
2018-07-03,19.7,16.6,22.9,,,303,6.9,,1015.7,
2018-07-04,21.5,14.1,28.3,,,34,6.5,,1015.3,
2018-07-05,18.4,15.7,20.9,,,242,7.9,,1015.2,
2018-07-06,17.2,15.7,20.3,,,193,6.9,,1019.3,
2018-07-07,19.5,14.5,25.4,,,7,6.1,,1021.7,
2018-07-08,20.5,12.8,26.3,,,323,7.1,,1020.0,
2018-07-09,21.1,13.1,27.4,,,341,8.9,,1018.2,
2018-07-10,19.4,14.3,24.2,,,311,10.0,,1015.8,
2018-07-11,17.4,13.2,21.9,,,320,9.1,,1016.0,
2018-07-12,17.9,9.0,25.8,,,349,7.3,,1016.9,
2018-07-13,20.6,12.1,28.5,,,326,5.4,,1018.0,
2018-07-14,22.3,14.7,29.0,,,298,6.6,,1016.7,
2018-07-15,22.6,16.6,29.4,,,232,8.8,,1014.8,
2018-07-16,21.3,13.7,28.8,,,104,7.4,,1012.8,
2018-07-17,20.5,12.7,27.1,,,227,7.3,,1015.4,
2018-07-18,22.1,13.1,30.3,,,21,5.8,,1016.0,
2018-07-19,23.3,12.8,30.3,,,7,9.9,,1014.6,
2018-07-20,22.1,15.2,28.5,,,234,8.6,,1012.8,
2018-07-21,18.9,17.6,21.6,,,225,8.8,25.9,1013.1,
2018-07-22,19.4,14.7,25.3,,,190,7.8,22.2,1014.5,
2018-07-23,20.6,16.0,27.5,,,10,5.9,22.2,1016.3,
2018-07-24,22.9,14.6,31.1,,,8,10.0,24.1,1013.3,
2018-07-25,24.2,14.9,32.0,,,27,8.2,27.8,1013.4,
2018-07-26,24.7,15.2,32.5,,,19,11.1,38.9,1012.9,
2018-07-27,24.0,14.7,32.7,,,6,6.7,24.1,1011.2,
2018-07-28,19.7,15.5,22.9,,,226,6.6,29.6,1012.3,
2018-07-29,22.7,13.7,30.7,,,317,6.1,18.5,1014.3,
2018-07-30,25.0,14.7,33.8,,,231,4.1,18.5,1014.7,
2018-07-31,25.9,15.9,35.3,,,280,5.4,22.2,1015.0,
2018-08-01,25.9,18.6,34.2,,,37,10.5,33.3,1016.5,
2018-08-02,24.9,17.1,31.5,,,37,11.5,33.3,1019.5,
2018-08-03,27.0,19.2,34.4,,,22,12.8,37.0,1017.2,
2018-08-04,26.9,19.3,33.6,,,1,7.7,27.8,1015.8,
2018-08-05,26.9,18.4,34.7,,,7,10.0,29.6,1015.7,
2018-08-06,26.5,19.1,34.6,,,329,9.6,27.8,1014.3,
2018-08-07,26.2,20.6,31.8,,,159,10.8,25.9,1012.4,
2018-08-08,23.3,18.2,30.5,,,187,7.7,24.1,1013.6,
2018-08-09,21.7,16.2,31.2,,,122,9.8,35.2,1014.5,
2018-08-10,18.6,14.7,22.8,,,201,6.2,24.1,1023.1,
2018-08-11,18.5,12.5,24.5,,,294,6.6,24.1,1023.2,
2018-08-12,20.3,10.4,30.9,,,293,7.8,20.4,1016.4,
2018-08-13,19.5,15.0,24.4,,,191,9.6,31.5,1011.7,
2018-08-14,19.7,16.3,24.4,,,186,8.8,25.9,1015.5,
2018-08-15,20.3,14.2,26.3,,,20,5.0,16.7,1019.4,
2018-08-16,20.7,12.3,28.8,,,342,4.8,20.4,1016.1,
2018-08-17,20.2,13.7,29.6,,,160,7.6,27.8,1015.5,
2018-08-18,21.0,16.6,26.5,,,325,5.2,22.2,1019.9,
2018-08-19,22.7,15.7,29.4,,,353,5.4,18.5,1019.8,
2018-08-20,23.1,16.1,29.6,,,276,4.3,20.4,1018.3,
2018-08-21,23.2,15.6,30.2,,,40,10.4,24.1,1017.5,
2018-08-22,23.8,15.1,31.8,,,139,5.2,20.4,1015.9,
2018-08-23,22.5,17.5,29.6,,,189,9.8,27.8,1014.2,
2018-08-24,18.8,16.3,24.0,,,228,12.4,33.3,1014.2,
2018-08-25,14.2,11.6,16.3,,,241,6.7,29.6,1015.6,
2018-08-26,12.3,6.4,19.0,,,310,5.4,16.7,1018.2,
2018-08-27,17.6,10.4,24.1,,,222,5.9,25.9,1016.6,
2018-08-28,20.6,15.9,27.0,,,45,4.7,16.7,1017.5,
2018-08-29,18.9,12.8,27.5,,,234,9.7,31.5,1015.3,
2018-08-30,17.1,15.3,20.1,,,248,9.4,25.9,1020.0,
2018-08-31,14.5,12.8,16.3,,,314,8.5,20.4,1019.3,
2018-09-01,13.7,12.7,15.4,,,10,9.3,31.5,1022.5,
2018-09-02,13.8,12.2,16.1,,,15,9.6,24.1,1021.0,
2018-09-03,15.7,12.5,20.1,,,329,4.5,14.8,1016.5,
2018-09-04,17.8,13.9,23.0,,,48,6.1,18.5,1015.8,
2018-09-05,17.9,10.9,25.5,,,1,4.2,14.8,1015.9,
2018-09-06,18.0,11.6,23.7,,,285,7.4,24.1,1012.7,
2018-09-07,18.0,15.2,21.7,,,259,9.4,27.8,1015.2,
2018-09-08,17.4,12.4,23.3,,,330,4.7,14.8,1020.0,
2018-09-09,16.8,8.0,26.1,,,330,4.3,16.7,1021.5,
2018-09-10,17.8,9.2,26.5,,,276,3.8,18.5,1023.4,
2018-09-11,19.0,10.4,28.3,,,245,4.6,18.5,1024.8,
2018-09-12,20.2,11.7,29.2,,,186,4.9,20.4,1021.6,
2018-09-13,19.5,14.6,26.1,,,0,8.1,22.2,1018.1,
2018-09-14,18.2,15.2,22.4,,,329,5.9,16.7,1019.1,
2018-09-15,17.8,13.0,22.3,,,335,6.0,18.5,1022.8,
2018-09-16,15.6,8.6,21.6,,,313,5.2,16.7,1022.5,
2018-09-17,17.6,11.8,26.0,,,349,3.2,14.8,1020.3,
2018-09-18,17.9,11.0,26.0,,,247,5.3,20.4,1018.0,
2018-09-19,18.2,11.0,26.7,,,18,4.0,18.5,1020.6,
2018-09-20,18.8,12.1,26.8,,,114,3.5,16.7,1019.5,
2018-09-21,17.8,12.1,26.1,,,229,11.9,40.8,1015.3,
2018-09-22,14.0,9.9,18.0,,,291,5.1,24.1,1023.2,
2018-09-23,19.8,13.0,26.9,,,230,20.2,64.8,1016.2,
2018-09-24,11.0,8.0,14.3,,,32,11.7,44.5,1030.8,
2018-09-25,9.4,2.4,15.6,0.0,,26,16.6,51.8,1035.5,
2018-09-26,9.7,1.4,18.3,0.0,,43,5.9,31.0,1034.9,
2018-09-27,12.1,4.1,22.7,0.0,,336,3.4,11.1,1029.9,
2018-09-28,14.7,6.4,22.9,0.0,,336,5.8,42.0,1022.1,
2018-09-29,14.1,10.4,17.5,0.0,,44,17.7,46.3,1022.2,
2018-09-30,12.7,4.5,21.4,9.0,,258,6.3,46.0,1018.0,
2018-10-01,10.6,7.7,12.9,16.4,,249,9.1,33.0,1017.9,
2018-10-02,9.0,3.9,12.5,0.0,,268,6.5,27.0,1025.0,
2018-10-03,12.1,8.7,15.8,0.0,,236,5.2,22.0,1027.0,
2018-10-04,11.8,6.3,18.5,0.0,,359,10.1,33.0,1026.2,
2018-10-05,12.3,4.5,21.3,0.0,,319,2.8,14.0,1021.4,
2018-10-06,13.4,6.3,21.5,0.0,,193,5.4,27.0,1014.7,
2018-10-07,15.5,9.3,21.5,0.0,,28,8.2,27.0,1013.7,
2018-10-08,13.7,8.6,19.6,0.0,,14,6.8,22.2,1019.3,
2018-10-09,14.7,11.7,18.7,0.0,,7,6.5,23.0,1021.2,
2018-10-10,14.8,9.8,20.6,0.0,,18,8.5,25.0,1017.1,
2018-10-11,11.9,6.6,17.6,0.0,,319,4.6,14.0,1015.6,
2018-10-12,13.8,7.9,22.8,0.1,,339,4.9,18.0,1023.1,
2018-10-13,13.3,7.5,21.3,0.0,,358,3.0,13.0,1022.0,
2018-10-14,13.0,7.9,22.0,0.1,,319,3.7,14.8,1014.6,
2018-10-15,12.2,4.4,22.7,0.0,,5,6.1,25.0,1014.2,
2018-10-16,11.4,4.2,21.5,0.0,,344,4.2,19.0,1018.8,
2018-10-17,10.9,3.7,20.2,0.0,,345,4.8,31.0,1019.2,
2018-10-18,12.0,4.8,19.7,0.0,,5,8.4,35.0,1018.7,
2018-10-19,10.5,5.8,16.1,0.0,,17,5.8,22.2,1021.8,
2018-10-20,11.4,6.5,16.7,0.0,,351,6.2,27.0,1027.3,
2018-10-21,9.3,3.6,15.3,0.0,,0,10.3,35.0,1027.1,
2018-10-22,7.2,0.9,13.8,0.0,,14,8.9,30.0,1027.8,
2018-10-23,8.1,1.0,13.9,0.0,,281,6.4,22.0,1030.0,
2018-10-24,12.2,10.6,15.6,0.0,,269,8.8,44.0,1026.7,
2018-10-25,10.7,4.2,18.0,0.0,,282,5.5,21.0,1021.6,
2018-10-26,9.8,4.9,15.3,0.0,,261,7.2,27.0,1013.0,
2018-10-27,6.3,3.9,8.7,23.4,,347,11.0,30.0,1008.9,
2018-10-28,2.9,1.6,4.1,8.3,,20,13.4,38.0,1005.6,
2018-10-29,4.7,3.0,6.7,15.5,,30,13.8,77.0,996.8,
2018-10-30,4.9,0.9,8.4,6.3,,224,16.1,54.0,1000.5,
2018-10-31,3.9,-1.9,9.3,0.0,,338,8.3,24.1,1014.9,
2018-11-01,6.9,-0.2,13.4,0.0,,194,6.5,41.0,1014.2,
2018-11-02,8.3,4.8,11.5,0.0,,333,5.9,16.7,1022.5,
2018-11-03,10.3,8.4,12.7,0.0,,22,12.1,33.0,1024.3,
2018-11-04,9.2,8.3,10.0,0.0,,27,8.7,24.0,1016.5,
2018-11-05,8.8,3.9,12.9,0.0,,333,4.8,26.0,1010.2,
2018-11-06,7.4,2.1,13.6,0.0,,258,5.5,41.0,1009.4,
2018-11-07,7.8,2.2,13.3,0.0,,231,6.2,26.0,1013.8,
2018-11-08,10.0,6.0,12.9,1.9,,353,5.6,25.0,1020.5,
2018-11-09,8.5,4.9,13.8,0.0,,105,5.6,21.0,1016.7,
2018-11-10,8.4,7.1,10.9,0.0,,261,4.7,18.0,1012.0,
2018-11-11,9.6,5.4,14.7,5.7,,134,5.8,17.0,1014.9,
2018-11-12,8.5,5.7,14.9,0.5,,330,4.3,14.8,1019.9,
2018-11-13,8.2,5.4,10.8,1.3,,174,6.3,25.0,1028.9,
2018-11-14,7.0,6.3,7.6,0.0,,24,8.2,33.0,1030.5,
2018-11-15,6.4,5.9,7.1,0.0,,53,6.5,24.0,1027.9,
2018-11-16,4.9,3.9,6.1,0.0,,43,12.4,29.0,1027.5,
2018-11-17,4.0,2.1,6.6,0.0,,40,12.4,37.0,1025.5,
2018-11-18,0.4,-1.1,2.3,0.0,,21,10.6,31.0,1023.1,
2018-11-19,1.1,-1.3,2.4,0.0,,39,19.0,49.0,1010.9,
2018-11-20,0.5,-3.4,1.8,0.0,,37,12.5,37.0,1007.0,
2018-11-21,0.3,-4.8,1.4,0.4,,345,4.7,25.0,1015.2,
2018-11-22,0.5,-1.1,1.9,0.1,,336,3.4,13.0,1021.2,
2018-11-23,1.2,-0.3,2.4,0.1,,352,7.3,24.0,1019.4,
2018-11-24,5.3,1.7,10.3,0.4,,188,6.7,20.0,1014.9,
2018-11-25,2.1,-1.4,4.6,0.0,,30,5.4,21.0,1010.0,
2018-11-26,3.0,2.0,3.9,0.1,,319,5.2,13.0,1008.0,
2018-11-27,3.3,2.3,3.8,4.5,,265,3.8,18.0,1019.2,
2018-11-28,2.8,1.3,4.8,0.0,,231,3.3,13.0,1025.2,
2018-11-29,2.0,-0.2,4.4,0.0,,338,3.8,13.0,1022.1,
2018-11-30,3.5,-0.4,7.0,1.9,,166,4.2,19.0,1018.3,
2018-12-01,6.1,4.1,8.7,0.6,,176,5.6,17.0,1019.2,
2018-12-02,7.8,5.8,10.1,28.2,,188,15.6,40.8,1012.9,
2018-12-03,11.6,9.7,13.3,20.2,,218,17.5,62.0,1011.3,
2018-12-04,8.7,6.2,11.0,8.0,,226,8.7,44.5,1020.9,
2018-12-05,6.5,4.8,7.8,0.1,,347,4.8,17.0,1025.2,
2018-12-06,9.0,6.5,11.2,1.8,,193,8.5,31.0,1022.6,
2018-12-07,9.8,8.2,11.0,6.7,,226,13.9,65.0,1017.4,
2018-12-08,6.6,5.5,7.4,1.5,,235,25.6,71.0,1017.8,
2018-12-09,7.2,5.8,9.2,17.0,,246,28.2,84.0,1011.5,
2018-12-10,4.7,3.2,6.1,3.5,,246,12.2,38.0,1024.3,
2018-12-11,1.1,-2.5,5.0,5.0,,345,4.8,27.0,1026.1,
2018-12-12,-1.8,-5.7,2.6,0.0,,358,6.5,27.8,1023.9,
2018-12-13,-0.3,-3.2,1.9,0.0,,74,11.0,40.0,1016.1,
2018-12-14,-1.1,-2.1,-0.2,0.1,,23,10.2,27.8,1019.8,
2018-12-15,-1.8,-4.8,-0.8,0.0,,5,8.4,28.0,1024.5,
2018-12-16,0.3,-3.8,3.0,7.5,,152,5.6,22.0,1016.9,
2018-12-17,2.0,0.5,4.1,0.2,,189,5.3,31.0,1024.6,
2018-12-18,-1.3,-2.8,0.5,0.0,,8,4.9,13.0,1027.5,
2018-12-19,0.7,-1.7,3.6,1.7,,68,5.8,23.0,1020.3,
2018-12-20,5.8,3.8,7.6,0.0,,215,14.1,46.0,1020.7,
2018-12-21,7.5,4.7,9.8,16.0,,218,19.8,58.0,1019.4,
2018-12-22,10.3,8.8,11.2,9.6,,237,22.6,77.0,1021.4,
2018-12-23,9.2,6.9,11.0,10.9,,223,14.3,63.0,1024.9,
2018-12-24,7.1,1.1,11.1,22.3,,330,13.7,63.0,1027.3,
2018-12-25,0.7,-2.0,2.0,0.0,,337,5.5,16.0,1036.8,
2018-12-26,0.2,-0.8,0.7,0.0,,319,4.9,22.0,1034.9,
2018-12-27,-0.8,-1.9,1.0,0.0,,10,4.9,17.0,1030.8,
2018-12-28,1.2,-1.5,3.8,0.0,,247,5.0,17.0,1030.8,
2018-12-29,0.8,0.0,2.0,0.0,,318,7.5,21.0,1035.5,
2018-12-30,2.5,1.0,3.8,0.0,,221,7.1,23.0,1036.6,
2018-12-31,4.4,2.4,6.0,2.7,,140,4.3,14.0,1035.9,
2019-01-01,4.5,4.0,5.0,0.0,,223,8.6,30.0,1033.3,
2019-01-02,1.9,-4.3,4.4,2.0,,285,12.6,43.0,1034.6,
2019-01-03,-3.1,-7.4,0.3,0.0,,355,3.4,14.8,1039.6,
2019-01-04,-0.5,-4.1,2.2,0.0,,316,5.3,14.8,1038.1,
2019-01-05,0.5,-0.3,1.7,3.6,,217,7.9,32.0,1034.7,
2019-01-06,1.9,1.3,2.3,2.2,,192,6.7,21.0,1034.0,
2019-01-07,2.2,1.5,3.3,0.1,,233,4.8,17.0,1034.6,
2019-01-08,2.4,0.6,3.8,5.0,,236,15.4,45.0,1024.5,
2019-01-09,1.3,-2.7,3.0,2.4,,268,11.6,40.8,1017.5,
2019-01-10,-1.4,-3.3,-0.2,3.8,,304,4.0,19.0,1023.7,
2019-01-11,-1.8,-4.7,-0.2,1.0,,305,5.9,16.0,1028.3,
2019-01-12,1.1,-0.9,3.3,2.5,,202,9.1,44.0,1027.0,
2019-01-13,3.7,1.6,6.2,11.3,,228,23.7,67.0,1015.9,
2019-01-14,3.9,0.0,6.5,13.7,,258,14.1,61.0,1015.0,
2019-01-15,1.8,-0.4,5.6,0.0,,191,6.6,19.0,1024.9,
2019-01-16,0.1,-4.0,7.0,0.0,,161,6.0,17.0,1018.1,
2019-01-17,4.4,1.6,7.0,1.8,,220,14.2,55.0,1012.3,
2019-01-18,0.1,-3.0,2.4,0.3,,8,9.2,29.0,1019.6,
2019-01-19,-3.6,-6.3,0.7,0.0,,321,4.0,14.8,1017.6,
2019-01-20,-3.1,-6.0,0.3,0.1,,318,4.8,13.0,1016.5,
2019-01-21,-0.8,-2.8,1.9,0.0,,354,6.9,16.0,1020.3,
2019-01-22,-1.2,-2.0,-0.4,0.0,,289,4.2,16.0,1012.4,
2019-01-23,-2.1,-4.5,-0.6,0.0,,74,7.0,21.0,999.8,
2019-01-24,-1.7,-2.4,-0.6,0.8,,314,8.1,27.0,1009.4,
2019-01-25,-2.3,-5.5,0.9,0.0,,215,5.5,23.0,1019.0,
2019-01-26,0.6,-1.9,3.5,0.3,,174,8.3,20.4,1016.4,
2019-01-27,4.1,1.4,7.3,2.1,,213,17.2,59.0,998.5,
2019-01-28,1.3,0.6,2.7,0.6,,235,19.2,49.0,1003.7,
2019-01-29,0.8,-3.6,3.4,0.0,,194,7.4,30.0,1007.6,
2019-01-30,0.3,-2.3,3.4,0.0,,243,14.6,63.0,999.1,
2019-01-31,-1.0,-5.3,2.2,0.4,,141,7.0,20.0,999.1,
2019-02-01,1.3,-0.2,2.8,3.4,,290,6.6,23.0,992.5,
2019-02-02,1.0,-1.3,2.9,0.4,,337,5.6,18.0,997.7,
2019-02-03,0.9,-0.4,2.6,12.4,,323,7.2,31.0,1015.8,
2019-02-04,-1.3,-4.4,1.0,0.4,,6,7.2,22.0,1030.4,
2019-02-05,-2.9,-5.7,-1.3,0.0,,58,4.6,17.0,1031.6,
2019-02-06,-3.1,-3.9,-2.0,0.0,,280,3.9,14.0,1029.9,
2019-02-07,-0.1,-3.5,3.7,4.1,,194,8.5,34.0,1021.7,
2019-02-08,2.7,-1.1,7.8,0.0,,167,8.1,31.0,1021.2,
2019-02-09,6.7,-0.3,10.5,0.3,,209,17.9,67.0,1016.5,
2019-02-10,6.4,3.5,10.7,5.3,,202,16.4,81.0,1008.9,
2019-02-11,2.6,0.6,6.1,6.7,,233,12.5,58.0,1022.0,
2019-02-12,2.3,-1.2,5.8,0.0,,247,7.5,26.0,1036.1,
2019-02-13,0.9,-4.7,7.7,0.0,,350,5.2,25.0,1038.6,
2019-02-14,1.8,-3.8,10.4,0.0,,326,4.0,13.0,1038.3,
2019-02-15,2.4,-4.2,10.9,0.0,,347,3.0,13.0,1034.7,
2019-02-16,3.5,-3.9,14.7,0.0,,158,3.5,13.0,1031.5,
2019-02-17,3.5,-3.9,14.7,0.0,,249,3.7,14.0,1028.0,
2019-02-18,3.6,-3.5,13.7,0.0,,70,4.8,16.0,1023.5,
2019-02-19,5.9,-0.2,13.0,0.0,,172,8.7,22.0,1023.0,
2019-02-20,4.6,-1.8,12.5,0.0,,146,4.0,17.0,1026.0,
2019-02-21,5.9,-2.1,15.0,0.0,,183,4.9,17.0,1030.1,
2019-02-22,8.0,4.8,12.0,0.0,,75,8.0,31.0,1034.0,
2019-02-23,6.0,3.6,10.4,0.0,,58,17.4,57.0,1035.5,
2019-02-24,4.0,-2.5,11.2,0.0,,31,8.2,31.5,1036.9,
2019-02-25,6.6,-1.6,15.1,0.0,,58,9.1,33.0,1036.2,
2019-02-26,5.8,-2.4,15.7,0.0,,127,5.1,28.0,1034.5,
2019-02-27,6.7,-2.0,17.3,0.0,,103,5.7,26.0,1028.7,
2019-02-28,9.1,0.7,18.4,0.0,,213,15.2,46.0,1022.5,
2019-03-01,7.6,5.6,9.6,9.9,,238,18.3,60.0,1019.2,
2019-03-02,7.2,4.0,10.2,0.1,,226,9.6,33.0,1020.6,
2019-03-03,9.8,5.7,13.9,0.0,,225,14.0,44.0,1017.2,
2019-03-04,7.6,4.3,13.9,1.5,,218,23.9,82.0,1007.7,
2019-03-05,7.7,3.9,11.8,1.6,,232,20.5,70.0,1013.8,
2019-03-06,5.8,-1.4,12.3,0.0,,309,6.0,18.5,1009.2,
2019-03-07,7.4,0.3,12.0,1.5,,251,16.2,63.0,1006.2,
2019-03-08,7.4,5.7,10.0,0.7,,224,13.6,54.0,1018.2,
2019-03-09,8.9,6.8,11.1,2.3,,231,22.3,60.0,1022.2,
2019-03-10,10.4,7.2,13.8,17.1,,239,27.8,85.2,1017.3,
2019-03-11,3.5,0.6,6.8,1.3,,255,17.0,64.0,1025.4,
2019-03-12,4.4,-1.5,9.1,0.0,,186,9.4,47.0,1023.7,
2019-03-13,5.4,3.0,9.8,8.2,,246,19.7,70.0,1016.2,
2019-03-14,4.0,3.4,5.0,17.5,,232,22.2,66.7,1015.7,
2019-03-15,8.2,4.8,10.6,20.8,,233,22.3,66.7,1016.0,
2019-03-16,12.0,8.7,16.8,0.3,,229,20.8,64.8,1016.4,
2019-03-17,7.7,3.0,13.7,,,215,13.7,86.0,1010.9,
2019-03-18,3.9,0.7,7.1,0.0,,208,9.4,36.0,1021.8,
2019-03-19,2.6,-3.0,9.2,0.0,,349,7.6,30.0,1028.4,
2019-03-20,4.1,-3.0,10.5,0.0,,19,12.8,48.0,1033.6,
2019-03-21,5.8,-1.4,13.1,0.0,,34,11.9,39.0,1032.2,
2019-03-22,7.3,-1.5,17.6,0.0,,111,3.8,16.0,1030.4,
2019-03-23,8.9,0.0,18.5,0.0,,329,2.6,14.8,1028.0,
2019-03-24,9.4,0.5,18.0,0.0,,296,7.8,33.0,1024.2,
2019-03-25,7.0,2.7,11.7,0.0,,318,10.8,52.0,1023.7,
2019-03-26,4.8,0.2,9.0,0.2,,20,11.0,31.0,1029.7,
2019-03-27,5.5,-1.1,11.0,0.0,,21,15.2,44.5,1031.3,
2019-03-28,7.7,0.0,14.5,0.0,,26,18.3,59.0,1031.3,
2019-03-29,8.9,1.5,16.2,0.0,,357,7.4,53.0,1028.8,
2019-03-30,8.9,0.0,18.1,0.0,,67,3.9,28.0,1024.6,
2019-03-31,10.3,0.4,19.1,0.0,,3,10.2,41.0,1019.6,
2019-04-01,10.6,4.2,17.1,0.0,,18,11.1,35.0,1016.7,
2019-04-02,11.2,1.5,19.0,0.4,,207,7.0,58.0,1011.3,
2019-04-03,9.5,4.6,15.1,0.0,,269,11.0,50.0,1004.1,
2019-04-04,2.2,0.3,4.4,15.4,,244,7.7,27.0,1002.1,
2019-04-05,4.5,1.5,8.6,0.0,,66,7.3,27.0,1005.4,
2019-04-06,5.8,-2.8,14.4,0.0,,6,6.9,26.0,1004.2,
2019-04-07,8.3,2.3,13.0,0.0,,256,9.8,31.0,1005.7,
2019-04-08,10.1,7.5,14.2,0.0,,277,7.3,21.0,1010.6,
2019-04-09,9.5,6.5,13.4,3.1,,331,6.1,18.5,1010.0,
2019-04-10,7.8,3.7,10.4,1.4,,350,7.8,27.0,1010.2,
2019-04-11,8.7,6.7,10.9,0.7,,34,17.7,38.0,1014.9,
2019-04-12,7.1,2.6,10.7,0.0,,23,12.0,32.0,1018.2,
2019-04-13,5.7,2.9,9.2,0.9,,334,11.0,33.0,1018.5,
2019-04-14,2.5,0.9,3.8,10.7,,329,6.5,24.1,1020.4,
2019-04-15,6.9,-0.1,14.6,0.0,,24,9.6,36.0,1020.8,
2019-04-16,9.2,0.6,16.5,0.0,,206,8.2,33.0,1018.4,
2019-04-17,12.3,8.7,17.8,2.0,,71,8.8,30.0,1020.8,
2019-04-18,13.0,3.6,21.0,0.0,,9,9.2,32.0,1021.0,
2019-04-19,13.7,4.5,22.4,0.0,,1,5.9,32.0,1025.1,
2019-04-20,14.8,4.2,22.7,0.0,,20,10.2,39.0,1024.8,
2019-04-21,15.3,7.8,22.1,0.0,,0,9.0,27.8,1017.6,
2019-04-22,14.5,3.9,22.4,0.0,,21,9.2,38.0,1006.5,
2019-04-23,15.8,8.9,23.1,0.0,,7,6.5,24.0,997.6,
2019-04-24,13.9,7.5,24.1,0.0,,31,11.8,74.0,1002.9,
2019-04-25,12.5,2.5,22.3,0.0,,296,13.6,50.0,1008.5,
2019-04-26,7.2,3.8,8.9,12.2,,223,9.0,30.0,1017.0,
2019-04-27,7.6,2.9,12.5,4.7,,209,12.7,57.0,1020.1,
2019-04-28,6.4,4.3,9.9,1.4,,233,11.4,37.0,1022.1,
2019-04-29,6.9,3.9,10.1,0.2,,267,5.6,20.4,1022.8,
2019-04-30,9.1,6.5,12.9,0.0,,118,4.4,14.8,1020.5,
2019-05-01,10.2,2.7,18.1,0.0,,12,6.4,40.0,1016.6,
2019-05-02,10.0,2.4,17.9,4.6,,227,7.7,54.0,1012.5,
2019-05-03,9.3,7.6,11.1,5.6,,243,7.9,32.0,1012.3,
2019-05-04,6.6,1.5,10.4,6.2,,292,11.9,51.0,1009.9,
2019-05-05,4.3,0.7,8.1,1.2,,15,11.8,44.0,1017.3,
2019-05-06,5.0,-0.9,10.4,0.0,,303,4.7,22.0,1021.6,
2019-05-07,7.5,-1.4,15.0,0.0,,71,4.1,23.0,1018.5,
2019-05-08,8.6,5.7,10.5,26.4,,309,7.3,42.0,1008.8,
2019-05-09,10.5,5.7,15.5,1.7,,216,18.1,67.0,1005.5,
2019-05-10,11.4,8.5,14.6,3.0,,242,7.8,37.0,1012.3,
2019-05-11,11.1,8.2,15.1,9.6,,225,13.2,82.0,1013.8,
2019-05-12,9.1,4.9,13.2,0.1,,13,11.6,36.0,1028.2,
2019-05-13,9.5,3.9,13.5,0.0,,44,21.3,63.0,1031.5,
2019-05-14,9.5,4.7,13.7,0.0,,49,21.6,53.7,1027.1,
2019-05-15,8.9,5.3,11.7,0.0,,55,19.8,51.8,1021.7,
2019-05-16,8.7,2.1,13.9,0.0,,28,11.3,39.0,1014.5,
2019-05-17,11.4,3.1,20.6,9.2,,321,9.5,55.0,1006.5,
2019-05-18,13.1,7.6,18.7,0.0,,121,5.1,20.4,1005.0,
2019-05-19,13.9,11.2,18.4,15.8,,283,6.6,27.0,1004.4,
2019-05-20,12.2,11.5,12.8,24.1,,242,11.5,38.0,1006.4,
2019-05-21,11.7,10.6,13.0,12.4,,246,11.4,37.0,1013.7,
2019-05-22,14.3,10.8,18.7,1.8,,264,6.2,27.0,1018.4,
2019-05-23,14.4,6.9,20.8,0.0,,7,8.1,26.0,1018.2,
2019-05-24,15.0,6.6,22.5,0.0,,326,5.3,24.0,1014.6,
2019-05-25,14.3,11.2,19.0,3.1,,213,4.9,33.0,1015.6,
2019-05-26,15.5,11.1,20.4,0.0,,291,5.7,22.0,1016.1,
2019-05-27,15.9,9.7,20.9,0.0,,282,6.8,24.0,1010.8,
2019-05-28,12.8,9.5,15.2,10.6,,251,10.9,34.0,1010.2,
2019-05-29,11.0,8.7,15.0,7.2,,226,6.6,37.0,1020.1,
2019-05-30,12.3,6.5,19.2,0.1,,344,4.0,19.0,1026.5,
2019-05-31,16.6,10.0,23.1,0.0,,50,7.7,31.0,1025.3,
2019-06-01,18.3,9.5,25.8,0.0,,4,7.1,26.0,1021.6,
2019-06-02,19.7,10.1,28.4,0.0,,265,3.7,24.0,1017.3,
2019-06-03,20.5,11.9,29.4,0.0,,218,6.6,57.0,1015.1,
2019-06-04,21.5,12.7,29.6,0.0,,12,5.8,24.1,1010.6,
2019-06-05,22.5,13.6,29.3,0.0,,98,10.6,46.0,1005.3,
2019-06-06,14.2,12.1,20.4,0.0,,293,13.2,54.0,1013.6,
2019-06-07,15.1,8.5,24.6,1.0,,330,11.2,63.0,1012.9,
2019-06-08,16.4,12.2,22.3,0.0,,264,8.9,36.0,1022.7,
2019-06-09,13.0,8.3,16.5,6.0,,329,6.3,24.0,1022.2,
2019-06-10,14.6,12.0,18.3,15.4,,192,6.5,23.0,1015.3,
2019-06-11,14.0,10.4,16.3,25.3,,290,8.7,24.0,1011.6,
2019-06-12,15.3,11.5,20.0,5.8,,253,8.1,30.0,1011.1,
2019-06-13,17.8,12.4,23.6,0.0,,207,5.5,34.0,1014.5,
2019-06-14,19.1,9.8,26.5,0.0,,356,7.5,36.0,1014.1,
2019-06-15,18.8,14.1,22.8,17.0,,266,11.3,71.0,1014.4,
2019-06-16,16.6,13.7,21.7,0.6,,312,7.0,19.0,1021.2,
2019-06-17,18.3,11.5,24.7,0.0,,6,12.2,36.0,1018.1,
2019-06-18,20.3,12.4,28.0,0.0,,313,5.4,39.0,1014.6,
2019-06-19,22.0,12.3,29.2,0.0,,244,7.4,26.0,1011.1,
2019-06-20,18.2,14.7,21.6,13.8,,189,9.3,73.0,1014.3,
2019-06-21,18.5,13.2,23.2,0.0,,14,7.0,28.0,1016.8,
2019-06-22,17.3,15.3,19.2,11.3,,331,6.4,27.0,1016.4,
2019-06-23,19.5,13.5,25.2,0.2,,39,8.2,32.0,1016.6,
2019-06-24,22.0,13.9,29.3,0.0,,9,8.1,24.0,1017.6,
2019-06-25,24.2,15.4,32.6,0.0,,350,5.7,26.0,1018.5,
2019-06-26,26.0,17.9,34.1,0.0,,20,4.7,24.0,1021.2,
2019-06-27,26.7,18.1,34.3,0.0,,335,6.0,23.0,1020.4,
2019-06-28,25.1,18.2,29.8,0.0,,28,12.6,36.0,1019.6,
2019-06-29,23.6,14.8,30.9,0.0,,10,11.2,34.0,1017.2,
2019-06-30,25.3,15.7,33.6,0.0,,283,6.2,29.6,1015.9,
2019-07-01,26.9,21.9,32.4,0.0,,203,9.3,37.0,1015.4,
2019-07-02,22.1,16.4,27.1,45.1,,15,8.2,30.0,1017.7,
2019-07-03,21.0,15.4,25.9,0.0,,28,13.2,35.0,1018.3,
2019-07-04,21.1,15.9,26.8,0.0,,14,10.5,33.0,1019.0,
2019-07-05,22.1,13.1,29.5,0.0,,293,6.2,28.0,1016.7,
2019-07-06,19.8,13.5,25.7,0.0,,213,6.6,84.0,1013.4,
2019-07-07,20.4,16.5,26.2,17.0,,209,11.1,46.0,1012.1,
2019-07-08,18.7,14.1,23.0,0.0,,354,9.6,30.0,1015.4,
2019-07-09,17.8,13.6,22.1,0.0,,20,11.5,32.0,1016.4,
2019-07-10,16.9,10.5,22.6,0.0,,29,11.3,32.0,1017.9,
2019-07-11,15.9,10.0,20.9,0.5,,324,4.4,17.0,1015.8,
2019-07-12,18.0,12.1,23.6,0.1,,193,9.6,46.0,1013.9,
2019-07-13,18.1,13.4,22.5,1.3,,312,9.2,40.0,1016.8,
2019-07-14,17.2,10.9,23.9,3.0,,1,14.0,48.0,1015.0,
2019-07-15,17.3,13.0,23.6,8.9,,356,11.8,35.0,1014.7,
2019-07-16,18.6,11.3,25.7,0.0,,337,7.0,18.0,1016.2,
2019-07-17,19.8,12.2,27.0,0.0,,303,6.1,28.0,1013.4,
2019-07-18,20.0,12.0,27.3,0.0,,276,6.0,29.0,1012.7,
2019-07-19,21.9,15.9,27.5,0.0,,250,6.6,27.0,1014.7,
2019-07-20,22.4,12.6,31.0,0.0,,260,7.8,39.0,1014.6,
2019-07-21,22.0,18.2,26.9,6.7,,204,5.9,27.0,1020.3,
2019-07-22,22.8,15.5,29.8,0.0,,29,3.5,17.0,1022.5,
2019-07-23,23.7,15.2,31.9,0.0,,14,6.9,25.0,1019.2,
2019-07-24,25.2,16.1,34.6,0.0,,223,4.5,21.0,1015.6,
2019-07-25,25.9,16.6,34.8,0.0,,10,7.9,36.0,1013.9,
2019-07-26,26.2,18.7,33.3,0.0,,159,9.4,58.0,1009.4,
2019-07-27,21.4,17.9,26.8,1.9,,265,8.9,44.0,1004.1,
2019-07-28,17.2,15.4,18.6,15.6,,259,11.0,41.0,1003.7,
2019-07-29,19.2,15.0,24.3,0.1,,131,7.1,24.0,1011.3,
2019-07-30,21.6,16.9,27.8,0.0,,226,9.1,49.0,1013.3,
2019-07-31,18.8,15.5,23.2,6.2,,233,6.8,24.0,1017.9,
2019-08-01,19.8,13.2,25.6,0.0,,357,5.3,22.0,1016.9,
2019-08-02,18.6,14.5,21.8,0.4,,251,8.0,27.0,1015.3,
2019-08-03,20.0,12.9,25.8,0.0,,261,8.9,37.0,1015.6,
2019-08-04,20.0,11.9,27.1,0.0,,29,5.0,21.0,1015.5,
2019-08-05,22.6,15.4,30.3,2.0,,265,7.4,34.0,1013.2,
2019-08-06,19.8,17.4,23.5,47.6,,161,7.7,38.0,1013.2,
2019-08-07,18.1,15.6,20.3,13.9,,216,6.4,33.0,1011.5,
2019-08-08,20.1,16.2,25.9,0.1,,343,4.0,16.0,1013.5,
2019-08-09,22.6,13.8,32.2,0.0,,267,4.9,24.0,1011.4,
2019-08-10,20.3,16.5,25.2,14.9,,195,9.6,33.0,1016.9,
2019-08-11,19.4,13.2,27.0,4.2,,325,9.7,60.0,1016.0,
2019-08-12,16.4,14.3,19.5,3.9,,290,7.3,23.0,1017.6,
2019-08-13,15.9,11.4,20.9,0.0,,270,7.8,27.0,1019.7,
2019-08-14,15.9,10.2,21.8,0.0,,7,3.6,18.0,1019.5,
2019-08-15,15.6,9.6,21.5,2.4,,236,7.4,54.0,1017.1,
2019-08-16,18.0,12.8,23.5,0.0,,116,4.7,18.0,1018.5,
2019-08-17,18.6,13.1,23.0,0.0,,145,5.3,22.2,1014.5,
2019-08-18,22.2,14.0,31.0,0.0,,230,6.6,34.0,1010.5,
2019-08-19,18.8,16.5,22.5,47.9,,220,9.3,46.0,1017.6,
2019-08-20,15.5,13.9,16.5,9.6,,309,7.2,22.0,1023.1,
2019-08-21,15.8,11.3,20.6,0.2,,33,15.2,53.0,1026.5,
2019-08-22,15.4,11.8,20.0,0.0,,16,9.0,25.9,1024.8,
2019-08-23,16.3,11.2,22.4,0.0,,25,8.8,33.0,1024.1,
2019-08-24,17.3,11.1,24.2,0.0,,155,3.9,17.0,1020.6,
2019-08-25,19.0,11.3,27.8,0.0,,339,3.0,17.0,1019.0,
2019-08-26,19.8,11.7,28.3,0.0,,16,4.4,20.0,1018.2,
2019-08-27,20.8,12.3,29.4,0.0,,197,3.9,21.0,1017.0,
2019-08-28,23.5,19.3,29.6,0.0,,102,5.2,22.0,1016.1,
2019-08-29,22.1,18.7,26.3,0.0,,155,9.0,35.0,1019.1,
2019-08-30,20.9,13.7,28.2,0.0,,15,5.4,23.0,1020.8,
2019-08-31,21.0,13.7,28.7,0.0,,226,6.1,24.0,1015.7,
2019-09-01,20.0,16.3,24.3,3.9,,207,7.7,31.0,1014.4,
2019-09-02,16.2,12.7,17.4,0.6,,28,7.1,27.0,1021.2,
2019-09-03,14.4,8.2,21.8,0.0,,358,5.8,22.0,1024.7,
2019-09-04,15.9,8.2,24.6,0.0,,266,5.3,20.4,1018.9,
2019-09-05,13.4,9.8,16.0,0.5,,25,7.3,23.0,1019.9,
2019-09-06,13.1,11.1,16.1,1.8,,40,9.4,29.6,1022.4,
2019-09-07,14.6,12.2,19.1,0.0,,191,5.4,28.0,1019.5,
2019-09-08,11.3,10.5,12.8,32.3,,247,7.2,24.0,1017.9,
2019-09-09,12.3,9.9,16.7,0.5,,285,8.6,28.0,1016.8,
2019-09-10,14.0,9.0,20.3,0.0,,356,7.9,29.0,1016.5,
2019-09-11,14.4,8.0,21.1,0.0,,299,6.6,25.0,1023.9,
2019-09-12,16.5,9.0,23.5,0.0,,231,3.3,14.8,1030.5,
2019-09-13,17.0,8.6,25.2,0.0,,341,4.1,18.5,1031.2,
2019-09-14,18.0,12.1,24.5,0.0,,12,8.1,26.0,1028.8,
2019-09-15,18.5,11.8,26.9,0.0,,185,5.0,23.0,1024.4,
2019-09-16,19.6,13.1,27.4,0.0,,247,5.5,26.0,1019.7,
2019-09-17,17.9,11.6,24.7,0.0,,311,7.1,26.0,1018.3,
2019-09-18,14.8,11.6,18.3,0.0,,22,16.2,40.0,1021.9,
2019-09-19,12.2,5.9,17.7,0.0,,17,17.2,46.0,1025.2,
2019-09-20,11.6,3.8,18.4,0.3,,19,12.1,35.0,1025.7,
2019-09-21,12.3,3.5,21.2,0.0,,335,6.1,17.0,1019.9,
2019-09-22,16.2,9.9,23.8,0.0,,3,4.8,14.8,1011.9,
2019-09-23,14.4,11.7,18.4,20.7,,206,9.2,50.0,1017.2,
2019-09-24,11.6,7.5,15.3,2.0,,48,5.7,21.0,1015.3,
2019-09-25,14.7,12.7,18.7,5.6,,201,8.3,43.0,1011.9,
2019-09-26,15.1,12.6,18.0,7.3,,188,8.1,26.0,1015.2,
2019-09-27,17.2,14.7,22.6,3.2,,197,10.3,44.0,1015.1,
2019-09-28,15.1,11.4,18.8,14.1,,259,8.2,37.0,1018.6,
2019-09-29,15.9,7.7,23.5,0.0,,194,10.6,51.0,1012.7,
2019-09-30,16.0,9.1,19.2,1.2,,276,15.3,59.3,1014.1,
2019-10-01,14.1,7.3,22.5,3.8,,224,7.4,35.0,1010.5,
2019-10-02,13.4,9.4,17.4,10.2,,249,12.8,52.0,1010.2,
2019-10-03,8.1,3.6,12.9,0.2,,3,5.4,37.0,1020.4,
2019-10-04,9.2,5.9,12.2,2.6,,218,9.5,45.0,1013.9,
2019-10-05,12.1,10.3,14.6,5.0,,251,13.0,37.0,1014.4,
2019-10-06,11.3,9.0,14.6,7.9,,299,7.5,39.0,1015.4,
2019-10-07,10.7,7.5,14.1,8.2,,238,6.0,48.0,1018.5,
2019-10-08,12.9,8.7,17.9,0.2,,181,8.7,29.0,1016.3,
2019-10-09,12.3,10.4,17.1,28.5,,239,11.1,46.0,1015.0,
2019-10-10,11.3,7.2,15.1,1.0,,225,16.1,49.0,1019.8,
2019-10-11,9.9,3.3,18.0,0.0,,170,6.1,22.0,1021.7,
2019-10-12,13.2,6.4,20.6,0.0,,175,9.5,36.0,1018.5,
2019-10-13,15.2,10.0,22.3,0.0,,158,7.6,23.0,1017.1,
2019-10-14,13.5,7.5,21.6,0.0,,324,3.6,14.0,1015.7,
2019-10-15,11.7,8.2,16.6,11.5,,269,9.6,41.0,1010.6,
2019-10-16,11.1,7.2,16.3,0.5,,207,9.3,33.0,1017.2,
2019-10-17,11.6,5.0,18.8,2.9,,240,5.1,19.0,1016.7,
2019-10-18,13.0,10.2,16.4,2.3,,135,6.0,33.0,1014.8,
2019-10-19,12.4,10.9,15.7,16.0,,13,8.5,28.0,1011.5,
2019-10-20,11.4,8.8,15.0,0.0,,353,5.2,16.7,1009.1,
2019-10-21,12.8,9.5,15.7,1.2,,262,7.1,36.0,1018.4,
2019-10-22,13.1,10.8,14.6,0.7,,357,6.9,26.0,1022.6,
2019-10-23,12.6,9.8,15.7,0.0,,5,7.8,20.0,1015.3,
2019-10-24,13.2,10.8,16.3,0.1,,226,6.7,21.0,1013.0,
2019-10-25,12.8,8.7,17.3,0.8,,280,5.3,19.0,1022.5,
2019-10-26,10.3,5.3,18.3,0.1,,210,3.2,13.0,1022.9,
2019-10-27,12.8,7.2,18.9,0.1,,169,7.2,23.0,1021.5,
2019-10-28,10.8,8.0,12.9,3.1,,352,7.5,27.0,1019.8,
2019-10-29,7.4,6.4,8.4,5.4,,351,10.5,24.0,1020.6,
2019-10-30,6.9,6.2,7.6,12.4,,3,9.3,25.9,1023.5,
2019-10-31,6.6,5.7,7.7,0.2,,9,9.4,24.0,1021.2,
2019-11-01,9.7,6.6,12.8,1.1,,232,6.3,31.0,1013.6,
2019-11-02,13.6,11.1,16.7,5.5,,199,12.3,41.0,1000.3,
2019-11-03,10.4,9.4,13.3,8.3,,242,13.3,55.0,992.0,
2019-11-04,10.7,8.5,13.3,2.3,,235,16.7,49.0,996.7,
2019-11-05,8.7,5.9,12.1,8.0,,83,7.5,49.0,999.9,
2019-11-06,7.5,5.5,9.4,1.0,,215,7.7,28.0,1005.8,
2019-11-07,5.7,0.6,8.5,1.4,,175,7.4,24.0,1005.8,
2019-11-08,4.4,3.3,5.6,14.5,,202,5.4,22.0,1006.9,
2019-11-09,4.0,-0.5,7.4,0.0,,206,4.2,14.8,1012.0,
2019-11-10,2.0,-0.3,4.4,0.0,,241,3.7,15.0,1013.4,
2019-11-11,3.7,2.5,6.6,0.1,,33,5.6,27.0,1012.8,
2019-11-12,4.9,2.2,9.1,0.5,,197,7.9,29.0,1008.9,
2019-11-13,2.8,-0.9,6.6,0.0,,226,5.5,32.0,1006.7,
2019-11-14,1.4,-3.9,5.9,0.0,,322,6.7,20.4,1002.5,
2019-11-15,3.5,-0.2,6.1,0.3,,293,7.5,31.0,1000.4,
2019-11-16,2.3,-1.3,7.4,0.0,,93,5.8,18.0,1010.0,
2019-11-17,3.1,0.7,4.8,2.4,,303,7.9,20.0,1007.5,
2019-11-18,4.3,1.6,7.3,0.1,,234,9.9,48.0,1012.0,
2019-11-19,2.0,-2.8,6.1,0.0,,316,4.3,13.0,1018.6,
2019-11-20,4.8,3.4,5.8,0.0,,51,5.6,23.0,1015.5,
2019-11-21,4.2,3.3,5.0,0.0,,43,4.0,17.0,1011.2,
2019-11-22,4.3,3.0,5.6,0.0,,71,9.1,28.0,1008.1,
2019-11-23,4.2,1.4,6.8,0.0,,324,9.0,27.0,998.3,
2019-11-24,4.6,1.2,8.9,0.0,,79,3.9,14.0,1007.1,
2019-11-25,5.7,1.8,7.4,0.0,,152,4.3,15.0,1011.5,
2019-11-26,6.3,3.5,9.8,0.1,,315,5.5,17.0,1010.0,
2019-11-27,8.5,5.0,12.2,,,226,13.4,39.0,1001.6,
2019-11-28,8.9,7.6,10.3,2.2,,234,19.3,50.0,1003.9,
2019-11-29,7.2,4.5,8.8,10.7,,241,14.8,49.0,1012.4,
2019-11-30,3.7,0.2,6.4,0.3,,42,7.9,28.0,1022.7,
2019-12-01,1.8,0.3,3.0,0.8,,340,6.7,32.0,1017.7,
2019-12-02,2.3,-1.3,3.1,1.8,,19,11.0,35.0,1024.7,
2019-12-03,-0.5,-4.1,4.0,0.0,,351,7.5,31.5,1029.0,
2019-12-04,-1.4,-4.8,0.4,0.0,,352,4.4,17.0,1024.1,
2019-12-05,0.2,-0.4,1.3,0.0,,213,6.8,19.0,1025.2,
2019-12-06,2.1,-0.5,6.4,0.0,,177,9.2,22.2,1022.7,
2019-12-07,7.1,3.5,10.5,0.9,,227,8.9,39.0,1020.0,
2019-12-08,7.5,3.3,10.7,0.1,,222,14.5,61.0,1016.1,
2019-12-09,6.7,4.7,9.7,5.2,,241,22.5,69.0,1010.3,
2019-12-10,2.1,-2.8,5.5,0.0,,315,5.9,38.9,1027.0,
2019-12-11,-1.0,-4.8,2.8,3.5,,256,5.2,33.0,1017.2,
2019-12-12,1.9,-2.9,4.2,2.8,,196,9.1,28.0,1006.4,
2019-12-13,2.2,-2.9,5.2,8.3,,227,16.2,50.0,990.8,
2019-12-14,7.0,2.6,9.6,1.0,,229,21.1,70.0,1002.2,
2019-12-15,10.2,6.1,13.8,0.0,,226,15.3,60.0,1008.8,
2019-12-16,2.8,0.2,7.2,0.0,,304,5.0,13.0,1011.9,
2019-12-17,2.8,0.2,7.0,0.0,,304,4.4,14.0,1010.2,
2019-12-18,4.8,0.1,11.1,0.0,,324,5.6,17.0,1019.0,
2019-12-19,2.4,-0.8,7.2,0.0,,332,4.5,17.0,1015.2,
2019-12-20,3.6,-0.6,8.9,5.5,,291,9.3,43.0,998.4,
2019-12-21,4.9,1.0,7.6,1.3,,177,6.9,31.0,996.4,
2019-12-22,5.6,3.4,7.4,10.6,,200,15.3,56.0,994.1,
2019-12-23,5.5,4.8,6.4,10.0,,233,15.5,44.0,1013.3,
2019-12-24,5.8,3.6,8.4,8.3,,210,14.1,60.0,1019.8,
2019-12-25,6.4,3.3,7.9,5.7,,249,15.9,54.0,1023.0,
2019-12-26,2.7,0.9,4.8,1.8,,300,7.1,39.0,1026.9,
2019-12-27,5.8,4.4,6.7,12.7,,208,8.9,34.0,1027.4,
2019-12-28,3.1,0.0,5.9,0.0,,11,11.5,40.0,1038.1,
2019-12-29,-0.2,-1.9,1.5,0.0,,34,10.4,26.0,1039.2,
2019-12-30,-0.6,-2.6,1.6,0.0,,191,5.6,23.0,1036.8,
2019-12-31,-0.7,-1.5,-0.3,0.0,,251,5.5,19.0,1036.3,
2020-01-01,-1.1,-1.9,-0.5,0.0,,48,5.2,14.8,1035.3,
2020-01-02,-0.9,-1.8,0.4,0.0,,206,6.9,18.0,1033.1,
2020-01-03,2.9,-0.6,6.3,0.1,,182,10.5,31.0,1029.7,
2020-01-04,5.3,3.4,7.0,0.3,,239,7.9,31.0,1033.2,
2020-01-05,1.7,-2.8,6.3,0.0,,11,6.8,24.0,1037.0,
2020-01-06,-0.4,-2.5,2.8,0.0,,132,5.8,15.0,1032.2,
2020-01-07,2.2,-2.6,5.8,0.0,,164,8.0,27.0,1031.9,
2020-01-08,2.1,-2.2,6.9,0.0,,168,6.8,17.0,1032.2,
2020-01-09,4.8,0.3,11.1,0.0,,155,8.5,28.0,1024.6,
2020-01-10,7.5,3.1,10.2,0.0,,230,14.2,71.0,1023.9,
2020-01-11,3.7,-2.1,7.2,2.9,,2,6.0,23.0,1033.4,
2020-01-12,0.4,-4.2,4.6,0.0,,208,5.2,26.0,1031.0,
2020-01-13,-0.1,-3.8,5.6,0.9,,101,3.4,17.0,1025.6,
2020-01-14,2.4,-4.1,9.5,0.0,,162,9.1,39.0,1020.8,
2020-01-15,4.3,-3.8,11.5,0.9,,193,9.0,44.0,1023.2,
2020-01-16,5.4,-0.4,11.1,0.0,,165,6.0,20.4,1028.8,
2020-01-17,2.6,-2.5,7.5,2.9,,176,7.7,31.0,1024.6,
2020-01-18,4.0,-0.9,6.6,0.4,,240,7.6,27.0,1028.8,
2020-01-19,-0.2,-4.7,3.7,0.3,,346,8.4,32.0,1036.2,
2020-01-20,0.9,-1.6,3.4,0.0,,48,20.2,50.0,1043.3,
2020-01-21,-1.8,-5.0,1.6,0.0,,357,6.5,24.1,1041.8,
2020-01-22,-2.5,-5.6,-1.1,0.0,,33,5.4,27.0,1037.0,
2020-01-23,-2.3,-2.8,-1.7,0.0,,43,11.3,33.0,1032.4,
2020-01-24,-1.0,-2.5,2.0,0.0,,252,5.1,17.0,1027.7,
2020-01-25,-2.1,-4.0,0.0,0.0,,309,2.9,12.0,1025.1,
2020-01-26,0.6,-2.1,5.1,0.4,,317,3.6,17.0,1022.3,
2020-01-27,5.4,1.6,8.1,1.7,,201,8.4,38.0,1016.3,
2020-01-28,5.2,1.1,7.5,10.3,,233,20.3,67.0,1007.3,
2020-01-29,3.7,1.6,5.1,4.8,,233,15.2,64.0,1014.9,
2020-01-30,5.4,1.5,9.2,5.8,,198,11.7,38.0,1018.4,
2020-01-31,10.4,5.6,14.3,1.2,,219,15.7,51.0,1017.2,
2020-02-01,9.8,4.6,13.3,5.8,,206,15.6,67.0,1015.1,
2020-02-02,11.2,9.9,13.4,7.0,,230,23.9,63.0,1017.7,
2020-02-03,12.8,11.7,13.8,21.2,,243,28.8,80.0,1018.1,
2020-02-04,5.7,1.4,15.0,7.4,,250,23.2,95.0,1017.5,
2020-02-05,2.9,-0.9,6.1,0.0,,298,8.5,31.0,1033.6,
2020-02-06,0.2,-3.1,6.2,0.0,,11,6.6,26.0,1033.7,
2020-02-07,-0.3,-5.5,6.4,0.9,,315,3.5,14.0,1029.3,
2020-02-08,0.3,-5.0,8.7,0.0,,45,3.5,14.0,1027.5,
2020-02-09,5.7,-1.6,11.6,0.0,,187,16.0,60.0,1022.7,
2020-02-10,10.4,7.9,12.3,15.3,,246,37.2,91.0,1010.4,
2020-02-11,5.7,2.7,10.4,7.2,,253,27.0,89.0,1015.3,
2020-02-12,4.5,2.2,6.2,0.1,,236,15.3,53.0,1022.9,
2020-02-13,3.6,-1.0,7.1,15.2,,181,12.4,88.0,1015.5,
2020-02-14,5.9,1.9,9.3,3.2,,239,10.4,50.0,1023.4,
2020-02-15,3.8,-2.3,11.8,0.0,,168,6.4,18.0,1026.2,
2020-02-16,9.0,2.6,15.0,0.0,,157,13.4,44.0,1020.1,
2020-02-17,9.8,6.4,13.1,4.7,,226,14.3,48.0,1020.9,
2020-02-18,5.3,2.6,8.3,1.0,,233,11.4,57.0,1029.9,
2020-02-19,4.9,2.7,6.8,4.0,,235,17.1,55.0,1026.1,
2020-02-20,6.0,-0.3,11.3,0.0,,196,9.3,33.3,1024.1,
2020-02-21,5.5,0.8,8.7,1.2,,265,10.6,67.0,1030.2,
2020-02-22,6.1,-1.6,13.3,0.0,,200,7.6,29.6,1031.2,
2020-02-23,12.4,8.3,16.3,0.0,,236,13.9,61.1,1026.5,
2020-02-24,13.2,10.3,17.1,0.0,,261,11.8,53.7,1020.9,
2020-02-25,8.0,5.3,11.2,4.6,,238,17.3,62.0,1008.7,
2020-02-26,2.4,0.3,6.0,10.5,,236,17.8,77.0,1007.2,
2020-02-27,2.4,0.1,5.8,5.9,,224,19.6,103.0,1007.7,
2020-02-28,4.4,-0.2,7.9,1.1,,218,11.4,61.1,1019.7,
2020-02-29,8.6,4.0,13.7,10.1,,184,13.7,62.0,1005.8,
2020-03-01,8.2,4.5,13.5,9.2,,209,15.5,74.0,1002.9,
2020-03-02,4.5,-0.7,7.9,3.5,,272,12.8,44.0,995.0,
2020-03-03,4.5,0.2,7.5,1.4,,256,12.6,46.3,1006.0,
2020-03-04,4.7,1.3,8.3,0.0,,185,6.3,23.0,1014.6,
2020-03-05,5.3,2.9,7.7,18.8,,156,10.1,35.0,1001.7,
2020-03-06,5.6,3.5,8.1,1.8,,235,25.2,63.0,1002.3,
2020-03-07,4.6,0.6,8.1,0.6,,248,9.3,28.0,1020.1,
2020-03-08,3.9,-2.5,10.4,0.0,,182,7.9,25.0,1021.6,
2020-03-09,5.7,2.3,8.2,5.2,,224,12.4,46.0,1018.0,
2020-03-10,4.9,0.9,8.4,4.9,,205,15.6,44.0,1020.6,
2020-03-11,11.8,8.2,17.0,5.3,,230,15.9,42.6,1020.6,
2020-03-12,11.7,7.1,15.2,0.9,,255,12.7,47.0,1017.4,
2020-03-13,7.7,1.5,11.3,6.3,,277,13.1,53.0,1021.8,
2020-03-14,4.8,-0.2,9.8,5.4,,296,4.6,18.0,1022.5,
2020-03-15,5.8,-1.8,14.5,0.0,,279,4.1,23.0,1019.7,
2020-03-16,8.2,0.0,17.0,0.0,,342,3.4,16.7,1021.5,
2020-03-17,9.8,4.7,16.6,0.0,,104,7.2,16.7,1030.1,
2020-03-18,9.9,0.8,18.5,0.0,,350,3.6,19.0,1028.4,
2020-03-19,10.4,1.8,18.7,2.7,,3,2.9,14.8,1024.1,
2020-03-20,10.6,4.0,17.2,0.0,,330,6.2,32.0,1020.4,
2020-03-21,6.1,3.3,9.8,0.0,,9,11.9,40.0,1019.3,
2020-03-22,4.1,1.0,8.1,0.0,,48,24.6,67.0,1023.8,
2020-03-23,2.2,-2.0,8.1,0.0,,49,24.2,71.0,1029.5,
2020-03-24,2.0,-5.2,7.9,0.0,,35,19.0,66.0,1027.9,
2020-03-25,2.5,-5.4,7.5,2.7,,31,20.1,58.0,1021.5,
2020-03-26,1.7,-2.4,5.8,0.9,,30,13.3,49.0,1016.7,
2020-03-27,4.4,-2.9,12.2,0.9,,109,4.3,17.0,1015.8,
2020-03-28,8.0,-0.3,16.6,1.8,,135,5.2,23.0,1017.0,
2020-03-29,4.7,0.4,7.6,4.7,,357,12.1,37.0,1019.4,
2020-03-30,2.0,0.7,4.2,0.9,,44,21.6,51.0,1024.1,
2020-03-31,2.5,-4.3,8.6,0.0,,40,14.9,54.0,1025.2,
2020-04-01,3.5,-3.9,10.6,0.9,,353,7.9,35.0,1020.5,
2020-04-02,4.9,-4.1,14.4,0.0,,298,6.3,32.0,1014.2,
2020-04-03,7.2,-1.0,13.4,0.0,,331,7.5,22.0,1016.9,
2020-04-04,7.9,-1.7,15.8,0.0,,9,9.7,41.0,1022.3,
2020-04-05,9.4,-0.1,18.7,0.0,,13,6.8,28.0,1022.0,
2020-04-06,11.4,1.0,20.8,0.9,,144,4.8,18.0,1023.2,
2020-04-07,12.6,2.4,22.3,0.0,,15,10.4,48.0,1027.3,
2020-04-08,13.0,3.8,22.0,0.9,,156,5.0,22.0,1025.1,
2020-04-09,13.1,5.1,22.0,0.0,,117,5.8,35.0,1023.3,
2020-04-10,13.3,3.4,22.2,0.9,,20,5.7,31.0,1022.7,
2020-04-11,13.6,4.3,22.1,0.0,,34,4.9,30.0,1022.2,
2020-04-12,14.2,5.6,22.9,0.1,,295,5.9,32.0,1017.6,
2020-04-13,15.6,9.5,21.4,0.9,,332,10.9,51.0,1013.7,
2020-04-14,7.7,1.8,11.8,0.0,,43,16.7,47.0,1022.2,
2020-04-15,8.5,0.0,18.2,0.0,,12,9.3,23.0,1023.1,
2020-04-16,12.2,0.8,22.1,6.3,,189,5.2,20.4,1019.1,
2020-04-17,15.5,6.4,23.0,0.9,,180,6.5,18.5,1015.7,
2020-04-18,16.5,7.4,24.2,0.9,,214,10.1,33.0,1015.2,
2020-04-19,15.8,6.8,22.0,0.9,,57,12.9,42.0,1013.1,
2020-04-20,14.3,10.4,18.3,0.3,,37,19.0,58.0,1010.1,
2020-04-21,13.7,9.2,18.8,0.0,,36,16.7,45.0,1009.7,
2020-04-22,14.3,6.0,21.7,0.9,,22,14.1,38.0,1013.4,
2020-04-23,13.6,5.2,21.7,0.9,,345,6.1,21.0,1017.4,
2020-04-24,14.2,4.8,23.0,0.9,,254,8.4,40.0,1014.4,
2020-04-25,15.7,9.4,21.8,0.0,,46,6.4,27.0,1009.5,
2020-04-26,13.9,6.5,20.9,0.3,,309,7.6,38.0,1009.3,
2020-04-27,16.1,10.2,22.2,0.9,,226,8.7,33.0,1009.5,
2020-04-28,13.2,10.2,16.2,12.3,,218,9.7,39.0,1008.4,
2020-04-29,11.2,8.3,16.2,7.9,,223,10.8,46.0,1011.2,
2020-04-30,10.3,8.6,12.2,6.7,,181,10.5,29.6,1009.7,
2020-05-01,9.9,8.5,12.1,6.8,,215,12.6,40.8,1008.3,
2020-05-02,10.3,7.4,15.1,6.2,,221,10.2,57.0,1012.6,
2020-05-03,10.2,2.6,16.7,0.9,,306,5.3,24.0,1019.1,
2020-05-04,15.0,8.6,21.3,0.0,,246,8.3,31.5,1016.6,
2020-05-05,11.9,9.6,14.5,14.2,,8,8.6,27.0,1016.6,
2020-05-06,11.3,6.9,16.2,2.1,,19,10.3,32.0,1021.4,
2020-05-07,12.0,1.5,21.0,0.0,,341,6.0,25.9,1023.1,
2020-05-08,16.2,6.6,24.9,0.0,,255,5.2,31.0,1017.5,
2020-05-09,18.9,11.5,26.0,1.1,,197,5.9,23.0,1011.4,
2020-05-10,18.5,14.8,24.1,1.1,,54,5.3,30.0,1006.0,
2020-05-11,12.6,3.3,17.3,8.5,,325,11.9,40.0,1001.7,
2020-05-12,7.3,3.1,12.4,1.7,,59,12.8,39.0,1016.0,
2020-05-13,8.8,6.1,11.7,2.9,,356,9.0,26.0,1010.5,
2020-05-14,9.2,7.4,11.1,6.9,,18,12.4,37.0,1012.5,
2020-05-15,10.7,5.5,13.6,0.1,,42,14.4,36.0,1015.4,
2020-05-16,10.9,2.3,18.5,0.0,,10,8.1,27.8,1020.9,
2020-05-17,13.8,5.2,21.2,0.0,,357,8.8,30.0,1020.8,
2020-05-18,15.8,7.7,23.1,0.0,,355,8.1,27.0,1022.3,
2020-05-19,18.2,9.5,24.5,0.0,,11,10.7,37.0,1019.4,
2020-05-20,19.1,10.8,23.6,0.9,,24,14.3,36.0,1018.8,
2020-05-21,17.7,9.5,24.8,0.0,,18,6.6,27.8,1020.4,
2020-05-22,18.5,9.6,26.1,0.0,,231,4.2,22.2,1021.9,
2020-05-23,15.5,9.8,22.0,12.4,,207,9.6,46.0,1024.6,
2020-05-24,12.8,7.2,18.6,1.9,,231,7.7,28.0,1032.1,
2020-05-25,13.6,6.3,19.4,0.9,,4,8.4,30.0,1032.1,
2020-05-26,14.4,6.3,20.1,0.0,,23,13.5,37.0,1031.9,
2020-05-27,15.2,6.5,21.9,0.9,,26,12.5,36.0,1030.8,
2020-05-28,14.5,6.6,21.8,1.3,,3,7.1,58.0,1027.4,
2020-05-29,14.9,6.3,19.6,0.0,,43,24.0,57.0,1023.0,
2020-05-30,14.2,6.7,19.4,0.0,,33,16.1,43.0,1019.3,
2020-05-31,14.4,6.6,20.4,0.0,,35,14.7,44.0,1018.2,
2020-06-01,17.3,8.4,24.7,0.0,,28,13.1,34.0,1017.8,
2020-06-02,18.1,8.3,25.5,0.0,,17,8.6,36.0,1015.3,
2020-06-03,18.2,10.1,25.6,0.0,,228,8.4,48.0,1006.8,
2020-06-04,14.4,12.0,16.4,21.1,,197,9.4,27.0,999.5,
2020-06-05,12.9,10.6,15.7,12.2,,236,15.6,53.0,1002.3,
2020-06-06,15.8,12.3,19.3,3.3,,272,16.3,61.0,1005.2,
2020-06-07,12.1,10.6,14.4,10.1,,188,7.1,24.0,1010.0,
2020-06-08,14.1,9.6,20.1,2.3,,28,11.6,47.0,1011.9,
2020-06-09,12.9,11.3,16.4,3.1,,342,10.4,25.0,1013.3,
2020-06-10,13.8,12.3,16.2,4.4,,310,9.0,32.0,1012.6,
2020-06-11,15.4,12.4,20.0,1.2,,21,7.7,33.0,1009.0,
2020-06-12,18.3,9.2,27.7,0.0,,36,10.4,33.0,1005.3,
2020-06-13,17.6,13.4,24.9,7.6,,282,11.5,68.0,1010.8,
2020-06-14,14.4,12.9,16.9,5.3,,197,8.0,29.0,1017.2,
2020-06-15,16.4,12.2,19.8,0.0,,188,5.7,22.0,1018.2,
2020-06-16,16.8,14.0,20.9,0.0,,97,8.6,29.0,1016.1,
2020-06-17,14.6,13.0,16.4,13.6,,275,9.6,43.0,1012.7,
2020-06-18,14.6,8.8,21.5,2.1,,287,6.0,40.0,1014.6,
2020-06-19,13.6,11.1,16.6,4.5,,176,7.2,34.0,1019.0,
2020-06-20,16.0,11.3,20.5,0.0,,20,6.4,29.0,1021.2,
2020-06-21,18.6,13.6,24.3,0.0,,260,5.9,28.0,1021.1,
2020-06-22,19.5,13.5,25.1,0.0,,54,5.9,23.0,1023.2,
2020-06-23,20.8,13.5,26.6,0.0,,26,15.0,36.0,1021.8,
2020-06-24,21.1,12.6,27.3,0.0,,36,13.3,35.2,1019.3,
2020-06-25,20.7,12.1,27.3,0.0,,18,8.3,25.0,1016.7,
2020-06-26,20.0,15.1,27.2,1.3,,238,8.4,60.0,1014.4,
2020-06-27,20.5,14.0,27.0,0.5,,170,8.4,35.0,1014.5,
2020-06-28,20.1,15.6,25.3,1.4,,254,9.2,44.0,1016.1,
2020-06-29,17.5,14.4,23.5,20.3,,225,7.9,32.0,1015.7,
2020-06-30,18.7,11.2,25.3,0.0,,274,7.9,30.0,1014.1,
2020-07-01,22.0,14.5,29.9,0.0,,179,8.8,33.0,1010.8,
2020-07-02,20.0,17.5,23.4,4.1,,236,11.4,39.0,1013.6,
2020-07-03,17.8,14.3,20.0,0.0,,220,6.4,24.0,1018.7,
2020-07-04,18.5,12.0,24.7,0.0,,234,6.6,28.0,1020.3,
2020-07-05,21.1,14.4,27.2,0.0,,220,10.5,33.3,1018.3,
2020-07-06,18.8,13.6,22.6,0.9,,260,12.9,49.0,1017.3,
2020-07-07,16.1,7.9,23.0,0.0,,337,7.9,28.0,1020.1,
2020-07-08,18.7,9.0,26.8,0.0,,259,7.9,34.0,1018.0,
2020-07-09,21.8,12.3,30.2,0.9,,224,8.2,31.0,1016.2,
2020-07-10,22.5,15.2,29.2,4.7,,237,10.9,38.9,1013.5,
2020-07-11,17.5,14.8,19.5,24.2,,115,8.5,24.0,1020.7,
2020-07-12,17.6,9.9,23.8,0.0,,30,14.2,37.0,1023.2,
2020-07-13,18.3,10.5,24.7,0.0,,23,8.9,35.0,1020.1,
2020-07-14,18.9,11.0,25.6,0.0,,286,6.2,28.0,1015.1,
2020-07-15,17.3,15.4,20.1,0.2,,271,6.8,33.0,1014.6,
2020-07-16,15.7,14.8,17.7,4.8,,236,7.8,30.0,1019.0,
2020-07-17,16.6,14.0,19.5,11.4,,353,5.2,23.0,1019.5,
2020-07-18,17.7,10.6,24.1,0.0,,9,9.6,35.0,1018.9,
2020-07-19,19.0,9.8,26.6,0.0,,26,5.9,26.0,1016.5,
2020-07-20,21.4,12.2,29.1,0.0,,182,4.6,27.0,1016.3,
2020-07-21,21.3,13.7,28.0,0.0,,224,7.9,27.0,1018.8,
2020-07-22,22.0,15.4,28.0,0.0,,302,8.3,26.0,1018.5,
2020-07-23,22.3,17.0,28.1,0.0,,238,8.2,31.0,1015.0,
2020-07-24,18.1,14.1,22.7,2.4,,213,7.4,39.0,1014.1,
2020-07-25,20.6,13.8,28.3,0.0,,196,7.0,28.0,1014.0,
2020-07-26,20.9,16.8,26.6,1.8,,187,8.9,38.0,1013.8,
2020-07-27,22.3,13.2,31.4,0.0,,204,7.5,40.0,1015.4,
2020-07-28,24.1,19.4,30.7,3.0,,240,9.3,47.0,1013.3,
2020-07-29,22.2,16.4,28.1,0.0,,321,6.7,21.0,1017.8,
2020-07-30,23.0,13.6,32.3,0.0,,334,5.4,18.0,1017.7,
2020-07-31,26.0,16.1,35.4,0.0,,221,5.4,25.0,1015.3,
2020-08-01,25.5,19.5,32.5,0.0,,174,10.6,31.0,1014.1,
2020-08-02,19.8,17.4,24.2,19.7,,259,7.4,65.0,1014.9,
2020-08-03,16.3,13.7,19.3,19.7,,272,6.2,39.0,1012.5,
2020-08-04,14.3,11.7,16.9,15.1,,268,6.0,31.0,1016.2,
2020-08-05,16.1,9.0,22.8,1.0,,25,10.9,41.0,1018.2,
2020-08-06,18.7,10.9,26.6,0.0,,11,7.4,26.0,1018.9,
2020-08-07,21.3,13.0,29.2,0.9,,0,5.0,22.0,1019.1,
2020-08-08,22.3,13.9,29.6,0.9,,37,6.3,33.0,1019.5,
2020-08-09,22.4,14.3,30.1,0.0,,29,6.0,27.0,1017.2,
2020-08-10,22.8,15.6,31.5,0.0,,56,4.6,40.0,1014.1,
2020-08-11,24.6,18.3,31.6,0.0,,157,7.0,26.0,1015.0,
2020-08-12,24.3,17.0,31.2,0.9,,281,4.5,31.0,1014.5,
2020-08-13,22.0,17.7,26.2,2.0,,185,8.9,45.0,1014.8,
2020-08-14,20.6,17.5,24.2,0.0,,211,6.9,24.0,1015.5,
2020-08-15,21.4,14.0,27.7,1.8,,324,5.1,16.7,1014.2,
2020-08-16,21.6,13.7,29.7,0.9,,344,5.6,21.0,1010.6,
2020-08-17,19.7,16.8,24.0,18.2,,209,8.2,73.0,1012.4,
2020-08-18,19.5,13.8,24.2,0.9,,212,8.5,27.0,1013.3,
2020-08-19,19.9,13.3,25.4,0.0,,58,4.8,16.0,1011.7,
2020-08-20,23.7,17.4,32.0,0.0,,238,4.3,18.0,1010.2,
2020-08-21,24.7,15.5,33.4,0.0,,264,6.9,36.0,1012.1,
2020-08-22,20.8,18.4,23.0,6.5,,250,8.3,38.0,1018.4,
2020-08-23,19.3,16.0,23.4,0.0,,281,9.4,35.0,1019.4,
2020-08-24,18.1,13.4,23.2,0.0,,321,6.9,31.0,1018.1,
2020-08-25,17.9,9.6,25.6,0.0,,248,6.3,22.0,1014.9,
2020-08-26,22.5,17.7,26.9,1.8,,255,15.5,53.7,1014.7,
2020-08-27,17.6,10.4,24.7,0.0,,314,4.6,21.0,1016.9,
2020-08-28,17.4,12.3,24.2,5.1,,215,8.6,34.0,1007.7,
2020-08-29,14.2,13.5,15.0,7.0,,19,5.9,27.0,1007.7,
2020-08-30,12.2,10.1,13.6,45.0,,277,9.7,52.0,1010.4,
2020-08-31,13.8,9.1,19.4,0.0,,207,5.9,25.0,1017.5,
2020-09-01,14.4,10.7,17.4,0.9,,19,7.6,24.0,1016.7,
2020-09-02,14.8,10.4,20.3,0.0,,354,7.0,27.0,1017.6,
2020-09-03,15.3,8.2,23.0,0.0,,311,4.6,32.0,1022.6,
2020-09-04,18.1,9.6,27.1,0.9,,209,4.0,14.8,1024.3,
2020-09-05,20.3,14.1,26.7,0.0,,231,8.8,35.0,1018.3,
2020-09-06,15.8,13.6,17.4,1.5,,332,7.5,26.0,1018.8,
2020-09-07,15.3,10.9,20.8,0.0,,31,10.9,44.0,1022.1,
2020-09-08,14.8,7.9,23.3,0.9,,2,5.1,27.0,1026.9,
2020-09-09,16.8,8.5,25.8,0.9,,317,4.2,20.0,1023.7,
2020-09-10,17.7,11.1,25.1,0.0,,2,7.6,28.0,1019.4,
2020-09-11,17.9,11.9,24.9,0.0,,8,7.8,30.0,1016.5,
2020-09-12,18.2,11.2,26.0,0.0,,354,2.9,13.0,1019.7,
2020-09-13,18.5,11.1,27.1,0.9,,358,6.3,27.0,1025.0,
2020-09-14,19.2,11.7,28.4,0.9,,335,3.1,13.0,1024.7,
2020-09-15,20.5,13.1,28.9,0.9,,150,4.3,24.0,1021.2,
2020-09-16,19.3,13.4,27.3,,,337,3.1,14.8,1019.5,
2020-09-17,19.4,13.2,25.9,0.9,,19,12.2,51.0,1019.8,
2020-09-18,18.4,15.1,21.4,0.0,,9,12.1,30.0,1020.6,
2020-09-19,16.1,11.1,21.9,0.0,,337,6.1,22.0,1018.3,
2020-09-20,17.9,11.9,24.5,0.9,,348,5.4,18.0,1014.3,
2020-09-21,19.0,13.6,24.4,0.0,,174,5.4,18.0,1014.8,
2020-09-22,18.8,14.7,23.5,0.0,,180,6.2,19.0,1012.1,
2020-09-23,16.6,11.7,20.1,1.1,,203,6.1,29.0,1010.0,
2020-09-24,16.1,11.5,20.4,7.3,,187,7.5,48.0,1007.8,
2020-09-25,10.1,7.7,13.8,12.8,,217,12.1,49.0,1004.0,
2020-09-26,7.6,6.7,9.2,6.3,,238,19.9,55.5,1006.0,
2020-09-27,8.7,6.4,12.1,1.2,,231,12.5,46.0,1005.9,
2020-09-28,9.7,4.4,14.8,1.8,,239,6.8,25.0,1012.3,
2020-09-29,11.3,10.1,13.0,6.9,,218,8.4,33.0,1019.3,
2020-09-30,11.2,7.7,16.8,0.0,,334,3.8,14.8,1016.8,
2020-10-01,12.9,7.9,17.4,0.2,,197,6.6,35.0,1008.0,
2020-10-02,13.5,10.2,17.1,0.0,,20,9.5,35.2,992.6,
2020-10-03,10.0,6.7,13.6,15.2,,270,11.0,46.0,993.9,
2020-10-04,12.1,7.1,16.6,1.5,,215,10.8,50.0,1000.1,
2020-10-05,11.0,8.6,13.1,3.6,,215,13.7,50.0,1008.3,
2020-10-06,12.2,10.2,16.7,7.9,,232,18.2,60.0,1010.8,
2020-10-07,11.0,9.5,13.1,6.6,,229,13.2,50.0,1017.4,
2020-10-08,12.7,8.0,18.2,21.6,,196,8.3,31.0,1023.7,
2020-10-09,13.3,9.3,17.9,1.8,,193,7.5,22.2,1022.2,
2020-10-10,11.2,8.4,13.1,7.3,,231,6.0,37.0,1022.4,
2020-10-11,7.7,5.6,10.5,5.7,,320,5.5,39.0,1021.9,
2020-10-12,6.1,1.7,9.1,0.0,,348,3.3,17.0,1021.9,
2020-10-13,7.1,4.8,11.2,0.0,,16,8.6,30.0,1014.3,
2020-10-14,6.7,3.4,11.5,0.0,,9,12.7,39.0,1012.8,
2020-10-15,6.4,3.2,8.2,1.6,,2,8.0,27.8,1014.3,
2020-10-16,7.9,6.6,9.1,2.6,,320,3.6,14.8,1017.5,
2020-10-17,8.0,5.8,10.3,0.5,,353,6.4,19.0,1019.4,
2020-10-18,8.1,6.0,11.3,0.0,,339,4.6,14.0,1023.2,
2020-10-19,6.2,3.1,11.8,2.7,,336,3.5,14.0,1023.7,
2020-10-20,6.8,2.4,13.6,0.0,,341,5.2,17.0,1018.6,
2020-10-21,9.6,5.9,13.4,0.0,,312,5.0,18.0,1013.7,
2020-10-22,11.1,5.4,17.5,2.2,,268,4.5,22.0,1018.6,
2020-10-23,12.6,11.6,13.4,28.2,,167,5.1,20.4,1016.7,
2020-10-24,12.0,7.1,16.1,0.8,,212,8.8,30.0,1018.9,
2020-10-25,8.9,4.2,15.3,0.0,,48,4.0,15.0,1011.8,
2020-10-26,7.0,4.7,10.8,18.9,,212,11.2,35.0,1009.2,
2020-10-27,7.3,4.7,12.3,4.7,,186,10.0,37.0,1013.6,
2020-10-28,9.8,7.8,13.9,4.2,,181,11.0,38.0,1016.7,
2020-10-29,10.9,9.9,12.1,7.5,,230,13.3,46.0,1022.4,
2020-10-30,11.2,6.2,15.6,0.0,,226,9.9,26.0,1026.5,
2020-10-31,6.3,3.5,9.5,0.1,,30,3.8,15.0,1026.0,
2020-11-01,9.6,5.5,13.4,2.9,,155,6.6,18.0,1022.6,
2020-11-02,16.1,11.9,21.8,0.0,,187,7.4,26.0,1019.5,
2020-11-03,12.0,8.7,14.9,4.3,,275,9.0,32.0,1024.7,
2020-11-04,7.5,6.5,8.6,2.5,,9,10.7,35.0,1030.2,
2020-11-05,8.6,7.1,9.9,0.9,,25,9.2,31.0,1034.7,
2020-11-06,7.6,6.1,9.1,0.0,,4,9.5,24.0,1032.5,
2020-11-07,7.0,4.6,9.9,0.0,,29,6.6,17.0,1028.5,
2020-11-08,6.3,3.0,9.8,0.0,,331,4.3,14.0,1026.6,
2020-11-09,5.5,2.8,10.9,0.0,,331,4.2,13.0,1026.4,
2020-11-10,4.8,3.1,7.6,7.3,,358,3.3,13.0,1028.4,
2020-11-11,5.8,4.7,7.1,20.8,,354,4.1,13.0,1027.2,
2020-11-12,9.0,4.5,14.5,21.6,,156,6.9,20.4,1023.7,
2020-11-13,6.7,1.2,14.2,21.6,,229,3.4,15.0,1023.8,
2020-11-14,5.8,0.0,14.0,21.6,,23,3.8,14.0,1022.9,
2020-11-15,5.9,-0.2,14.0,20.4,,231,6.3,48.0,1018.0,
2020-11-16,9.1,4.8,12.5,19.1,,216,10.0,42.0,1021.7,
2020-11-17,6.8,2.7,11.7,21.6,,170,4.0,14.0,1030.2,
2020-11-18,3.0,0.0,9.0,21.6,,330,4.5,13.0,1029.6,
2020-11-19,6.1,2.0,11.0,18.6,,215,10.3,46.0,1028.2,
2020-11-20,4.9,0.6,6.5,19.5,,340,8.2,27.0,1034.4,
2020-11-21,0.2,-3.4,5.0,21.6,,328,6.1,16.7,1035.8,
2020-11-22,-1.2,-4.7,3.2,21.6,,12,2.2,14.0,1032.2,
2020-11-23,2.0,-2.0,8.1,21.6,,319,4.2,14.0,1031.2,
2020-11-24,2.6,-1.4,4.5,21.6,,91,4.2,17.0,1027.3,
2020-11-25,1.7,0.7,2.5,21.6,,230,4.3,13.0,1024.0,
2020-11-26,1.6,1.0,2.5,21.6,,343,4.5,14.0,1025.7,
2020-11-27,0.7,0.2,1.5,21.6,,8,3.8,13.0,1023.3,
2020-11-28,1.2,0.6,2.1,21.6,,38,9.9,27.8,1020.3,
2020-11-29,1.2,0.1,2.7,21.6,,31,14.3,35.0,1023.2,
2020-11-30,0.3,-1.2,1.1,21.6,,329,8.1,22.0,1027.3,
2020-12-01,0.7,-0.5,1.5,20.2,,174,7.3,22.2,1019.7,
2020-12-02,0.9,-0.2,1.7,21.6,,22,8.5,28.0,1016.3,
2020-12-03,0.2,-3.0,4.2,21.6,,192,6.3,33.0,1007.9,
2020-12-04,-0.2,-1.7,1.7,21.6,,333,5.6,19.0,992.6,
2020-12-05,1.5,0.0,2.6,17.6,,119,6.1,20.0,999.5,
2020-12-06,1.1,0.0,2.6,18.9,,183,4.2,13.0,1000.8,
2020-12-07,0.7,0.0,2.2,21.7,,69,5.6,14.8,1002.6,
2020-12-08,0.6,-0.7,1.5,21.6,,1,6.0,15.0,1003.4,
2020-12-09,0.7,0.0,1.7,15.9,,181,3.8,20.0,1010.8,
2020-12-10,0.2,-1.0,1.2,21.6,,312,4.3,17.0,1008.7,
2020-12-11,-0.7,-3.5,1.0,21.6,,147,5.9,18.0,1003.3,
2020-12-12,3.5,-0.2,5.7,18.5,,171,7.8,26.0,1002.0,
2020-12-13,4.7,2.6,6.1,20.6,,191,6.2,21.0,1014.0,
2020-12-14,1.3,-1.2,3.6,21.6,,9,4.2,13.0,1016.7,
2020-12-15,3.1,0.7,5.7,21.6,,107,5.6,14.0,1016.9,
2020-12-16,3.3,1.0,4.5,21.6,,265,5.5,16.0,1020.5,
2020-12-17,4.1,1.2,7.1,21.6,,161,7.0,22.0,1025.9,
2020-12-18,2.4,0.2,3.5,21.6,,15,3.9,15.0,1027.2,
2020-12-19,0.3,-1.0,1.5,21.6,,75,3.8,13.0,1024.1,
2020-12-20,2.2,-0.2,5.7,20.0,,123,6.3,17.0,1024.5,
2020-12-21,4.0,0.5,7.0,24.8,,144,6.6,26.0,1025.3,
2020-12-22,10.7,6.7,13.6,21.0,,207,17.4,49.0,1022.7,
2020-12-23,9.6,6.1,12.6,21.7,,171,12.2,38.0,1018.3,
2020-12-24,7.0,4.2,9.1,21.6,,241,18.6,62.0,1014.5,
2020-12-25,2.0,-0.2,3.5,19.6,,311,10.9,40.0,1020.8,
2020-12-26,-1.3,-3.9,2.1,21.6,,341,5.7,17.0,1027.3,
2020-12-27,-1.8,-5.4,0.7,21.6,,155,9.4,28.0,1005.3,
2020-12-28,1.1,-1.2,3.0,21.0,,207,7.3,29.0,984.6,
2020-12-29,3.3,-0.2,6.6,21.2,,213,14.3,50.0,993.9,
2020-12-30,2.0,-0.2,4.2,20.6,,205,6.8,28.0,1006.4,
2020-12-31,0.7,-2.2,3.2,23.8,,152,7.7,26.0,1008.5,
2021-01-01,1.2,0.0,2.2,2.7,,340,5.9,18.0,1008.9,
2021-01-02,1.5,0.7,2.0,0.0,,20,13.4,38.0,1010.8,
2021-01-03,0.2,-1.0,1.2,0.0,,337,5.3,22.2,1011.6,
2021-01-04,-1.0,-4.0,1.0,0.0,,17,10.8,27.8,1014.1,
2021-01-05,-0.6,-1.4,-0.2,18.5,,13,7.6,25.0,1012.8,
2021-01-06,-0.6,-1.2,0.0,5.7,,200,4.2,18.0,1014.6,
2021-01-07,0.0,-1.0,1.7,0.0,,154,3.5,13.0,1016.7,
2021-01-08,-1.2,-6.5,1.0,0.0,,175,4.0,13.0,1018.4,
2021-01-09,-3.2,-7.7,0.5,0.0,,356,9.8,37.0,1021.7,
2021-01-10,-1.4,-2.2,0.5,0.0,,44,18.0,46.0,1022.8,
2021-01-11,-3.3,-5.2,-2.0,0.0,,48,7.2,29.6,1024.8,
2021-01-12,-0.6,-5.2,2.0,7.6,,211,12.7,51.8,1020.4,
2021-01-13,2.2,0.7,3.5,11.4,,234,12.2,51.0,1020.7,
2021-01-14,1.0,-1.2,4.7,41.0,,287,10.2,49.0,1018.7,
2021-01-15,-3.2,-9.9,-0.5,10.2,,347,9.8,26.0,1022.9,
2021-01-16,-7.0,-14.0,-2.5,0.0,,232,4.7,15.0,1029.6,
2021-01-17,0.8,-2.7,2.0,1.0,,234,12.5,48.0,1021.7,
2021-01-18,1.2,-1.2,2.2,0.0,,223,7.2,30.0,1028.8,
2021-01-19,0.4,-3.0,4.0,0.0,,171,9.4,31.0,1022.9,
2021-01-20,-0.9,-6.0,5.2,0.0,,135,6.4,24.0,1012.9,
2021-01-21,2.5,-3.0,8.0,0.0,,205,8.4,39.0,1005.3,
2021-01-22,5.1,2.0,8.0,2.3,,239,9.8,69.0,997.1,
2021-01-23,2.0,1.1,3.6,6.9,,166,10.9,49.0,1000.0,
2021-01-24,0.7,-2.2,3.0,0.4,,253,10.4,42.0,1003.2,
2021-01-25,0.3,-0.7,1.2,1.2,,225,11.7,59.0,1006.9,
2021-01-26,0.2,-1.5,1.7,0.0,,231,12.7,40.0,1022.8,
2021-01-27,-0.8,-3.5,1.2,2.3,,165,6.5,22.2,1020.5,
2021-01-28,5.1,1.0,9.5,17.9,,194,19.2,61.1,1012.1,
2021-01-29,8.3,5.2,9.7,18.9,,233,22.5,61.1,1006.1,
2021-01-30,6.2,5.5,7.2,8.4,,200,12.9,48.2,1002.8,
2021-01-31,5.9,5.0,7.5,2.9,,155,6.4,23.0,999.7,
2021-02-01,6.1,4.2,7.7,17.0,,188,9.7,47.0,997.5,
2021-02-02,8.9,6.5,11.1,0.5,,222,16.8,50.0,1007.6,
2021-02-03,9.1,7.5,12.0,11.8,,198,18.6,62.0,1007.5,
2021-02-04,6.2,0.7,9.7,0.4,,266,6.5,59.0,1016.4,
2021-02-05,6.3,1.2,12.0,11.0,,85,6.0,34.0,1014.1,
2021-02-06,5.0,2.7,7.5,0.0,,322,5.8,26.0,1007.1,
2021-02-07,4.1,2.0,7.5,0.6,,223,10.9,37.0,999.0,
2021-02-08,2.2,0.2,5.7,,,217,8.4,35.0,997.9,
2021-02-09,0.4,-0.5,1.2,2.5,,305,6.4,21.0,1002.5,
2021-02-10,-0.8,-5.6,1.4,2.9,,317,9.0,32.0,1005.5,
2021-02-11,-6.9,-9.5,-5.2,0.3,,14,13.2,38.9,1026.6,
2021-02-12,-6.6,-9.1,-3.3,,,29,15.6,42.6,1028.3,
2021-02-13,-6.2,-9.0,-2.9,,,45,17.6,44.5,1033.9,
2021-02-14,-6.6,-12.5,-1.5,0.0,,334,7.4,31.5,1039.4,
2021-02-15,-2.2,-8.9,4.7,0.5,,162,5.6,26.0,1035.4,
2021-02-16,5.6,2.2,11.0,0.0,,156,7.6,31.0,1024.3,
2021-02-17,7.0,1.0,11.5,1.4,,217,6.6,27.8,1023.0,
2021-02-18,2.5,-3.0,9.2,0.0,,340,5.0,36.0,1019.8,
2021-02-19,7.4,3.5,13.5,0.2,,146,6.4,17.0,1020.3,
2021-02-20,5.6,-1.0,14.2,0.0,,346,3.5,14.8,1020.6,
2021-02-21,4.3,-1.9,15.0,,,306,4.9,19.0,1019.9,
2021-02-22,5.2,-2.4,15.7,0.0,,252,5.0,15.0,1024.3,
2021-02-23,6.6,-1.0,16.2,0.0,,50,3.4,13.0,1035.6,
2021-02-24,7.2,0.5,16.7,0.0,,322,3.1,12.0,1035.8,
2021-02-25,7.2,-0.5,18.2,0.0,,152,4.6,14.0,1031.8,
2021-02-26,8.1,1.5,15.6,0.0,,251,8.1,34.0,1031.1,
2021-02-27,5.9,3.5,8.2,0.0,,45,19.5,51.8,1034.2,
2021-02-28,3.3,0.0,8.7,0.0,,29,12.0,36.0,1033.3,
2021-03-01,3.1,-3.2,11.2,0.0,,23,4.1,21.0,1032.0,
2021-03-02,4.6,-3.5,15.5,0.0,,22,2.7,13.0,1032.9,
2021-03-03,4.4,-0.7,11.2,0.0,,149,4.9,15.0,1031.8,
2021-03-04,7.4,3.0,13.0,1.9,,189,10.5,44.0,1021.9,
2021-03-05,4.9,3.1,6.7,0.6,,42,11.2,35.2,1023.1,
2021-03-06,2.2,-1.0,6.5,0.0,,44,12.9,35.0,1029.1,
2021-03-07,2.6,-2.7,8.5,0.2,,220,4.7,22.2,1024.2,
2021-03-08,4.1,-0.4,9.1,0.0,,0,10.4,34.0,1019.9,
2021-03-09,2.6,-3.2,8.0,0.0,,306,6.2,19.0,1019.2,
2021-03-10,5.1,-0.2,10.2,0.9,,161,6.2,22.0,1020.8,
2021-03-11,10.5,6.1,15.1,9.7,,229,22.5,67.0,1012.0,
2021-03-12,8.0,4.5,11.0,0.2,,239,19.8,75.0,1015.4,
2021-03-13,7.9,3.7,12.5,2.6,,240,29.5,83.0,1010.7,
2021-03-14,2.9,1.0,5.5,11.2,,245,16.6,69.0,1015.6,
2021-03-15,2.8,1.0,5.2,10.2,,226,12.9,44.5,1017.6,
2021-03-16,3.0,0.5,5.2,0.3,,250,9.7,40.0,1025.1,
2021-03-17,2.3,0.6,4.6,8.5,,184,6.3,27.0,1023.6,
2021-03-18,1.4,-1.5,4.1,0.1,,15,7.7,24.1,1023.4,
2021-03-19,1.0,-4.0,5.7,0.0,,42,10.0,50.0,1019.6,
2021-03-20,0.9,-1.5,3.5,0.0,,43,10.1,37.0,1026.5,
2021-03-21,1.8,-1.0,4.1,0.0,,181,5.3,19.0,1023.8,
2021-03-22,3.5,0.7,6.0,0.0,,17,10.1,26.0,1023.6,
2021-03-23,5.0,-1.0,10.5,,,35,8.3,33.0,1026.3,
2021-03-24,5.6,-2.2,14.5,0.0,,36,3.5,15.0,1025.7,
2021-03-25,7.7,-1.4,16.2,0.0,,271,6.0,25.0,1023.1,
2021-03-26,9.5,1.1,17.0,0.0,,166,6.5,28.0,1021.1,
2021-03-27,8.2,4.6,12.0,10.2,,266,15.6,48.0,1026.5,
2021-03-28,7.8,-0.5,15.5,,,189,5.6,20.0,1032.1,
2021-03-29,10.5,1.0,19.5,0.0,,130,4.7,15.0,1033.3,
2021-03-30,11.1,2.0,21.1,0.0,,12,4.3,24.0,1031.5,
2021-03-31,12.7,3.0,22.7,0.0,,143,3.7,19.0,1025.1,
2021-04-01,14.5,5.0,23.5,,,181,5.9,20.4,1019.8,
2021-04-02,13.1,6.1,19.6,,,347,10.1,38.9,1017.5,
2021-04-03,6.6,3.2,9.5,,,32,18.4,42.6,1022.5,
2021-04-04,6.5,-0.2,13.2,,,45,13.1,40.0,1021.9,
2021-04-05,6.4,-0.7,14.7,0.2,,249,15.0,73.0,1013.5,
2021-04-06,0.8,-2.4,5.7,,,236,11.2,31.5,1016.7,
2021-04-07,1.3,-1.2,3.7,,,251,15.9,48.2,1021.6,
2021-04-08,4.9,-1.2,10.7,,,205,9.8,24.1,1025.8,
2021-04-09,7.6,-2.2,17.7,,,210,10.3,35.2,1019.1,
2021-04-10,12.1,8.0,17.5,,,209,11.6,27.8,1014.9,
2021-04-11,12.1,8.0,19.7,,,209,10.3,40.8,1011.0,
2021-04-12,3.9,0.2,8.7,,,252,8.5,31.5,1025.6,
2021-04-13,2.2,-3.7,7.6,,,357,8.4,39.0,1030.6,
2021-04-14,3.4,-1.7,7.7,0.0,,17,16.6,45.0,1027.8,
2021-04-15,3.4,-3.5,8.1,,,28,15.2,45.0,1025.9,
2021-04-16,4.4,-2.5,9.7,0.0,,27,18.0,50.0,1023.0,
2021-04-17,5.0,0.0,9.2,0.0,,21,14.0,36.0,1021.6,
2021-04-18,6.4,4.5,10.0,0.0,,11,10.1,24.0,1020.4,
2021-04-19,6.4,0.2,12.1,0.0,,336,5.4,27.0,1019.9,
2021-04-20,8.4,0.7,16.1,0.0,,22,5.6,23.0,1017.0,
2021-04-21,9.7,0.6,18.0,,,2,5.5,30.0,1015.9,
2021-04-22,11.3,6.0,16.5,0.2,,15,8.6,51.0,1019.9,
2021-04-23,10.4,1.5,17.7,0.0,,11,11.7,37.0,1024.5,
2021-04-24,11.3,0.2,21.0,0.0,,341,5.7,23.0,1022.0,
2021-04-25,12.7,5.6,18.7,0.0,,14,11.9,36.0,1019.1,
2021-04-26,11.2,5.0,16.7,0.0,,33,17.3,45.0,1014.0,
2021-04-27,11.2,2.7,18.5,0.0,,343,7.5,29.0,1006.5,
2021-04-28,11.9,4.2,19.7,2.2,,246,8.6,45.0,1004.5,
2021-04-29,11.8,9.1,14.2,1.5,,196,9.6,33.0,1007.8,
2021-04-30,9.7,6.0,15.2,13.2,,338,9.3,36.0,1011.3,
2021-05-01,7.2,6.0,9.2,,,344,9.6,25.9,1012.2,
2021-05-02,6.4,5.1,9.5,,,204,7.3,24.1,1018.4,
2021-05-03,8.1,0.0,15.0,,,238,5.3,22.2,1021.8,
2021-05-04,10.8,3.5,17.5,,,223,18.4,59.0,1012.4,
2021-05-05,9.7,6.6,12.6,5.1,,265,19.7,58.0,1010.7,
2021-05-06,8.4,5.1,11.0,,,196,11.0,46.3,1011.6,
2021-05-07,8.8,5.0,12.5,,,250,14.3,42.6,1015.4,
2021-05-08,10.9,2.0,19.7,,,217,6.1,22.2,1018.0,
2021-05-09,16.1,5.0,25.7,,,299,8.0,24.1,1010.1,
2021-05-10,16.7,13.2,21.5,,,253,10.9,27.8,1008.0,
2021-05-11,11.6,8.7,16.0,,,257,8.0,25.9,1009.7,
2021-05-12,10.6,8.1,13.5,,,209,8.4,29.0,1013.6,
2021-05-13,9.1,3.5,13.5,,,234,8.6,42.0,1010.5,
2021-05-14,10.2,2.2,18.2,0.0,,224,7.6,45.0,1010.5,
2021-05-15,9.9,6.0,14.0,7.5,,209,8.6,32.0,1010.7,
2021-05-16,10.5,8.0,14.1,,,195,8.7,51.0,1008.1,
2021-05-17,10.5,7.5,13.7,5.8,,237,19.7,63.0,1011.5,
2021-05-18,11.0,8.6,15.0,4.2,,269,15.3,42.0,1016.5,
2021-05-19,9.5,6.7,14.2,,,214,10.7,48.0,1020.0,
2021-05-20,10.9,7.5,15.7,1.3,,220,9.6,33.0,1022.5,
2021-05-21,10.6,8.1,13.2,18.7,,187,8.9,31.0,1015.1,
2021-05-22,12.0,7.5,17.6,3.2,,250,13.9,46.0,1012.5,
2021-05-23,11.6,7.6,16.7,3.3,,242,9.2,34.0,1018.1,
2021-05-24,10.7,6.0,15.7,,,254,6.1,39.0,1014.9,
2021-05-25,10.9,7.0,15.5,,,242,17.9,61.0,1020.9,
2021-05-26,12.2,8.6,16.2,,,254,13.1,62.0,1018.1,
2021-05-27,11.0,8.5,15.2,13.9,,173,7.1,24.0,1020.9,
2021-05-28,13.0,4.0,20.2,0.0,,30,8.2,35.0,1021.1,
2021-05-29,15.1,10.2,19.5,,,33,13.0,39.0,1021.4,
2021-05-30,14.5,6.5,19.2,0.0,,36,19.9,51.8,1022.4,
2021-05-31,14.8,5.5,21.5,,,25,12.5,31.5,1019.3,
2021-06-01,16.4,6.0,24.0,0.0,,15,8.7,27.8,1015.8,
2021-06-02,17.5,8.0,25.0,0.3,,23,6.7,38.0,1015.8,
2021-06-03,19.9,15.0,25.6,2.8,,150,5.0,19.0,1020.6,
2021-06-04,18.4,14.0,24.2,,,117,5.4,18.0,1021.4,
2021-06-05,15.7,14.5,18.0,7.7,,212,8.0,52.0,1022.7,
2021-06-06,15.6,13.7,17.7,2.6,,310,6.5,18.5,1021.7,
2021-06-07,16.3,14.5,20.2,20.7,,351,7.8,31.0,1020.1,
2021-06-08,17.0,14.0,20.7,4.6,,341,7.0,22.0,1020.5,
2021-06-09,17.0,13.2,22.5,0.7,,342,6.8,36.0,1021.1,
2021-06-10,17.8,10.0,24.5,0.0,,332,7.6,39.0,1020.7,
2021-06-11,19.5,12.0,26.2,,,343,6.7,32.0,1019.0,
2021-06-12,20.4,13.0,27.2,0.0,,255,8.9,38.0,1020.1,
2021-06-13,20.5,15.6,25.2,0.0,,27,9.7,30.0,1023.3,
2021-06-14,19.7,11.1,27.0,0.0,,5,9.6,26.0,1020.0,
2021-06-15,21.1,11.6,29.2,0.0,,334,4.4,19.0,1017.5,
2021-06-16,22.3,13.2,30.1,0.0,,7,4.1,20.0,1014.2,
2021-06-17,23.0,14.0,30.7,,,352,5.0,24.0,1012.9,
2021-06-18,24.7,18.5,30.7,0.0,,6,8.2,30.0,1013.0,
2021-06-19,23.9,17.7,30.5,3.7,,87,9.2,46.0,1013.6,
2021-06-20,21.6,15.0,27.1,9.5,,22,11.9,73.0,1010.0,
2021-06-21,19.7,14.7,26.5,1.8,,77,6.3,45.0,1009.0,
2021-06-22,18.4,15.7,22.0,,,247,7.9,29.0,1012.5,
2021-06-23,19.3,15.0,24.7,49.2,,36,10.4,38.0,1016.1,
2021-06-24,16.2,13.0,22.7,9.3,,252,9.4,37.0,1018.7,
2021-06-25,17.0,14.2,21.6,0.0,,239,7.1,25.9,1019.8,
2021-06-26,18.4,12.0,24.5,0.0,,13,5.9,27.0,1017.4,
2021-06-27,20.7,13.6,27.2,0.1,,347,6.9,25.0,1014.2,
2021-06-28,20.6,15.1,28.1,18.4,,315,9.8,62.0,1014.2,
2021-06-29,17.0,13.7,22.0,21.3,,174,9.8,45.0,1014.4,
2021-06-30,14.7,12.0,18.5,16.6,,247,13.1,46.0,1015.9,
2021-07-01,16.0,13.0,20.0,,,234,8.5,33.0,1017.8,
2021-07-02,18.1,13.0,24.0,0.0,,300,6.7,30.0,1018.2,
2021-07-03,17.6,11.0,24.2,,,295,5.4,31.0,1016.6,
2021-07-04,17.4,14.1,21.6,7.9,,211,7.4,57.0,1013.4,
2021-07-05,17.5,13.0,22.2,0.0,,165,5.7,25.0,1013.2,
2021-07-06,17.3,12.0,24.7,,,288,6.6,43.0,1012.2,
2021-07-07,16.3,14.5,19.0,6.5,,3,5.8,19.0,1017.4,
2021-07-08,16.7,13.6,21.1,20.7,,250,7.8,31.0,1019.9,
2021-07-09,17.4,13.1,23.0,3.2,,235,8.5,29.0,1021.9,
2021-07-10,18.4,11.2,25.7,0.0,,359,6.8,61.0,1017.4,
2021-07-11,18.5,14.2,23.5,0.6,,229,7.5,26.0,1017.1,
2021-07-12,19.6,12.0,26.7,,,358,6.1,46.0,1010.5,
2021-07-13,14.6,12.0,18.7,60.2,,225,10.6,47.0,1012.0,
2021-07-14,14.8,11.2,19.0,,,201,8.8,45.0,1013.7,
2021-07-15,15.4,13.5,17.6,22.6,,222,13.9,44.0,1014.4,
2021-07-16,17.3,15.0,21.0,6.4,,297,5.5,21.0,1018.3,
2021-07-17,18.6,16.0,23.1,3.3,,10,6.5,27.0,1020.7,
2021-07-18,20.8,17.5,25.5,4.4,,23,10.4,36.0,1018.8,
2021-07-19,21.3,14.1,27.7,0.0,,14,11.2,35.2,1016.9,
2021-07-20,20.8,14.0,26.5,0.0,,356,8.5,22.2,1017.3,
2021-07-21,20.5,12.0,27.0,,,356,7.3,22.0,1019.5,
2021-07-22,20.8,13.0,27.7,0.0,,332,6.4,25.0,1018.8,
2021-07-23,21.9,14.0,28.5,0.0,,354,4.9,17.0,1014.5,
2021-07-24,20.2,16.7,25.5,,,42,8.5,32.0,1010.6,
2021-07-25,18.4,16.2,21.0,21.5,,61,6.2,24.0,1011.2,
2021-07-26,18.2,15.7,23.6,3.4,,345,6.3,34.0,1013.5,
2021-07-27,18.7,15.0,23.7,0.1,,340,5.7,18.0,1014.9,
2021-07-28,18.2,16.5,21.2,,,145,5.5,22.0,1015.5,
2021-07-29,19.7,16.0,24.6,,,287,6.8,24.1,1015.1,
2021-07-30,19.5,14.0,26.5,7.0,,191,5.6,32.0,1012.0,
2021-07-31,18.9,16.0,22.2,2.7,,260,7.7,28.0,1011.9,
2021-08-01,15.2,13.0,18.2,23.7,,265,7.1,28.0,1012.5,
2021-08-02,16.2,11.6,22.0,,,219,6.9,28.0,1016.1,
2021-08-03,15.1,11.0,21.0,2.8,,253,7.1,36.0,1016.1,
2021-08-04,14.7,13.0,16.7,7.9,,24,4.3,18.0,1014.7,
2021-08-05,16.6,14.0,20.5,5.0,,231,4.6,34.0,1011.8,
2021-08-06,18.1,13.7,23.0,,,253,7.8,33.3,1009.5,
2021-08-07,16.1,14.7,19.6,12.1,,278,6.7,36.0,1008.7,
2021-08-08,16.2,13.5,18.7,,,174,8.1,26.0,1015.2,
2021-08-09,16.2,10.0,22.2,,,294,4.5,25.0,1019.9,
2021-08-10,18.9,11.0,27.0,,,332,4.8,24.0,1018.8,
2021-08-11,21.1,14.0,29.0,0.0,,319,4.4,20.0,1019.0,
2021-08-12,22.3,14.0,31.0,,,331,4.1,16.0,1019.1,
2021-08-13,24.5,19.5,29.0,0.0,,223,9.0,46.0,1021.6,
2021-08-14,24.0,17.0,30.7,0.0,,317,4.5,18.5,1019.9,
2021-08-15,23.4,18.0,29.5,,,288,5.1,27.0,1014.7,
2021-08-16,19.4,16.7,21.5,0.6,,255,12.2,49.0,1015.2,
2021-08-17,16.2,12.7,20.1,3.3,,296,7.8,38.0,1020.3,
2021-08-18,17.0,14.2,22.0,0.1,,270,8.4,31.0,1019.3,
2021-08-19,17.8,14.7,22.0,,,297,4.4,16.7,1016.9,
2021-08-20,19.1,14.0,25.0,0.0,,331,3.7,18.5,1016.7,
2021-08-21,19.9,12.0,28.2,,,280,6.2,32.0,1017.8,
2021-08-22,18.6,16.7,21.2,6.6,,249,9.8,45.0,1019.1,
2021-08-23,17.6,12.0,22.0,0.0,,288,7.4,23.0,1021.2,
2021-08-24,15.9,13.5,18.5,0.0,,39,17.3,46.3,1021.6,
2021-08-25,15.9,11.7,20.1,0.0,,52,10.6,49.0,1018.9,
2021-08-26,15.0,9.0,21.2,0.0,,279,9.4,43.0,1015.0,
2021-08-27,15.2,11.2,19.6,0.0,,338,7.6,33.0,1016.0,
2021-08-28,12.3,8.2,17.0,,,122,7.3,33.0,1018.4,
2021-08-29,14.3,11.7,18.2,,,229,7.6,34.0,1017.8,
2021-08-30,14.6,13.0,18.0,,,238,4.7,24.0,1017.7,
2021-08-31,15.7,13.0,19.2,,,14,9.2,37.0,1021.2,
2021-09-01,15.4,9.5,21.6,0.0,,14,13.2,43.0,1024.4,
2021-09-02,15.5,8.0,23.0,,,2,9.1,28.0,1023.5,
2021-09-03,16.8,9.5,25.1,0.0,,353,5.4,19.0,1019.5,
2021-09-04,17.4,10.0,24.7,,,353,4.7,22.2,1016.6,
2021-09-05,17.8,10.0,25.5,,,359,6.4,25.0,1019.0,
2021-09-06,17.9,11.0,25.2,,,348,5.6,21.0,1022.2,
2021-09-07,16.9,9.0,24.5,0.0,,354,6.3,25.0,1022.4,
2021-09-08,17.5,10.0,26.0,0.0,,338,5.1,16.7,1016.7,
2021-09-09,19.6,14.0,25.7,0.0,,199,11.1,34.0,1014.9,
2021-09-10,18.1,15.6,23.0,1.5,,221,6.0,28.0,1016.8,
2021-09-11,18.2,14.7,24.2,,,197,6.1,33.0,1019.0,
2021-09-12,17.2,12.0,22.5,0.0,,11,6.5,24.0,1018.2,
2021-09-13,17.5,11.0,25.5,0.0,,356,3.5,14.0,1017.1,
2021-09-14,18.5,11.0,26.6,0.0,,353,3.3,17.0,1015.7,
2021-09-15,18.6,17.2,21.1,3.5,,127,3.7,19.0,1015.0,
2021-09-16,17.9,15.8,20.9,26.1,,340,6.1,26.0,1015.9,
2021-09-17,15.9,11.7,19.8,0.0,,5,8.4,27.0,1016.2,
2021-09-18,14.4,8.6,20.9,0.0,,2,8.4,26.0,1015.5,
2021-09-19,11.6,9.4,14.5,13.4,,241,9.2,33.0,1015.2,
2021-09-20,13.0,11.1,15.7,6.0,,89,4.5,15.0,1019.2,
2021-09-21,13.4,7.9,18.9,0.5,,21,9.5,29.0,1025.9,
2021-09-22,12.0,7.3,18.1,0.0,,11,11.7,35.0,1027.6,
2021-09-23,12.5,6.4,20.5,0.0,,239,6.5,24.0,1022.9,
2021-09-24,14.7,9.3,21.9,0.0,,233,5.2,20.0,1020.0,
2021-09-25,15.2,8.1,23.5,0.0,,337,4.3,15.0,1018.3,
2021-09-26,16.7,12.6,20.1,1.6,,246,6.0,38.0,1018.8,
2021-09-27,16.1,10.8,21.1,0.0,,256,4.7,19.0,1019.7,
2021-09-28,15.1,12.5,17.9,0.2,,51,9.6,39.0,1022.4,
2021-09-29,14.2,11.1,19.3,1.6,,257,8.2,47.0,1022.6,
2021-09-30,11.9,6.9,16.3,0.2,,324,4.9,20.0,1028.2,
2021-10-01,11.0,3.4,21.0,0.0,,356,3.6,15.0,1022.3,
2021-10-02,15.4,10.8,22.3,0.0,,143,4.9,20.0,1014.8,
2021-10-03,13.9,9.7,18.7,0.0,,325,7.6,40.0,1009.4,
2021-10-04,12.0,10.4,13.7,1.3,,315,6.8,35.0,1018.5,
2021-10-05,12.4,10.7,16.3,6.8,,251,9.0,59.0,1013.5,
2021-10-06,10.1,8.1,12.5,4.4,,221,8.5,42.0,1021.9,
2021-10-07,10.6,8.4,12.9,0.8,,75,10.8,35.0,1026.5,
2021-10-08,11.8,9.1,16.4,0.0,,46,17.8,47.0,1025.1,
2021-10-09,10.8,6.0,15.1,0.0,,50,11.7,39.0,1024.9,
2021-10-10,7.1,3.2,11.7,0.0,,14,7.8,22.0,1026.8,
2021-10-11,6.1,-0.3,12.0,0.0,,326,3.8,14.0,1027.4,
2021-10-12,8.7,4.9,11.8,0.0,,210,6.6,22.0,1022.9,
2021-10-13,8.2,4.2,11.3,2.9,,6,7.9,23.0,1024.8,
2021-10-14,5.5,0.1,12.6,0.0,,348,5.6,23.0,1028.1,
2021-10-15,7.2,0.8,15.8,0.0,,204,4.9,22.0,1021.6,
2021-10-16,6.6,0.7,14.3,0.0,,349,4.5,20.0,1021.5,
2021-10-17,7.4,3.7,13.7,0.1,,341,3.3,13.0,1022.1,
2021-10-18,8.2,3.9,15.4,0.0,,330,3.7,13.0,1025.7,
2021-10-19,9.8,4.8,16.8,0.0,,147,4.8,14.0,1026.5,
2021-10-20,12.9,5.3,19.3,0.0,,184,13.8,60.0,1017.6,
2021-10-21,14.0,11.2,16.8,3.1,,241,20.7,68.0,1011.7,
2021-10-22,8.7,2.3,11.4,0.8,,260,9.4,34.0,1021.2,
2021-10-23,5.0,-2.2,12.2,0.0,,1,9.2,35.0,1028.7,
2021-10-24,4.4,-1.3,13.3,0.0,,356,4.2,21.0,1027.6,
2021-10-25,5.8,0.3,14.2,0.0,,317,3.3,12.0,1024.1,
2021-10-26,8.4,3.6,14.6,0.0,,170,4.5,14.8,1025.6,
2021-10-27,7.3,3.8,13.2,0.0,,46,4.7,18.0,1026.8,
2021-10-28,7.0,2.7,12.4,0.0,,203,4.4,14.0,1022.5,
2021-10-29,6.2,3.7,9.8,0.1,,347,4.9,17.0,1016.3,
2021-10-30,6.4,4.7,8.6,0.3,,7,5.5,17.0,1011.3,
2021-10-31,10.1,6.0,17.0,0.5,,342,5.2,18.0,1010.1,
2021-11-01,9.4,6.3,11.5,4.1,,193,8.4,35.0,1006.5,
2021-11-02,6.9,3.1,10.7,3.6,,187,10.2,41.0,1005.4,
2021-11-03,5.4,1.1,8.8,1.0,,260,5.8,22.0,1002.7,
2021-11-04,5.2,2.9,7.1,3.1,,229,10.6,36.0,1010.1,
2021-11-05,5.0,0.6,8.4,0.0,,259,4.2,16.0,1023.9,
2021-11-06,3.9,-0.2,8.9,0.0,,15,6.8,31.0,1030.3,
2021-11-07,4.8,-0.9,9.4,0.0,,206,7.3,24.0,1025.0,
2021-11-08,6.3,3.4,9.2,0.9,,54,10.7,37.0,1023.4,
2021-11-09,3.3,-0.5,7.8,0.0,,8,6.3,31.5,1026.3,
2021-11-10,2.3,-1.2,6.7,0.0,,0,0.0,9.3,1026.3,
2021-11-11,2.6,-1.4,9.0,,,360,0.3,9.3,1025.4,
2021-11-12,3.4,2.0,5.0,0.0,,360,0.3,9.3,1021.6,
2021-11-13,5.8,3.5,7.9,1.3,,0,0.0,16.7,1018.7,
2021-11-14,7.6,6.1,9.0,2.2,,0,0.0,27.8,1018.1,
2021-11-15,5.9,4.6,7.1,0.0,,0,0.0,27.8,1021.6,
2021-11-16,5.2,4.3,6.3,0.0,,330,2.4,14.8,1022.8,
2021-11-17,4.9,4.2,5.5,0.0,,284,6.9,25.0,1025.2,
2021-11-18,3.6,-0.7,8.0,0.0,,30,3.9,20.0,1032.4,
2021-11-19,1.3,-1.8,3.3,0.0,,349,2.6,13.0,1034.4,
2021-11-20,2.3,1.4,2.9,0.0,,355,4.7,18.0,1028.5,
2021-11-21,3.6,1.5,7.6,0.0,,232,8.9,26.0,1015.4,
2021-11-22,4.3,2.9,6.1,0.7,,30,13.8,44.0,1018.8,
2021-11-23,3.6,2.3,5.0,0.0,,27,15.3,47.0,1026.3,
2021-11-24,3.1,2.3,4.2,0.0,,10,7.7,27.0,1021.5,
2021-11-25,1.9,0.9,2.7,0.2,,347,5.4,15.0,1011.6,
2021-11-26,0.8,-0.2,2.5,2.4,,259,7.6,23.0,1004.1,
2021-11-27,2.2,-0.6,4.9,0.9,,196,10.3,45.0,995.0,
2021-11-28,0.7,-0.6,3.0,3.0,,225,4.6,20.4,998.8,
2021-11-29,0.6,-0.8,2.5,1.7,,265,9.8,34.0,1010.6,
2021-11-30,1.2,0.1,2.6,1.5,,230,21.1,59.0,1021.6,
2021-12-01,5.6,3.2,7.9,2.7,,231,22.5,70.0,1008.6,
2021-12-02,3.5,0.7,6.1,3.2,,238,10.9,46.0,1005.4,
2021-12-03,0.8,-2.3,2.9,0.0,,212,8.8,32.0,1016.4,
2021-12-04,4.1,0.5,7.6,32.1,,200,19.1,67.0,1005.4,
2021-12-05,2.8,0.3,5.1,1.7,,207,9.4,35.2,1007.4,
2021-12-06,0.6,-1.4,3.4,0.0,,232,4.9,20.0,1015.5,
2021-12-07,1.8,-1.6,5.5,2.0,,208,10.7,38.0,1013.9,
2021-12-08,1.3,-0.3,2.6,18.4,,154,7.8,25.0,1004.1,
2021-12-09,1.3,0.2,2.9,3.8,,183,7.2,26.0,1009.5,
2021-12-10,0.0,-2.9,2.7,6.5,,182,11.7,50.0,1001.6,
2021-12-11,2.1,1.4,2.9,1.7,,235,13.8,42.6,1018.0,
2021-12-12,0.9,-3.5,3.0,0.0,,214,4.5,16.0,1030.6,
2021-12-13,2.1,-0.9,6.4,0.0,,309,3.9,13.0,1030.9,
2021-12-14,1.3,-0.1,3.1,0.0,,216,4.8,14.0,1031.8,
2021-12-15,2.0,0.9,3.2,0.0,,55,6.7,22.0,1034.0,
2021-12-16,2.9,2.0,3.9,0.0,,64,8.3,25.0,1037.9,
2021-12-17,3.5,2.7,4.1,0.0,,86,9.4,32.0,1038.1,
2021-12-18,2.0,0.9,3.2,0.0,,40,13.2,38.0,1037.0,
2021-12-19,0.2,-0.5,1.1,0.0,,333,4.5,23.0,1032.5,
2021-12-20,0.3,-3.5,3.8,0.0,,32,9.0,29.0,1026.9,
2021-12-21,-0.8,-1.7,-0.3,0.0,,29,10.3,22.0,1025.3,
2021-12-22,-1.5,-2.6,-0.8,0.0,,94,6.2,24.0,1026.7,
2021-12-23,1.1,-4.8,6.2,0.1,,200,9.3,28.0,1020.6,
2021-12-24,4.9,1.9,6.9,1.1,,191,8.2,27.0,1012.1,
2021-12-25,5.6,3.9,7.5,3.3,,163,7.0,20.4,1007.4,
2021-12-26,6.1,4.6,7.9,14.0,,158,6.6,18.0,1007.9,
2021-12-27,5.4,1.3,7.2,8.2,,194,8.4,35.0,1006.2,
2021-12-28,7.5,3.9,11.4,11.3,,202,18.8,69.0,1004.9,
2021-12-29,8.2,6.5,12.0,6.2,,210,15.8,51.0,1013.5,
2021-12-30,12.6,11.3,14.0,0.5,,228,9.3,49.0,1022.9,
2021-12-31,9.0,4.9,12.6,0.0,,167,10.3,28.0,1026.5,
2022-01-01,2.7,-1.0,8.8,0.0,,197,6.0,16.0,1030.1,
2022-01-02,4.3,-2.5,11.1,0.0,,190,7.1,35.0,1024.9,
2022-01-03,10.0,8.5,11.3,0.0,,223,12.7,39.0,1019.8,
2022-01-04,11.4,7.5,15.3,1.4,,252,22.2,74.0,1003.3,
2022-01-05,2.1,-2.0,5.7,14.5,,228,13.5,41.0,1012.0,
2022-01-06,0.0,-3.8,2.0,0.8,,147,4.8,14.8,1021.7,
2022-01-07,0.1,-2.3,1.9,0.7,,187,10.7,34.0,1021.8,
2022-01-08,2.2,-0.2,3.6,2.8,,213,14.2,47.0,1015.0,
2022-01-09,2.7,0.1,4.0,11.3,,230,16.0,63.0,1006.8,
2022-01-10,0.7,-0.8,2.7,1.8,,333,6.9,27.0,1020.6,
2022-01-11,1.5,-0.8,3.3,0.0,,46,12.3,40.0,1031.8,
2022-01-12,-0.7,-4.3,1.5,0.0,,55,11.6,32.0,1038.6,
2022-01-13,-1.7,-4.6,1.6,0.0,,48,9.3,27.0,1041.6,
2022-01-14,-1.9,-5.5,3.5,0.0,,257,3.8,13.0,1038.3,
2022-01-15,-1.9,-5.4,3.5,0.0,,147,5.2,14.0,1030.4,
2022-01-16,-0.3,-2.7,3.4,0.0,,206,8.5,30.0,1030.9,
2022-01-17,2.4,0.3,6.2,0.0,,211,7.8,26.0,1037.0,
2022-01-18,1.7,-2.9,4.4,0.0,,40,9.3,37.0,1037.1,
2022-01-19,1.9,0.2,4.1,0.0,,230,10.1,41.0,1031.0,
2022-01-20,1.8,-1.4,4.3,0.3,,257,8.4,32.0,1029.6,
2022-01-21,-0.4,-4.4,2.7,0.0,,348,4.6,33.0,1034.9,
2022-01-22,0.1,-3.4,4.5,0.0,,154,4.3,14.8,1036.4,
2022-01-23,0.4,-4.8,4.7,0.0,,359,9.2,32.0,1035.7,
2022-01-24,0.3,-2.6,1.4,0.0,,50,7.5,21.0,1035.0,
2022-01-25,0.4,-3.5,4.6,0.0,,208,6.3,18.0,1035.3,
2022-01-26,-0.7,-4.8,4.8,0.0,,213,6.7,17.0,1034.3,
2022-01-27,-0.8,-3.5,3.7,2.8,,216,8.7,30.0,1032.8,
2022-01-28,2.3,0.5,6.1,0.0,,216,5.4,21.0,1036.9,
2022-01-29,2.7,-2.5,7.4,0.0,,225,9.9,39.0,1034.7,
2022-01-30,5.3,-1.5,8.8,0.0,,255,10.1,38.0,1030.4,
2022-01-31,2.7,-0.3,4.3,5.4,,241,18.4,72.0,1019.4,
2022-02-01,1.8,1.0,3.0,1.3,,242,18.9,54.0,1024.4,
2022-02-02,5.7,3.0,7.0,2.0,,236,14.5,42.6,1023.2,
2022-02-03,5.9,4.4,7.7,0.1,,181,6.0,16.0,1021.7,
2022-02-04,5.3,2.1,6.9,0.2,,222,12.2,44.0,1018.8,
2022-02-05,3.4,-0.5,7.1,2.0,,258,9.4,36.0,1026.1,
2022-02-06,3.6,-1.2,7.2,0.6,,223,25.8,87.0,1021.7,
2022-02-07,3.5,-2.0,6.8,6.3,,254,18.4,91.0,1025.2,
2022-02-08,2.6,-2.4,9.6,0.0,,163,7.4,18.0,1035.5,
2022-02-09,2.5,-4.8,11.6,0.0,,158,5.1,18.0,1031.9,
2022-02-10,4.4,-1.0,11.7,0.0,,210,9.4,35.0,1026.6,
2022-02-11,4.6,-0.8,6.7,9.7,,300,7.7,35.0,1030.2,
2022-02-12,0.6,-3.3,5.3,0.0,,341,7.6,18.0,1030.9,
2022-02-13,1.5,-4.7,9.4,0.0,,146,6.2,19.0,1022.1,
2022-02-14,2.1,-3.9,7.3,0.1,,262,6.8,34.0,1012.5,
2022-02-15,4.7,2.2,7.9,0.4,,216,11.0,34.0,1017.2,
2022-02-16,5.4,2.0,8.8,4.5,,199,17.2,51.8,1015.3,
2022-02-17,10.3,7.6,13.3,5.8,,243,28.2,82.0,1014.4,
2022-02-18,9.9,6.6,14.3,0.8,,214,17.4,77.0,1013.1,
2022-02-19,4.9,0.3,8.0,1.5,,244,12.6,57.0,1021.1,
2022-02-20,7.3,2.2,11.0,0.0,,243,25.3,66.0,1021.1,
2022-02-21,5.8,3.2,9.5,7.2,,237,27.0,74.0,1013.7,
2022-02-22,6.1,3.6,8.6,1.7,,238,17.7,45.0,1025.0,
2022-02-23,7.3,2.3,11.6,0.5,,118,7.9,33.3,1027.1,
2022-02-24,5.4,-2.6,10.9,0.0,,217,13.0,54.0,1020.4,
2022-02-25,3.5,-0.7,7.3,0.9,,258,12.6,59.0,1027.8,
2022-02-26,2.2,-1.2,6.6,0.6,,46,13.9,42.0,1033.2,
2022-02-27,2.1,-4.9,7.4,0.0,,28,16.0,54.0,1029.9,
2022-02-28,1.1,-5.0,8.0,0.0,,353,6.2,28.0,1031.6,
2022-03-01,1.4,-6.2,8.0,0.0,,325,5.7,33.0,1029.3,
2022-03-02,1.8,-5.6,9.3,0.0,,324,3.7,15.0,1024.3,
2022-03-03,4.7,-3.0,12.7,0.0,,312,6.2,20.0,1018.1,
2022-03-04,3.0,-2.8,9.0,0.0,,15,12.7,33.3,1018.6,
2022-03-05,0.9,-5.0,7.2,0.0,,8,10.9,31.0,1019.8,
2022-03-06,0.3,-5.0,5.5,0.0,,18,14.5,39.0,1020.9,
2022-03-07,0.5,-4.3,5.5,0.0,,18,14.2,40.0,1022.5,
2022-03-08,0.1,-6.8,6.3,0.0,,11,8.9,28.0,1022.9,
2022-03-09,2.1,-6.0,12.2,0.0,,327,3.7,16.7,1025.3,
2022-03-10,3.7,-5.1,13.7,0.0,,334,7.6,32.0,1024.6,
2022-03-11,4.0,-4.7,12.8,0.0,,30,6.4,32.0,1019.5,
2022-03-12,6.6,0.7,13.5,0.0,,28,9.1,36.0,1019.3,
2022-03-13,6.9,-2.1,16.7,0.0,,8,7.6,33.0,1016.5,
2022-03-14,9.3,4.0,14.1,0.6,,273,10.0,44.0,1027.1,
2022-03-15,6.6,4.6,8.2,2.0,,123,7.2,23.0,1027.0,
2022-03-16,8.2,1.9,14.5,0.0,,346,8.4,22.2,1023.9,
2022-03-17,8.9,3.2,15.3,0.0,,7,9.9,37.0,1026.2,
2022-03-18,9.0,6.8,11.5,0.1,,50,24.0,71.0,1033.7,
2022-03-19,8.1,3.4,12.8,0.0,,50,21.2,72.0,1032.1,
2022-03-20,7.3,-1.0,16.4,0.0,,346,6.5,23.0,1029.4,
2022-03-21,7.6,-1.6,16.0,0.0,,19,10.4,40.0,1031.7,
2022-03-22,7.3,-1.3,16.5,0.0,,11,4.6,22.0,1031.4,
2022-03-23,7.8,-2.7,18.0,0.0,,27,4.6,20.4,1030.3,
2022-03-24,8.6,-0.6,18.6,0.0,,71,4.1,19.0,1028.0,
2022-03-25,9.6,-0.6,18.8,0.0,,46,9.4,42.0,1026.2,
2022-03-26,11.4,2.6,19.1,0.0,,17,15.9,45.0,1026.1,
2022-03-27,10.8,1.8,19.5,0.0,,10,6.6,22.2,1027.3,
2022-03-28,10.2,0.6,20.0,0.0,,200,6.2,25.0,1023.9,
2022-03-29,11.5,4.5,18.1,0.0,,186,9.8,35.0,1012.1,
2022-03-30,9.9,7.9,12.9,8.8,,215,7.7,30.0,1002.9,
2022-03-31,7.9,6.0,10.2,4.2,,247,7.7,32.0,996.5,
2022-04-01,3.0,0.4,5.9,12.1,,271,10.3,37.0,1000.3,
2022-04-02,0.3,-0.6,1.5,3.3,,338,10.3,29.0,1009.8,
2022-04-03,0.8,-1.2,2.5,0.0,,29,12.9,36.0,1020.3,
2022-04-04,3.0,-3.4,8.4,0.0,,281,11.3,44.0,1020.2,
2022-04-05,7.5,4.2,12.3,0.0,,221,11.5,32.0,1015.2,
2022-04-06,10.9,7.3,16.6,0.0,,211,9.9,35.0,1009.0,
2022-04-07,10.3,8.5,12.1,3.2,,238,28.9,89.0,1003.3,
2022-04-08,10.5,7.7,14.3,24.8,,243,24.9,80.0,1002.2,
2022-04-09,6.2,2.7,13.0,3.1,,280,15.8,82.0,1012.1,
2022-04-10,5.5,0.3,11.0,0.1,,183,6.4,33.0,1022.1,
2022-04-11,7.5,-0.4,16.6,0.0,,304,5.1,21.0,1018.0,
2022-04-12,11.3,1.3,21.0,0.0,,310,4.8,15.0,1013.9,
2022-04-13,14.9,5.9,23.2,0.0,,348,5.7,25.0,1014.6,
2022-04-14,15.4,7.8,22.7,0.0,,325,8.4,30.0,1018.4,
2022-04-15,15.7,11.1,20.8,2.1,,16,10.1,36.0,1022.5,
2022-04-16,11.2,8.1,14.6,0.0,,37,20.0,48.2,1026.1,
2022-04-17,9.4,2.7,15.0,0.0,,41,21.3,57.0,1024.1,
2022-04-18,9.3,1.3,17.0,0.0,,27,9.5,32.0,1017.4,
2022-04-19,10.9,1.4,18.0,0.0,,343,5.6,42.0,1012.3,
2022-04-20,11.1,4.7,16.0,0.0,,35,15.8,41.0,1011.1,
2022-04-21,10.5,2.4,17.2,0.0,,17,14.1,41.0,1007.5,
2022-04-22,10.5,3.9,16.9,0.0,,15,10.8,38.0,1001.5,
2022-04-23,10.2,6.6,13.2,0.0,,1,12.2,32.0,1000.8,
2022-04-24,9.1,6.7,11.5,16.3,,241,13.3,64.0,1002.3,
2022-04-25,10.5,8.9,14.8,3.9,,206,9.3,32.0,1010.4,
2022-04-26,9.1,7.0,12.1,21.2,,175,8.8,42.0,1016.2,
2022-04-27,10.1,4.4,15.8,0.0,,18,13.9,37.0,1021.7,
2022-04-28,11.6,2.3,18.5,0.0,,19,13.0,44.0,1025.4,
2022-04-29,12.3,4.4,18.6,0.0,,312,6.6,40.0,1024.7,
2022-04-30,11.3,8.8,15.0,7.7,,127,5.8,33.0,1022.3,
2022-05-01,11.2,6.9,16.6,0.0,,356,8.2,24.0,1020.5,
2022-05-02,11.6,3.9,19.0,0.0,,354,7.5,28.0,1016.0,
2022-05-03,12.2,6.2,19.8,2.2,,43,6.0,43.0,1015.1,
2022-05-04,12.5,6.6,19.4,0.1,,211,6.2,37.0,1017.1,
2022-05-05,12.0,10.4,14.8,23.9,,279,6.9,31.0,1020.2,
2022-05-06,12.1,10.2,15.1,11.4,,353,8.7,26.0,1022.5,
2022-05-07,13.1,9.6,18.1,0.7,,2,9.4,31.5,1021.8,
2022-05-08,14.5,11.6,17.4,0.0,,35,11.9,36.0,1021.4,
2022-05-09,15.6,9.8,22.0,0.0,,34,8.8,31.0,1023.0,
2022-05-10,16.8,8.1,23.7,0.0,,210,5.3,23.0,1021.2,
2022-05-11,19.7,10.9,26.8,0.2,,190,11.4,48.0,1017.1,
2022-05-12,20.8,15.9,27.0,0.0,,247,13.4,54.0,1018.4,
2022-05-13,17.6,14.8,21.2,0.4,,242,8.5,31.0,1021.0,
2022-05-14,17.8,12.4,24.0,0.0,,327,6.1,18.5,1020.1,
2022-05-15,18.4,9.6,26.3,0.0,,331,5.9,21.0,1017.0,
2022-05-16,19.5,14.9,25.0,0.3,,251,10.5,37.0,1018.6,
2022-05-17,18.9,11.4,25.1,0.0,,38,9.6,26.0,1020.5,
2022-05-18,20.2,11.2,27.2,0.0,,22,10.1,34.0,1020.5,
2022-05-19,20.9,13.4,29.1,0.0,,215,8.7,41.0,1021.1,
2022-05-20,22.5,13.9,30.2,0.0,,243,9.6,55.0,1020.0,
2022-05-21,20.0,15.6,23.9,1.0,,274,11.1,39.0,1020.9,
2022-05-22,17.1,10.0,24.1,0.1,,345,8.7,21.0,1014.6,
2022-05-23,18.0,13.2,24.8,6.8,,290,9.3,52.0,1006.3,
2022-05-24,14.7,12.2,17.0,2.9,,210,9.3,49.0,1010.1,
2022-05-25,15.7,12.3,20.6,1.3,,203,6.4,23.0,1017.0,
2022-05-26,16.6,11.4,21.1,0.0,,283,8.2,33.0,1023.6,
2022-05-27,16.2,10.3,21.2,0.0,,280,12.2,41.0,1022.9,
2022-05-28,15.4,12.5,18.4,0.0,,8,10.4,29.0,1018.6,
2022-05-29,12.1,7.2,16.1,0.0,,11,13.3,42.0,1012.1,
2022-05-30,13.4,6.5,19.0,0.0,,3,9.5,30.0,1010.6,
2022-05-31,14.5,9.0,20.5,0.3,,234,10.1,50.0,1013.2,
2022-06-01,14.9,11.2,19.7,2.2,,180,7.0,28.0,1016.7,
2022-06-02,16.9,12.4,21.9,0.0,,337,7.9,,1017.8,
2022-06-03,18.0,13.2,24.6,0.2,,322,8.6,,1016.2,
2022-06-04,20.6,12.3,27.5,2.9,,349,8.1,,1016.6,
2022-06-05,18.9,15.8,22.0,15.7,,206,10.8,,1015.9,
2022-06-06,17.9,11.6,24.0,0.1,,243,6.7,,1018.0,
2022-06-07,16.3,14.4,19.1,7.4,,231,7.9,,1016.7,
2022-06-08,15.3,9.6,21.5,2.6,,205,8.0,,1012.7,
2022-06-09,14.8,12.2,18.5,1.5,,240,12.3,,1016.8,
2022-06-10,15.4,7.0,22.3,0.0,,24,8.5,,1023.7,
2022-06-11,18.0,9.2,25.6,0.0,,358,5.5,,1023.2,
2022-06-12,20.7,10.8,29.0,2.0,,315,4.7,,1020.6,
2022-06-13,19.9,14.0,24.3,1.3,,267,10.6,,1019.7,
2022-06-14,18.4,10.0,26.2,0.0,,10,10.0,31.5,1019.5,
2022-06-15,21.6,11.9,30.8,0.0,,272,6.2,26.0,1016.2,
2022-06-16,24.1,17.6,30.2,0.7,,246,11.4,44.0,1017.6,
2022-06-17,22.3,15.0,28.8,0.0,,15,7.1,22.0,1022.3,
2022-06-18,23.3,12.7,33.2,0.0,,13,7.8,37.0,1018.7,
2022-06-19,26.7,16.9,35.4,0.0,,205,8.2,32.0,1009.6,
2022-06-20,25.4,19.0,31.3,0.0,,300,10.2,40.0,1010.7,
2022-06-21,22.8,16.3,31.0,0.0,,7,8.3,34.0,1011.2,
2022-06-22,19.5,16.2,23.8,4.2,,23,9.1,34.0,1011.7,
2022-06-23,21.3,14.2,29.3,2.0,,34,10.3,96.0,1011.8,
2022-06-24,17.5,14.3,23.1,11.7,,208,7.7,31.0,1012.1,
2022-06-25,18.7,9.9,26.2,0.0,,34,7.3,24.0,1013.7,
2022-06-26,22.1,15.3,28.9,1.7,,7,10.4,40.0,1012.5,
2022-06-27,19.1,15.7,22.8,5.4,,279,12.9,38.0,1016.7,
2022-06-28,17.4,13.1,20.8,0.1,,17,9.5,33.0,1019.0,
2022-06-29,20.8,15.5,26.8,0.0,,294,5.9,24.0,1013.9,
2022-06-30,21.0,13.1,29.3,12.0,,310,8.6,42.0,1011.5,
2022-07-01,15.5,12.8,20.6,9.9,,214,9.0,43.0,1020.1,
2022-07-02,18.6,11.0,26.1,0.0,,24,9.8,33.0,1020.9,
2022-07-03,22.3,13.9,30.3,0.0,,184,6.5,27.0,1018.2,
2022-07-04,20.3,17.8,25.0,7.6,,207,7.9,42.0,1018.8,
2022-07-05,21.3,17.0,26.5,0.0,,214,6.5,24.0,1019.9,
2022-07-06,19.8,12.6,25.7,0.0,,312,9.4,32.0,1022.0,
2022-07-07,18.1,11.4,23.6,0.0,,303,10.9,39.0,1023.4,
2022-07-08,18.4,13.1,23.8,0.0,,36,10.2,29.0,1027.8,
2022-07-09,19.0,10.3,25.3,0.0,,28,9.8,31.0,1025.6,
2022-07-10,19.2,13.5,24.0,0.0,,2,9.8,35.0,1021.9,
2022-07-11,18.6,10.3,25.2,0.0,,33,14.9,48.0,1021.8,
2022-07-12,20.7,12.0,27.3,0.0,,45,12.8,34.0,1022.7,
2022-07-13,22.6,12.9,32.1,0.0,,303,5.1,31.0,1021.5,
2022-07-14,26.4,19.4,33.8,0.0,,218,11.5,45.0,1017.2,
2022-07-15,23.8,17.2,29.2,0.0,,337,12.6,35.0,1017.7,
2022-07-16,22.0,12.8,28.5,0.0,,20,12.3,36.0,1020.1,
2022-07-17,22.0,13.8,29.3,0.0,,23,12.4,37.0,1022.9,
2022-07-18,23.2,12.6,32.6,0.0,,17,8.9,32.0,1021.9,
2022-07-19,25.2,14.0,34.8,0.0,,13,7.4,26.0,1017.3,
2022-07-20,24.2,17.8,33.4,13.3,,269,9.9,83.0,1016.9,
2022-07-21,22.9,18.7,29.0,0.3,,257,7.6,32.0,1020.4,
2022-07-22,23.8,14.1,33.4,0.0,,316,8.0,30.0,1016.8,
2022-07-23,22.1,18.1,27.5,6.8,,182,8.5,39.0,1017.8,
2022-07-24,24.2,16.8,31.3,0.0,,355,6.4,23.0,1017.5,
2022-07-25,25.5,15.7,34.0,0.1,,263,11.9,48.0,1012.4,
2022-07-26,22.7,18.6,26.9,0.7,,261,11.2,33.0,1015.3,
2022-07-27,21.3,15.2,27.1,0.0,,6,7.4,22.2,1014.6,
2022-07-28,21.5,12.6,29.9,0.2,,21,8.6,33.0,1012.9,
2022-07-29,19.3,16.1,24.8,1.5,,166,8.1,32.0,1016.2,
2022-07-30,21.0,14.7,26.4,0.0,,186,8.5,34.0,1018.6,
2022-07-31,22.9,14.8,30.0,0.0,,198,9.7,34.0,1018.0,
2022-08-01,23.5,15.3,31.4,2.0,,224,9.0,32.0,1016.6,
2022-08-02,22.8,15.0,30.6,0.0,,27,5.9,23.0,1017.2,
2022-08-03,24.6,15.1,33.7,0.0,,272,5.0,22.0,1014.9,
2022-08-04,27.0,16.6,36.1,0.0,,208,5.9,32.0,1013.0,
2022-08-05,26.2,19.4,34.0,16.2,,206,9.9,64.0,1014.0,
2022-08-06,18.4,16.3,19.9,11.1,,27,11.3,36.0,1022.1,
2022-08-07,18.2,13.5,22.9,0.0,,31,11.3,36.0,1020.2,
2022-08-08,20.5,13.1,27.0,0.0,,26,13.3,43.0,1020.0,
2022-08-09,21.2,12.3,27.5,0.0,,27,15.6,46.0,1021.4,
2022-08-10,21.4,12.5,28.0,0.0,,18,13.7,44.0,1020.4,
2022-08-11,20.8,12.8,28.1,0.0,,19,11.2,36.0,1018.2,
2022-08-12,21.2,13.0,27.3,0.0,,27,13.8,41.0,1015.7,
2022-08-13,20.5,12.3,28.2,0.0,,37,13.2,39.0,1014.1,
2022-08-14,20.0,9.6,27.8,0.0,,274,7.9,42.0,1009.5,
2022-08-15,19.9,14.6,26.7,0.5,,206,12.7,73.0,1008.6,
2022-08-16,20.9,11.7,29.5,0.0,,128,5.8,28.0,1010.0,
2022-08-17,22.6,16.3,29.3,9.0,,47,11.0,48.0,1010.3,
2022-08-18,18.0,15.1,21.7,6.7,,226,5.7,29.0,1012.8,
2022-08-19,17.8,16.8,19.6,9.6,,213,7.7,28.0,1014.8,
2022-08-20,18.1,14.3,23.6,5.8,,170,8.0,24.1,1018.4,
2022-08-21,19.6,16.2,25.3,0.0,,5,6.3,23.0,1016.3,
2022-08-22,19.7,12.7,26.3,0.0,,12,7.4,35.0,1014.3,
2022-08-23,19.8,12.4,27.1,0.0,,47,8.6,36.0,1016.4,
2022-08-24,19.9,11.2,27.8,0.0,,26,10.8,43.0,1017.4,
2022-08-25,21.0,12.5,28.7,0.0,,354,4.3,20.0,1015.0,
2022-08-26,20.8,13.9,29.0,1.1,,280,7.8,42.0,1013.3,
2022-08-27,19.1,16.9,23.3,6.6,,17,6.4,33.0,1014.3,
2022-08-28,19.6,14.5,25.5,0.0,,16,9.8,33.0,1015.7,
2022-08-29,20.1,13.2,27.0,0.0,,3,8.6,26.0,1017.6,
2022-08-30,20.4,13.5,27.7,11.0,,351,7.0,42.0,1017.2,
2022-08-31,17.6,15.6,21.6,4.1,,14,7.2,28.0,1018.7,
2022-09-01,17.1,12.9,21.7,0.0,,29,10.3,36.0,1017.5,
2022-09-02,16.4,9.9,22.9,0.0,,339,8.0,32.0,1014.6,
2022-09-03,17.6,13.9,22.8,3.0,,194,7.8,30.0,1014.4,
2022-09-04,18.7,11.4,25.6,0.0,,100,5.5,17.0,1018.9,
2022-09-05,19.0,11.7,27.0,0.0,,64,4.6,18.0,1020.4,
2022-09-06,17.9,13.9,21.7,9.9,,288,5.6,46.0,1018.4,
2022-09-07,19.7,15.4,25.8,5.9,,149,8.9,34.0,1014.8,
2022-09-08,17.7,13.4,21.8,14.9,,231,9.7,41.0,1013.4,
2022-09-09,16.3,12.0,22.4,2.0,,256,8.4,35.0,1015.0,
2022-09-10,15.6,13.7,18.0,1.1,,237,11.1,40.0,1017.8,
2022-09-11,16.7,13.7,21.9,0.0,,193,5.9,26.0,1019.3,
2022-09-12,15.6,9.1,23.7,0.0,,325,3.7,15.0,1016.4,
2022-09-13,18.5,9.9,27.0,0.0,,10,4.3,18.0,1011.8,
2022-09-14,20.9,17.5,23.2,16.9,,215,11.2,45.0,1007.7,
2022-09-15,17.2,15.4,19.4,13.0,,241,10.8,38.0,1009.5,
2022-09-16,14.7,12.5,16.9,0.3,,238,10.3,44.0,1011.9,
2022-09-17,10.8,8.0,13.6,1.5,,269,13.3,46.0,1017.2,
2022-09-18,11.7,7.5,15.7,0.0,,243,12.6,33.3,1019.6,
2022-09-19,12.6,9.0,15.8,0.0,,311,7.7,30.0,1020.7,
2022-09-20,10.6,4.2,15.4,0.1,,4,7.1,22.0,1023.3,
2022-09-21,11.1,4.8,16.9,0.0,,14,16.1,46.0,1023.8,
2022-09-22,9.9,3.2,17.5,0.0,,350,8.1,20.4,1022.3,
2022-09-23,11.8,3.7,19.7,0.0,,311,5.2,33.0,1018.5,
2022-09-24,13.5,11.6,15.3,8.8,,184,6.0,23.0,1014.2,
2022-09-25,11.7,9.6,14.1,5.8,,257,5.8,23.0,1013.3,
2022-09-26,11.8,10.5,16.0,4.2,,210,7.3,48.0,1009.8,
2022-09-27,10.2,8.6,11.8,15.4,,244,20.1,68.0,1004.7,
2022-09-28,9.7,8.4,11.3,30.6,,217,11.9,50.0,1001.7,
2022-09-29,9.4,7.7,11.7,6.4,,29,3.9,13.0,1003.5,
2022-09-30,10.7,8.4,13.4,0.0,,8,6.4,19.0,1011.1,
2022-10-01,10.0,6.2,13.0,12.8,,206,16.4,53.0,1017.4,
2022-10-02,16.0,13.0,19.9,3.8,,227,14.3,50.0,1021.8,
2022-10-03,12.9,7.8,16.3,6.5,,0,8.9,26.0,1025.9,
2022-10-04,10.1,4.3,17.0,0.0,,317,4.7,17.0,1024.3,
2022-10-05,13.1,6.1,22.2,0.3,,202,5.8,33.0,1024.2,
2022-10-06,14.1,8.8,20.3,0.0,,347,8.3,20.0,1029.3,
2022-10-07,14.4,10.6,19.8,0.0,,261,4.9,18.0,1025.1,
2022-10-08,13.5,10.6,16.4,0.0,,222,5.5,26.0,1022.3,
2022-10-09,11.0,7.5,13.2,0.0,,358,8.7,25.0,1021.9,
2022-10-10,13.7,9.5,20.5,0.0,,172,5.6,21.0,1019.7,
2022-10-11,14.5,11.0,18.7,0.0,,22,9.9,32.0,1022.7,
2022-10-12,13.3,10.7,14.9,0.0,,355,7.2,17.0,1023.4,
2022-10-13,14.0,12.1,17.0,1.5,,233,6.2,24.0,1021.5,
2022-10-14,13.5,9.0,16.2,7.3,,177,7.1,32.0,1017.5,
2022-10-15,15.9,12.1,19.7,12.4,,227,12.6,49.0,1013.9,
2022-10-16,15.0,10.4,22.6,0.0,,316,4.5,15.0,1018.8,
2022-10-17,14.0,8.5,22.3,0.1,,256,3.8,19.0,1025.6,
2022-10-18,15.2,9.8,22.3,0.0,,185,6.0,23.0,1027.6,
2022-10-19,13.5,8.7,17.5,0.0,,9,9.1,27.0,1024.0,
2022-10-20,14.9,13.1,17.7,0.7,,341,5.6,21.0,1017.9,
2022-10-21,14.4,13.3,16.1,6.2,,172,6.4,25.0,1014.7,
2022-10-22,14.9,9.8,19.5,13.6,,178,6.3,22.0,1017.6,
2022-10-23,12.0,7.8,17.5,0.3,,321,6.4,24.0,1016.8,
2022-10-24,13.7,11.0,15.4,16.8,,204,8.6,58.0,1017.3,
2022-10-25,12.8,10.0,17.5,0.3,,137,5.2,17.0,1020.3,
2022-10-26,14.6,10.6,20.3,4.7,,195,7.4,48.0,1021.3,
2022-10-27,12.0,7.9,19.4,0.1,,324,3.2,12.0,1026.7,
2022-10-28,12.8,9.1,19.9,0.2,,240,3.3,12.0,1026.6,
2022-10-29,12.9,8.1,19.8,0.0,,304,3.5,12.0,1025.1,
2022-10-30,11.2,8.1,18.2,0.1,,184,3.6,13.0,1022.9,
2022-10-31,10.0,6.3,15.8,0.1,,318,3.8,13.0,1021.0,
2022-11-01,12.3,8.5,16.9,0.2,,205,7.7,32.0,1021.6,
2022-11-02,10.5,5.9,14.6,0.1,,193,4.9,25.0,1025.4,
2022-11-03,7.7,4.1,10.9,5.4,,320,6.7,48.0,1016.0,
2022-11-04,9.0,6.7,11.3,1.2,,231,9.2,34.0,1010.3,
2022-11-05,6.9,1.9,9.1,3.7,,213,7.5,23.0,1020.6,
2022-11-06,5.2,2.0,8.1,0.1,,194,4.6,19.0,1019.4,
2022-11-07,9.0,3.5,15.5,0.0,,161,8.6,30.0,1019.6,
2022-11-08,7.0,1.7,14.8,0.0,,190,5.5,22.0,1017.3,
2022-11-09,9.3,5.0,11.6,13.7,,185,5.2,20.0,1017.8,
2022-11-10,9.1,4.1,11.9,15.5,,333,5.5,18.0,1028.2,
2022-11-11,8.0,4.4,10.7,0.0,,348,4.5,15.0,1034.5,
2022-11-12,7.4,6.1,8.4,0.0,,32,5.8,19.0,1033.3,
2022-11-13,5.8,5.1,6.4,0.1,,21,7.5,26.0,1023.7,
2022-11-14,7.4,3.8,11.5,3.7,,179,6.5,19.0,1018.0,
2022-11-15,7.0,3.2,11.0,0.1,,318,5.6,19.0,1012.5,
2022-11-16,9.2,5.0,13.0,3.1,,206,7.5,25.0,1005.1,
2022-11-17,10.0,6.0,13.6,13.1,,231,13.3,60.0,999.6,
2022-11-18,7.3,3.7,9.2,17.3,,220,11.3,38.0,1006.1,
2022-11-19,6.4,4.0,9.3,0.2,,254,6.0,24.0,1012.0,
2022-11-20,5.4,2.6,8.4,3.1,,230,10.4,47.0,1014.8,
2022-11-21,6.8,4.8,9.5,1.2,,240,13.4,59.0,1006.8,
2022-11-22,6.3,5.4,7.6,1.4,,219,12.1,39.0,1002.4,
2022-11-23,5.4,-0.4,8.8,4.0,,203,8.1,41.0,1006.5,
2022-11-24,6.9,2.0,10.8,2.1,,213,13.5,45.0,1016.7,
2022-11-25,4.7,0.6,8.0,0.4,,217,5.1,22.0,1021.7,
2022-11-26,4.6,0.0,9.2,0.0,,318,5.0,16.0,1031.7,
2022-11-27,3.2,-0.1,5.7,0.0,,68,5.3,16.0,1026.7,
2022-11-28,5.0,1.9,8.5,0.0,,270,4.3,24.0,1016.3,
2022-11-29,6.5,5.5,8.2,4.9,,310,4.1,15.0,1017.7,
2022-11-30,4.8,3.5,5.7,1.1,,25,11.1,32.0,1021.1,
2022-12-01,3.3,2.6,3.8,0.0,,11,9.5,32.0,1022.4,
2022-12-02,2.6,0.2,4.4,0.0,,328,5.9,16.0,1019.6,
2022-12-03,1.4,-0.2,2.5,0.0,,24,14.0,36.0,1016.7,
2022-12-04,1.4,0.9,2.2,0.3,,11,8.3,44.0,1014.2,
2022-12-05,3.7,1.0,6.0,0.0,,185,6.9,21.0,1020.1,
2022-12-06,1.7,-0.2,4.3,0.0,,325,4.8,19.0,1020.2,
2022-12-07,1.4,-3.1,4.0,0.1,,344,3.1,13.0,1018.6,
2022-12-08,-0.2,-2.2,3.2,0.0,,313,4.3,14.0,1012.0,
2022-12-09,-0.1,-0.9,1.0,3.3,,317,6.9,15.0,1004.8,
2022-12-10,0.0,-1.4,0.6,4.6,,326,6.9,18.5,1008.4,
2022-12-11,-5.3,-8.6,-1.2,0.0,,297,5.2,14.8,1013.2,
2022-12-12,-5.1,-8.0,-3.5,0.0,,18,5.8,18.5,1014.0,
2022-12-13,-5.8,-9.0,-4.0,0.5,,349,9.9,23.0,1010.0,
2022-12-14,-0.6,-4.3,2.7,9.5,,268,5.7,22.2,1003.3,
2022-12-15,1.3,0.0,2.2,3.3,,348,9.7,24.1,1004.6,
2022-12-16,-0.8,-1.9,0.3,4.0,,314,7.6,16.7,1011.5,
2022-12-17,-3.4,-5.3,-2.2,0.0,,333,9.3,20.0,1026.2,
2022-12-18,-2.3,-3.3,-1.2,0.0,,346,5.0,14.8,1031.7,
2022-12-19,-0.7,-2.3,2.7,0.0,,316,3.5,13.0,1029.5,
2022-12-20,1.1,-2.2,5.7,0.0,,284,4.6,17.0,1023.5,
2022-12-21,6.9,2.6,9.6,6.6,,169,8.6,28.0,1018.5,
2022-12-22,9.9,6.0,12.2,1.0,,229,22.3,77.0,1014.7,
2022-12-23,11.6,9.9,12.8,21.8,,227,23.2,64.0,1012.1,
2022-12-24,9.1,6.8,12.2,1.4,,181,9.0,42.6,1018.8,
2022-12-25,6.7,5.0,9.4,0.1,,139,5.8,22.0,1019.8,
2022-12-26,8.2,3.4,11.1,10.7,,191,13.1,52.0,1022.6,
2022-12-27,5.6,2.1,8.3,0.7,,185,7.6,33.0,1030.2,
2022-12-28,4.5,1.5,9.3,0.0,,167,12.4,37.0,1023.7,
2022-12-29,8.6,1.1,12.6,7.1,,207,15.4,53.0,1016.4,
2022-12-30,6.7,2.2,9.6,9.9,,174,9.1,33.0,1018.4,
2022-12-31,11.4,9.1,14.9,0.2,,167,13.0,31.0,1021.0,
2023-01-01,11.9,5.1,16.6,0.0,,191,13.3,46.0,1023.2,
2023-01-02,7.7,1.9,14.5,1.6,,197,7.0,25.0,1024.2,
2023-01-03,7.1,5.7,8.5,4.4,,256,3.1,13.0,1031.4,
2023-01-04,7.5,4.7,10.3,0.0,,215,12.8,48.0,1030.8,
2023-01-05,9.7,4.8,11.5,1.8,,230,16.3,55.0,1026.9,
2023-01-06,6.5,2.0,8.9,0.0,,187,6.6,23.0,1025.7,
2023-01-07,6.6,3.9,9.5,0.0,,152,7.6,22.0,1019.5,
2023-01-08,4.6,1.0,6.8,5.3,,126,5.6,17.0,1010.3,
2023-01-09,5.3,2.7,7.4,14.7,,226,18.2,58.0,1008.9,
2023-01-10,4.5,2.7,6.5,1.3,,226,12.8,41.0,1023.9,
2023-01-11,6.5,5.0,7.6,4.3,,202,14.0,37.0,1021.8,
2023-01-12,7.0,4.8,8.6,0.0,,226,19.0,61.0,1023.1,
2023-01-13,7.1,4.7,8.8,4.7,,228,19.1,61.0,1019.8,
2023-01-14,6.9,4.0,9.7,0.3,,202,13.7,51.0,1019.6,
2023-01-15,6.0,1.6,10.6,3.6,,226,20.1,63.0,1011.8,
2023-01-16,1.6,-2.2,5.7,1.0,,202,13.0,64.0,997.8,
2023-01-17,0.4,-2.4,2.3,0.9,,183,5.8,29.6,989.7,
2023-01-18,0.7,-1.2,1.8,0.3,,267,9.4,33.0,997.3,
2023-01-19,-1.8,-5.5,0.9,0.0,,208,6.5,27.0,1011.3,
2023-01-20,-3.4,-6.8,0.4,0.0,,181,6.0,19.0,1018.8,
2023-01-21,-3.9,-8.0,-0.8,0.0,,356,11.2,45.0,1024.9,
2023-01-22,-1.4,-3.0,0.0,0.0,,9,9.4,27.0,1027.3,
2023-01-23,-0.1,-1.9,1.8,0.0,,58,17.9,59.0,1029.4,
2023-01-24,2.0,1.7,2.4,0.0,,63,11.7,45.0,1032.5,
2023-01-25,1.3,0.5,1.8,0.0,,70,9.5,29.0,1030.3,
2023-01-26,-0.1,-0.7,0.3,0.0,,35,7.8,26.0,1022.1,
2023-01-27,-0.6,-1.2,-0.1,0.0,,29,11.7,33.3,1021.2,
2023-01-28,0.1,-1.0,1.0,0.0,,42,14.4,38.9,1025.5,
2023-01-29,0.1,-2.0,1.0,0.0,,59,7.5,25.9,1029.2,
2023-01-30,-0.2,-3.5,3.5,0.0,,229,10.1,33.0,1028.5,
2023-01-31,2.1,-2.3,5.1,0.0,,226,8.5,34.0,1030.5,
2023-02-01,3.8,0.6,6.4,0.3,,235,15.0,48.0,1028.8,
2023-02-02,5.1,2.8,7.0,0.3,,242,17.2,45.0,1031.4,
2023-02-03,5.8,3.2,7.6,0.0,,240,14.7,42.0,1034.3,
2023-02-04,4.9,0.0,7.6,0.1,,240,6.0,27.8,1036.0,
2023-02-05,1.4,-2.6,3.7,4.6,,270,6.7,20.0,1037.6,
2023-02-06,2.0,-0.3,4.3,0.0,,47,14.7,36.0,1037.0,
2023-02-07,-0.9,-3.0,2.8,0.0,,37,14.6,56.0,1036.8,
2023-02-08,-2.6,-5.2,0.9,0.0,,32,9.3,25.0,1036.5,
2023-02-09,-2.4,-8.2,5.0,0.0,,190,5.3,17.0,1036.2,
2023-02-10,-1.7,-6.8,5.9,0.0,,296,4.0,15.0,1040.7,
2023-02-11,-0.8,-6.2,7.1,0.0,,272,3.6,13.0,1039.3,
2023-02-12,1.5,-4.6,9.2,0.0,,345,8.7,25.9,1038.2,
2023-02-13,2.7,-1.6,7.5,0.0,,83,5.7,20.0,1038.8,
2023-02-14,0.5,-1.9,4.6,0.0,,332,4.8,13.0,1037.4,
2023-02-15,0.0,-2.6,6.3,0.0,,352,4.0,15.0,1032.6,
2023-02-16,3.3,-4.8,12.5,0.0,,249,5.1,22.0,1030.9,
2023-02-17,9.2,4.5,13.3,0.0,,209,8.3,29.6,1029.8,
2023-02-18,10.7,7.5,15.6,0.0,,230,13.9,49.0,1028.1,
2023-02-19,8.1,4.7,10.4,0.1,,247,12.0,41.0,1028.0,
2023-02-20,7.9,2.2,15.1,0.0,,176,5.0,18.0,1028.4,
2023-02-21,5.5,-2.0,15.2,0.0,,267,4.2,15.0,1021.8,
2023-02-22,6.2,-1.1,13.9,0.0,,233,6.0,26.0,1016.4,
2023-02-23,9.1,4.4,13.6,0.2,,113,4.9,15.0,1014.4,
2023-02-24,6.9,0.7,14.6,1.5,,266,7.5,48.0,1009.2,
2023-02-25,4.3,-0.6,8.5,5.2,,0,8.2,38.0,1008.6,
2023-02-26,0.0,-1.4,1.5,0.0,,43,29.5,79.0,1014.5,
2023-02-27,-0.4,-1.3,0.6,0.0,,51,32.1,69.0,1020.5,
2023-02-28,-0.7,-1.4,0.4,0.0,,55,16.4,57.0,1024.4,
2023-03-01,0.9,-1.4,1.9,0.0,,39,11.4,35.0,1021.6,
2023-03-02,2.0,-1.1,3.7,0.0,,36,5.5,20.0,1019.0,
2023-03-03,3.1,-0.3,8.1,0.0,,120,4.8,22.0,1021.6,
2023-03-04,2.9,-4.6,10.0,0.0,,310,6.4,27.0,1022.8,
2023-03-05,2.7,-0.3,7.8,0.0,,311,6.5,28.0,1017.5,
2023-03-06,2.5,-1.3,5.2,0.0,,246,8.6,33.0,1009.6,
2023-03-07,4.0,1.5,7.2,0.0,,247,11.6,33.0,1005.8,
2023-03-08,7.3,1.4,11.2,4.3,,231,17.5,59.0,1001.8,
2023-03-09,11.9,8.5,15.9,12.0,,241,23.8,77.0,1002.4,
2023-03-10,8.1,4.9,10.8,7.9,,239,26.1,73.0,1000.7,
2023-03-11,2.7,0.0,4.6,2.3,,218,8.2,50.0,1011.3,
2023-03-12,6.7,2.9,12.1,4.0,,185,10.5,42.0,1016.2,
2023-03-13,12.5,5.8,18.7,0.4,,185,13.6,38.0,1008.4,
2023-03-14,7.8,2.9,9.9,20.9,,238,20.7,76.0,1006.1,
2023-03-15,4.3,-0.3,9.0,0.9,,272,10.2,45.0,1019.7,
2023-03-16,4.6,-2.3,12.6,0.0,,319,4.1,14.8,1019.6,
2023-03-17,7.7,-0.9,17.0,0.0,,190,5.0,24.0,1014.4,
2023-03-18,10.6,2.0,17.2,0.0,,202,6.5,21.0,1014.2,
2023-03-19,10.9,6.0,14.4,2.4,,215,9.5,37.0,1017.7,
2023-03-20,9.0,5.7,12.9,0.0,,266,4.9,21.0,1021.8,
2023-03-21,9.1,1.5,15.2,0.0,,204,5.3,21.0,1018.6,
2023-03-22,11.8,4.6,19.6,0.0,,185,9.2,31.0,1014.7,
2023-03-23,13.4,8.8,17.0,0.0,,201,10.7,43.0,1012.4,
2023-03-24,11.2,8.5,13.5,9.1,,232,14.4,53.0,1011.8,
2023-03-25,8.3,5.0,12.2,6.6,,232,20.6,68.0,1015.7,
2023-03-26,7.3,4.8,11.4,10.2,,191,12.9,70.0,1009.7,
2023-03-27,5.0,1.4,6.9,0.6,,285,13.9,46.0,1018.2,
2023-03-28,4.8,-1.1,9.9,0.0,,143,5.6,20.4,1027.4,
2023-03-29,11.9,7.3,18.2,0.1,,196,13.9,41.0,1020.4,
2023-03-30,12.6,10.6,15.5,2.8,,209,14.0,55.0,1015.8,
2023-03-31,10.4,7.6,14.1,7.9,,214,18.0,82.0,1008.5,
2023-04-01,8.2,7.0,10.5,4.0,,236,25.4,69.0,1008.8,
2023-04-02,8.9,6.2,13.7,0.9,,251,10.8,36.0,1015.3,
2023-04-03,5.0,3.0,7.6,1.7,,48,18.5,44.5,1023.9,
2023-04-04,3.1,-1.0,7.2,0.0,,54,19.7,51.0,1023.3,
2023-04-05,3.5,-2.0,9.1,0.0,,32,7.0,31.0,1021.8,
2023-04-06,5.7,-2.6,12.7,0.0,,196,6.2,36.0,1020.5,
2023-04-07,6.9,5.1,8.4,0.1,,224,8.7,38.0,1018.1,
2023-04-08,7.5,4.9,10.3,0.0,,84,6.3,21.0,1022.2,
2023-04-09,7.9,3.1,13.0,0.0,,33,12.6,38.0,1023.8,
2023-04-10,9.1,0.1,16.3,0.0,,293,6.9,32.0,1021.6,
2023-04-11,11.0,8.5,14.1,3.6,,232,13.8,47.0,1017.5,
2023-04-12,9.3,6.8,13.1,6.9,,196,13.1,50.0,1008.3,
2023-04-13,6.1,3.9,9.7,3.1,,223,10.0,74.0,1009.9,
2023-04-14,6.6,1.5,12.3,0.0,,189,5.9,20.4,1010.2,
2023-04-15,6.4,1.4,10.2,1.6,,242,6.6,29.0,1010.8,
2023-04-16,7.5,6.8,8.7,22.1,,238,6.7,28.0,1020.4,
2023-04-17,9.4,6.8,14.3,4.2,,18,11.5,44.0,1020.6,
2023-04-18,10.6,7.8,15.7,0.0,,28,15.7,49.0,1019.1,
2023-04-19,9.7,5.5,12.9,5.0,,27,12.4,56.0,1019.3,
2023-04-20,5.0,3.3,6.4,4.5,,1,8.7,40.0,1014.4,
2023-04-21,7.1,0.5,12.4,0.0,,330,4.6,30.0,1013.1,
2023-04-22,10.6,2.6,18.8,0.0,,254,5.8,41.0,1012.1,
2023-04-23,13.0,9.5,18.4,4.5,,219,8.8,51.0,1010.5,
2023-04-24,10.1,6.7,13.0,2.2,,259,16.4,59.0,1011.8,
2023-04-25,7.5,4.3,10.1,4.9,,240,9.8,45.0,1014.4,
2023-04-26,8.9,4.2,14.0,0.0,,330,6.2,20.4,1017.8,
2023-04-27,12.8,8.1,18.0,1.0,,11,4.9,16.0,1017.7,
2023-04-28,12.5,10.5,16.1,22.0,,160,8.1,26.0,1016.0,
2023-04-29,15.9,12.5,20.9,0.8,,194,11.3,35.0,1015.3,
2023-04-30,13.6,10.6,16.7,0.0,,17,14.2,49.0,1017.1,
2023-05-01,11.6,9.7,14.1,11.2,,235,8.9,34.0,1016.5,
2023-05-02,11.8,9.1,16.0,2.0,,131,5.7,32.0,1021.7,
2023-05-03,12.2,6.0,18.2,0.0,,24,14.9,47.0,1022.9,
2023-05-04,14.4,6.1,23.2,0.0,,331,5.0,15.0,1019.2,
2023-05-05,16.4,12.1,22.8,0.9,,160,7.2,79.0,1017.9,
2023-05-06,16.7,12.0,22.0,0.0,,56,4.9,22.0,1016.6,
2023-05-07,14.9,9.4,21.2,2.6,,239,8.6,39.0,1016.7,
2023-05-08,14.6,12.8,18.1,18.6,,172,6.4,30.0,1020.9,
2023-05-09,15.2,12.1,19.6,10.1,,273,4.7,31.0,1015.7,
2023-05-10,12.9,11.2,15.9,4.4,,228,10.7,40.0,1014.7,
2023-05-11,11.4,9.8,14.1,0.3,,262,6.7,28.0,1015.2,
2023-05-12,12.9,9.2,17.7,0.1,,357,9.8,32.0,1013.6,
2023-05-13,12.1,9.2,15.3,0.0,,20,12.5,36.0,1016.5,
2023-05-14,11.2,8.2,15.4,9.5,,321,7.5,30.0,1015.5,
2023-05-15,12.0,9.3,16.2,8.2,,192,6.9,20.4,1014.2,
2023-05-16,10.9,8.8,12.9,4.5,,353,13.1,43.0,1015.1,
2023-05-17,10.8,8.4,14.2,0.1,,37,18.0,42.6,1021.7,
2023-05-18,11.0,6.6,14.3,0.0,,46,20.4,48.0,1021.1,
2023-05-19,12.1,9.4,15.1,0.0,,32,12.5,35.0,1019.7,
2023-05-20,13.9,8.1,18.1,0.0,,49,7.1,31.0,1015.1,
2023-05-21,17.1,9.9,24.9,0.0,,334,6.3,20.0,1011.6,
2023-05-22,19.3,12.2,25.9,0.0,,264,7.1,22.2,1012.9,
2023-05-23,17.0,12.6,21.3,8.7,,11,8.3,52.0,1016.0,
2023-05-24,13.0,11.3,14.5,1.2,,27,12.4,29.0,1019.0,
2023-05-25,14.4,9.9,19.8,0.3,,36,10.1,33.3,1020.2,
2023-05-26,17.6,9.8,24.5,0.0,,44,11.0,47.0,1021.7,
2023-05-27,18.2,11.3,23.8,0.0,,18,14.1,41.0,1019.6,
2023-05-28,17.9,9.7,24.2,0.0,,14,11.7,36.0,1015.9,
2023-05-29,18.1,8.1,24.7,0.0,,26,15.4,46.0,1015.7,
2023-05-30,18.3,10.8,24.2,0.0,,21,16.2,47.0,1017.4,
2023-05-31,18.7,11.9,24.3,0.0,,22,17.5,49.0,1016.6,
2023-06-01,18.9,11.0,25.7,0.0,,8,7.9,25.9,1015.9,
2023-06-02,19.8,12.3,26.0,0.0,,7,9.6,40.0,1013.6,
2023-06-03,18.8,12.0,25.4,0.0,,10,11.2,31.0,1014.4,
2023-06-04,18.4,13.4,24.6,0.0,,11,10.9,37.0,1015.6,
2023-06-05,18.2,8.9,25.0,0.0,,26,9.9,31.5,1015.4,
2023-06-06,18.4,10.8,24.5,0.0,,42,12.5,40.0,1015.9,
2023-06-07,19.1,10.5,25.8,0.0,,11,9.4,34.0,1015.4,
2023-06-08,19.0,11.3,26.4,0.1,,2,7.8,41.0,1013.2,
2023-06-09,19.9,10.5,27.6,0.0,,36,12.6,37.0,1011.2,
2023-06-10,21.0,12.8,27.1,0.0,,347,10.6,36.0,1011.6,
2023-06-11,20.9,13.7,26.9,0.0,,29,14.3,43.0,1013.2,
2023-06-12,20.5,12.7,26.5,0.0,,27,15.2,45.0,1012.2,
2023-06-13,19.0,10.8,25.5,0.0,,27,15.6,42.0,1009.9,
2023-06-14,18.8,8.2,25.5,0.0,,33,11.0,41.0,1011.7,
2023-06-15,18.5,10.0,26.0,0.0,,338,7.4,31.0,1015.7,
2023-06-16,19.7,13.0,26.0,0.6,,325,6.4,26.0,1016.6,
2023-06-17,20.1,11.0,28.0,0.0,,280,4.8,25.0,1015.3,
2023-06-18,21.3,11.0,31.0,0.0,,325,4.4,38.0,1013.1,
2023-06-19,22.6,18.0,29.0,4.7,,143,9.0,36.0,1013.8,
2023-06-20,23.2,18.0,30.0,5.8,,352,8.7,38.0,1013.1,
2023-06-21,21.7,17.0,26.0,5.9,,33,6.8,80.0,1017.0,
2023-06-22,21.4,16.6,27.7,2.0,,279,9.8,59.0,1015.4,
2023-06-23,19.7,16.1,24.7,6.5,,270,12.4,33.0,1022.7,
2023-06-24,20.0,12.3,25.9,0.0,,20,15.3,49.0,1023.4,
2023-06-25,21.5,12.7,29.1,0.0,,348,5.9,26.0,1017.6,
2023-06-26,23.1,13.9,29.5,0.0,,247,13.0,44.0,1017.0,
2023-06-27,20.5,17.1,25.0,0.0,,313,10.0,28.0,1019.4,
2023-06-28,19.5,13.1,25.8,0.0,,340,7.4,25.0,1017.9,
2023-06-29,20.8,11.9,28.0,0.0,,287,7.1,28.0,1014.7,
2023-06-30,18.8,15.9,21.8,1.8,,231,9.5,41.0,1013.0,
2023-07-01,18.9,15.5,23.9,0.4,,218,13.2,45.0,1012.1,
2023-07-02,19.1,16.2,22.8,2.3,,249,10.6,36.0,1013.6,
2023-07-03,20.4,16.0,24.7,0.0,,275,12.0,43.0,1015.1,
2023-07-04,20.6,16.0,26.6,0.1,,299,8.2,31.0,1015.1,
2023-07-05,18.2,15.2,21.5,8.3,,234,9.8,44.0,1015.8,
2023-07-06,19.0,12.6,26.0,0.0,,19,5.3,22.0,1017.6,
2023-07-07,21.6,11.1,31.0,0.0,,344,6.7,28.0,1018.0,
2023-07-08,22.0,17.2,29.1,1.5,,295,8.3,45.0,1018.8,
2023-07-09,25.2,14.1,34.6,0.0,,354,5.0,23.0,1019.3,
2023-07-10,25.0,19.4,31.6,0.0,,259,8.5,27.8,1020.0,
2023-07-11,26.5,17.4,35.7,9.0,,283,8.6,106.0,1014.8,
2023-07-12,20.4,18.1,23.7,33.6,,178,8.1,52.0,1014.6,
2023-07-13,20.0,16.4,25.1,1.6,,220,8.2,34.0,1018.1,
2023-07-14,20.9,11.9,28.6,0.0,,32,6.0,23.0,1015.6,
2023-07-15,24.5,15.4,34.0,3.5,,257,8.4,54.0,1010.4,
2023-07-16,19.8,16.2,24.7,5.5,,296,8.7,37.0,1017.6,
2023-07-17,21.8,16.7,27.0,2.0,,275,8.0,32.0,1019.9,
2023-07-18,22.1,15.8,27.7,0.7,,348,6.3,35.0,1018.2,
2023-07-19,23.3,17.4,28.0,0.0,,287,12.7,46.0,1014.0,
2023-07-20,21.2,17.0,26.0,0.0,,315,6.4,27.0,1014.0,
2023-07-21,18.6,13.8,23.1,1.0,,274,8.6,35.0,1012.5,
2023-07-22,19.7,12.8,25.7,0.0,,292,7.5,32.0,1016.1,
2023-07-23,21.0,13.0,29.9,0.0,,215,9.5,51.0,1013.9,
2023-07-24,19.0,15.8,22.1,19.0,,262,9.5,49.0,1009.2,
2023-07-25,17.6,13.7,21.8,3.3,,239,12.0,66.0,1007.7,
2023-07-26,14.6,11.7,19.2,8.5,,221,12.1,40.0,1016.6,
2023-07-27,17.1,10.5,24.0,0.0,,181,6.9,33.0,1013.9,
2023-07-28,19.4,13.8,26.2,1.4,,198,9.8,35.2,1011.9,
2023-07-29,19.0,15.4,25.0,9.8,,200,7.1,42.0,1013.2,
2023-07-30,19.9,15.8,24.4,0.8,,265,12.2,49.0,1015.9,
2023-07-31,18.1,10.8,24.3,0.0,,218,8.1,34.0,1015.7,
2023-08-01,18.0,15.3,20.0,5.8,,222,13.0,54.0,1008.1,
2023-08-02,19.9,12.4,29.3,11.5,,217,15.9,67.0,1003.9,
2023-08-03,19.4,13.2,23.7,0.1,,261,16.1,64.0,1007.6,
2023-08-04,17.0,14.7,21.8,19.6,,283,6.7,38.0,1012.8,
2023-08-05,16.9,13.8,21.1,0.8,,260,7.8,30.0,1014.5,
2023-08-06,13.8,11.9,15.3,12.3,,235,17.8,54.0,1013.9,
2023-08-07,13.7,11.6,17.2,2.5,,231,12.5,47.0,1020.5,
2023-08-08,15.1,8.4,21.9,0.0,,201,7.5,37.0,1019.3,
2023-08-09,18.1,14.5,22.4,0.0,,214,8.2,33.0,1018.3,
2023-08-10,20.0,14.0,27.0,0.0,,316,5.6,19.0,1019.9,
2023-08-11,21.5,13.2,30.0,0.0,,299,4.1,18.0,1021.0,
2023-08-12,21.9,16.7,28.0,0.3,,271,5.8,27.0,1019.1,
2023-08-13,22.7,17.1,28.9,0.6,,227,5.6,29.0,1017.5,
2023-08-14,23.7,17.0,30.0,0.0,,314,5.4,26.0,1015.3,
2023-08-15,24.3,19.3,30.6,0.0,,241,8.4,28.0,1016.2,
2023-08-16,23.4,15.8,31.0,0.0,,322,3.8,20.0,1017.0,
2023-08-17,21.6,16.3,27.6,0.0,,107,8.1,32.0,1016.7,
2023-08-18,22.6,13.2,32.1,0.0,,37,4.6,19.0,1015.6,
2023-08-19,24.4,15.4,33.0,0.0,,276,5.3,23.0,1016.6,
2023-08-20,25.2,17.4,34.0,0.0,,306,4.0,18.5,1019.4,
2023-08-21,25.7,18.1,34.0,0.0,,148,4.0,22.0,1020.3,
2023-08-22,26.3,18.0,34.0,0.0,,191,4.6,25.0,1018.4,
2023-08-23,26.3,19.9,33.2,0.0,,315,7.5,30.0,1017.6,
2023-08-24,25.5,18.0,36.0,0.0,,265,8.4,80.0,1014.5,
2023-08-25,22.6,19.0,27.7,12.8,,263,11.3,54.0,1013.1,
2023-08-26,18.6,16.7,21.4,6.5,,274,6.5,40.0,1013.4,
2023-08-27,16.1,13.7,18.8,18.2,,167,7.1,28.0,1012.4,
2023-08-28,13.3,11.7,14.3,37.9,,356,9.1,32.0,1011.4,
2023-08-29,12.1,11.1,13.0,9.5,,212,5.6,18.5,1012.5,
2023-08-30,14.8,11.2,19.7,0.0,,233,6.4,35.0,1011.0,
2023-08-31,15.3,12.4,18.4,0.3,,250,6.5,24.1,1015.1,
2023-09-01,19.1,13.3,25.2,0.0,,227,7.1,26.0,1016.5,
2023-09-02,19.1,11.9,27.0,0.0,,346,5.7,30.0,1019.6,
2023-09-03,19.6,11.7,26.5,0.0,,29,8.0,25.0,1024.6,
2023-09-04,21.0,15.4,27.8,0.0,,27,15.2,42.0,1023.0,
2023-09-05,20.2,12.3,26.2,0.0,,3,8.8,30.0,1019.7,
2023-09-06,19.0,11.2,26.5,0.0,,337,7.2,25.0,1019.5,
2023-09-07,20.6,13.7,28.3,0.0,,323,5.4,17.0,1018.5,
2023-09-08,21.6,14.8,30.0,0.0,,344,4.3,15.0,1017.9,
2023-09-09,21.9,15.4,29.1,0.0,,348,2.8,15.0,1017.2,
2023-09-10,21.7,14.6,29.6,0.0,,341,3.2,14.8,1017.6,
2023-09-11,21.3,13.8,29.9,0.0,,292,3.2,14.8,1015.0,
2023-09-12,20.6,14.2,28.2,0.5,,141,6.7,39.0,1013.3,
2023-09-13,18.5,16.4,21.6,10.1,,212,6.6,39.0,1017.5,
2023-09-14,18.3,15.4,21.2,0.3,,14,7.2,31.0,1020.3,
2023-09-15,18.4,14.7,23.3,0.0,,337,6.5,19.0,1017.0,
2023-09-16,18.9,12.8,26.1,0.0,,317,5.1,22.0,1014.7,
2023-09-17,20.8,16.1,27.4,0.0,,5,5.4,20.0,1014.4,
2023-09-18,18.1,16.5,20.2,1.5,,208,8.3,43.0,1012.7,
2023-09-19,18.2,14.7,22.2,0.1,,234,10.8,30.0,1016.4,
2023-09-20,17.0,9.0,24.0,0.0,,258,5.7,27.0,1013.7,
2023-09-21,18.4,14.0,24.0,4.0,,274,6.1,67.0,1004.4,
2023-09-22,14.3,12.0,17.0,13.6,,160,11.4,47.0,1007.3,
2023-09-23,12.8,10.0,16.0,0.2,,198,5.7,22.0,1018.3,
2023-09-24,12.3,7.0,18.0,0.1,,4,11.3,51.0,1025.4,
2023-09-25,12.2,3.4,20.0,0.0,,328,4.4,17.0,1024.1,
2023-09-26,13.1,6.0,23.0,0.0,,347,3.6,13.0,1023.1,
2023-09-27,13.5,7.3,21.9,0.1,,320,4.6,21.0,1021.6,
2023-09-28,16.4,9.6,26.0,0.0,,330,3.5,14.8,1020.1,
2023-09-29,16.9,9.7,25.0,0.0,,232,7.5,38.0,1022.2,
2023-09-30,17.5,12.7,21.5,0.0,,329,5.8,21.0,1025.7,
2023-10-01,14.8,8.8,22.9,0.0,,319,4.5,17.0,1026.5,
2023-10-02,15.9,8.3,25.5,0.0,,214,5.0,18.0,1023.9,
2023-10-03,17.0,10.9,25.3,0.5,,214,12.4,59.0,1021.9,
2023-10-04,14.1,8.9,18.9,0.0,,347,7.4,24.1,1028.8,
2023-10-05,11.7,5.8,18.7,0.0,,322,3.5,17.0,1027.7,
2023-10-06,11.1,3.7,19.6,0.0,,301,3.8,12.0,1027.8,
2023-10-07,13.0,4.6,22.5,0.0,,196,5.6,24.0,1027.8,
2023-10-08,15.1,7.4,25.0,0.0,,149,5.4,17.0,1027.2,
2023-10-09,16.3,9.8,23.1,0.0,,167,7.2,24.1,1024.3,
2023-10-10,16.1,9.7,23.8,0.0,,178,7.1,18.5,1023.0,
2023-10-11,15.7,7.2,24.7,0.0,,182,7.0,24.0,1021.2,
2023-10-12,16.7,10.3,24.6,0.0,,170,10.6,41.0,1019.7,
2023-10-13,17.3,9.4,25.4,0.0,,185,10.5,50.0,1016.8,
2023-10-14,16.3,11.2,20.7,8.6,,244,16.4,59.0,1015.5,
2023-10-15,10.7,8.7,13.7,0.2,,264,9.0,36.0,1022.0,
2023-10-16,7.3,3.0,12.7,0.0,,352,11.9,36.0,1020.8,
2023-10-17,5.8,0.5,11.7,0.0,,348,6.7,19.0,1018.0,
2023-10-18,8.2,6.7,10.4,0.0,,342,7.9,23.0,1009.8,
2023-10-19,12.7,8.9,17.4,0.9,,339,7.1,26.0,998.1,
2023-10-20,13.5,9.6,15.0,3.7,,235,11.9,44.0,985.6,
2023-10-21,12.5,10.0,15.1,1.3,,144,9.4,47.0,1000.5,
2023-10-22,10.2,5.2,15.8,0.0,,219,5.6,22.2,1012.5,
2023-10-23,10.1,5.8,15.0,0.0,,345,9.2,26.0,1012.0,
2023-10-24,10.5,8.3,12.6,7.7,,230,5.7,20.0,1007.9,
2023-10-25,11.3,5.9,14.7,0.8,,178,10.4,57.0,1003.5,
2023-10-26,12.1,9.9,16.0,10.8,,213,10.8,50.0,999.8,
2023-10-27,11.0,9.1,14.4,14.2,,222,14.3,50.0,999.1,
2023-10-28,11.7,8.2,16.2,1.0,,198,12.9,74.0,1005.0,
2023-10-29,10.3,5.4,15.7,0.0,,137,7.7,23.0,1004.9,
2023-10-30,9.0,3.3,12.5,7.5,,298,5.8,30.0,1004.6,
2023-10-31,10.4,8.5,12.6,1.5,,228,16.5,50.0,1009.3,
2023-11-01,8.1,2.1,11.8,0.0,,185,8.3,43.0,1010.3,
2023-11-02,7.2,4.9,9.2,8.9,,182,9.1,30.0,994.8,
2023-11-03,5.8,2.8,8.1,4.0,,213,7.2,24.1,993.8,
2023-11-04,6.2,2.5,9.8,11.9,,174,11.0,48.0,992.7,
2023-11-05,9.3,4.0,11.2,4.3,,231,22.2,69.0,992.0,
2023-11-06,10.0,7.2,12.5,2.8,,238,18.1,59.0,1010.4,
2023-11-07,7.2,3.4,10.6,0.5,,209,10.2,60.0,1018.0,
2023-11-08,6.0,2.0,11.3,0.0,,185,7.8,32.0,1020.7,
2023-11-09,4.8,-0.4,9.5,3.8,,185,9.3,42.0,1013.0,
2023-11-10,7.2,4.0,9.8,9.1,,223,12.6,42.0,1006.6,
2023-11-11,6.4,4.9,8.3,2.1,,232,13.2,57.0,1010.5,
2023-11-12,4.4,0.8,10.7,27.9,,208,10.2,45.0,1011.2,
2023-11-13,12.4,10.3,15.1,7.0,,231,24.1,66.0,1013.6,
2023-11-14,10.9,8.8,14.9,33.5,,218,20.8,68.0,1014.2,
2023-11-15,8.8,4.6,11.0,3.6,,228,12.4,50.0,1021.7,
2023-11-16,6.8,2.7,11.9,8.6,,173,14.6,90.0,1015.7,
2023-11-17,7.0,5.3,10.4,2.3,,257,17.1,82.0,1021.6,
2023-11-18,4.2,-0.9,7.2,0.3,,187,5.5,24.0,1027.2,
2023-11-19,10.7,6.6,13.3,8.0,,231,15.8,61.0,1019.4,
2023-11-20,9.7,7.6,12.1,0.0,,245,10.7,37.0,1016.7,
2023-11-21,7.4,6.4,8.9,4.4,,245,7.8,24.1,1015.4,
2023-11-22,4.6,2.7,6.4,1.1,,359,9.8,32.0,1025.8,
2023-11-23,2.6,-0.5,6.3,0.0,,246,6.1,22.0,1028.7,
2023-11-24,5.1,1.9,7.7,4.3,,243,15.4,54.0,1015.7,
2023-11-25,1.7,-0.7,3.4,1.2,,243,14.1,38.9,1015.8,
2023-11-26,1.9,-2.0,4.0,0.2,,242,8.6,34.0,1019.6,
2023-11-27,2.0,-2.2,6.5,4.8,,195,9.8,41.0,1008.8,
2023-11-28,3.3,-0.2,4.9,9.1,,245,17.2,55.0,1003.1,
2023-11-29,0.4,-2.6,4.1,0.0,,193,7.0,28.0,1010.0,
2023-11-30,0.1,-1.3,1.4,24.2,,285,4.9,14.8,1003.1,
2023-12-01,0.8,0.1,2.3,29.1,,318,5.7,19.0,1002.1,
2023-12-02,-0.7,-2.7,0.3,9.0,,302,8.1,21.0,1011.1,
2023-12-03,-8.2,-13.4,-3.9,0.0,,301,5.3,14.0,1026.9,
2023-12-04,-4.6,-7.1,-2.2,0.1,,7,5.3,33.0,1017.0,
2023-12-05,2.6,-0.8,5.1,3.0,,198,14.2,45.0,1011.8,
2023-12-06,3.2,1.9,3.9,0.9,,217,10.7,36.0,1017.8,
2023-12-07,0.5,-1.2,2.3,0.0,,70,4.6,21.0,1021.1,
2023-12-08,3.0,-0.1,5.0,3.6,,147,7.0,18.0,1014.7,
2023-12-09,5.5,4.3,8.6,16.4,,178,12.1,66.0,1013.6,
2023-12-10,7.9,6.2,9.7,3.1,,223,19.4,60.0,1015.7,
2023-12-11,9.3,6.1,10.0,12.4,,207,16.8,62.0,1011.6,
2023-12-12,8.9,7.3,11.3,20.7,,178,10.8,44.0,1010.1,
2023-12-13,7.6,6.0,9.3,6.1,,206,12.1,38.0,1004.0,
2023-12-14,6.0,5.1,7.2,1.0,,243,9.4,24.0,1017.7,
2023-12-15,3.9,-1.7,6.1,0.0,,241,4.6,30.0,1036.9,
2023-12-16,0.1,-2.1,2.5,0.0,,23,4.4,15.0,1044.0,
2023-12-17,0.2,-1.1,1.5,0.0,,285,4.8,17.0,1042.9,
2023-12-18,0.7,-0.5,3.2,0.0,,197,6.3,17.0,1039.1,
2023-12-19,2.2,-1.0,6.6,0.0,,195,8.4,25.0,1029.9,
2023-12-20,4.2,2.4,6.6,2.2,,239,9.5,46.0,1022.9,
2023-12-21,6.7,4.2,9.2,1.4,,237,30.9,94.0,1013.9,
2023-12-22,7.8,6.6,9.0,14.0,,248,29.4,81.0,1012.4,
2023-12-23,7.5,6.7,8.9,0.5,,244,26.8,66.0,1019.9,
2023-12-24,7.4,5.3,9.2,7.1,,217,16.0,53.0,1020.8,
2023-12-25,7.7,3.1,11.0,0.3,,239,9.2,34.0,1019.3,
2023-12-26,4.8,0.6,9.7,0.0,,215,11.3,37.0,1022.4,
2023-12-27,1.7,-2.0,8.6,0.0,,154,4.4,18.0,1024.3,
2023-12-28,4.1,0.0,8.1,0.0,,170,9.0,32.0,1023.3,
2023-12-29,8.5,4.3,11.2,1.4,,224,9.8,42.0,1020.3,
2023-12-30,6.3,1.0,10.7,0.0,,180,6.4,32.0,1019.7,
2023-12-31,2.1,-2.4,6.9,2.4,,227,9.8,63.0,1012.7,
2024-01-01,4.9,1.7,8.0,1.3,,220,14.9,53.0,1015.6,
2024-01-02,6.3,0.8,9.1,9.3,,215,21.3,73.0,1009.6,
2024-01-03,10.2,8.1,12.6,8.1,,245,30.5,76.0,1005.0,
2024-01-04,6.8,2.5,9.7,4.9,,220,20.6,68.0,1010.8,
2024-01-05,3.9,1.1,6.7,2.1,,176,4.5,14.8,1007.0,
2024-01-06,3.8,2.6,4.8,13.5,,150,4.7,14.0,1009.6,
2024-01-07,2.1,0.0,3.8,6.5,,10,11.2,40.0,1014.3,
2024-01-08,-1.9,-2.9,-0.1,0.1,,48,22.3,48.0,1022.1,
2024-01-09,-3.3,-4.5,-1.7,0.1,,34,17.1,40.0,1026.2,
2024-01-10,-2.9,-4.8,-1.1,0.7,,7,9.6,22.0,1027.8,
2024-01-11,-2.6,-3.1,-1.4,0.0,,31,10.9,26.0,1029.8,
2024-01-12,-3.0,-4.0,-1.8,0.0,,14,7.7,17.0,1032.3,
2024-01-13,-2.9,-4.0,-1.6,0.0,,228,9.4,26.0,1027.7,
2024-01-14,-1.9,-4.1,0.6,0.0,,208,12.2,29.0,1016.1,
2024-01-15,0.3,-2.3,2.5,0.0,,270,11.1,41.0,1010.1,
2024-01-16,-2.2,-5.8,1.6,0.5,,302,5.0,16.7,1012.7,
2024-01-17,3.9,-1.1,8.8,23.7,,189,10.3,35.0,997.6,
2024-01-18,6.4,-0.7,10.8,9.6,,238,15.5,64.0,997.8,
2024-01-19,-2.1,-5.4,0.3,0.3,,21,8.4,24.0,1022.3,
2024-01-20,-4.7,-7.7,-1.1,0.0,,35,6.9,26.0,1032.4,
2024-01-21,-3.6,-9.1,2.8,0.0,,151,8.1,22.0,1034.0,
2024-01-22,2.9,-5.6,7.6,11.9,,191,16.9,53.7,1026.7,
2024-01-23,7.0,4.8,8.9,1.9,,223,15.1,55.0,1032.5,
2024-01-24,11.4,7.2,13.9,2.9,,234,24.5,69.0,1030.9,
2024-01-25,9.6,8.3,11.9,8.2,,278,6.2,31.5,1031.3,
2024-01-26,8.6,6.4,10.7,1.4,,220,6.6,29.6,1031.5,
2024-01-27,4.4,-1.1,9.1,0.0,,345,8.2,26.0,1036.8,
2024-01-28,0.8,-2.6,4.8,0.0,,340,6.4,18.0,1035.6,
2024-01-29,-0.3,-2.1,3.5,0.0,,337,4.1,13.0,1035.0,
2024-01-30,2.7,-2.8,10.6,0.0,,320,4.4,17.0,1035.4,
2024-01-31,4.1,-0.7,10.8,0.0,,164,5.9,14.0,1035.8,
2024-02-01,5.7,2.2,7.4,1.8,,190,8.8,29.0,1033.8,
2024-02-02,6.1,3.2,9.5,0.0,,203,6.0,20.0,1035.5,
2024-02-03,5.3,0.2,12.1,0.0,,217,10.6,29.0,1032.9,
2024-02-04,5.7,3.3,9.3,0.0,,221,9.1,29.6,1031.6,
2024-02-05,4.6,1.6,9.4,0.0,,174,8.4,25.0,1028.7,
2024-02-06,3.5,-0.9,9.2,0.0,,207,11.7,40.0,1023.9,
2024-02-07,6.8,1.9,10.2,3.6,,220,20.0,65.0,1015.2,
2024-02-08,9.1,7.0,11.7,2.0,,209,18.1,56.0,1005.6,
2024-02-09,8.9,7.0,10.6,6.3,,190,8.3,54.0,994.7,
2024-02-10,8.3,5.4,11.7,0.0,,327,8.2,32.0,988.0,
2024-02-11,6.9,4.8,9.5,2.0,,237,19.5,48.0,997.4,
2024-02-12,6.4,4.0,8.2,3.0,,246,8.3,41.0,1008.2,
2024-02-13,5.5,1.4,10.6,0.0,,173,5.0,21.0,1021.5,
2024-02-14,7.6,2.0,12.7,0.0,,176,8.7,25.0,1024.8,
2024-02-15,7.1,-0.2,13.7,0.0,,283,5.7,16.0,1021.3,
2024-02-16,9.8,5.3,14.9,0.0,,197,8.4,28.0,1019.9,
2024-02-17,9.6,8.3,10.9,2.8,,77,5.9,23.0,1030.9,
2024-02-18,8.6,4.1,12.1,1.7,,287,7.9,29.0,1032.3,
2024-02-19,8.9,7.2,10.7,2.7,,242,11.8,41.0,1030.6,
2024-02-20,7.3,3.8,10.1,0.7,,224,7.2,31.0,1030.8,
2024-02-21,6.7,1.4,11.8,0.0,,194,8.3,33.0,1023.1,
2024-02-22,9.0,7.7,11.1,24.8,,210,16.7,66.0,1004.1,
2024-02-23,5.4,2.7,8.9,4.1,,191,13.5,68.0,1000.7,
2024-02-24,5.6,0.7,9.4,0.0,,180,11.4,44.0,1005.2,
2024-02-25,5.2,-1.6,10.9,0.0,,117,7.3,23.0,1005.5,
2024-02-26,7.3,3.6,11.2,0.0,,341,6.2,30.0,1000.3,
2024-02-27,7.4,4.6,9.9,0.0,,30,11.0,36.0,1010.4,
2024-02-28,7.7,6.7,9.6,0.0,,30,9.4,31.0,1019.9,
2024-02-29,6.9,2.5,10.2,0.0,,338,6.5,20.0,1015.0,
2024-03-01,5.7,2.0,7.8,4.5,,147,6.2,20.0,1009.2,
2024-03-02,6.1,2.2,11.4,0.0,,349,6.4,27.0,1004.9,
2024-03-03,7.9,2.9,16.5,0.0,,314,9.1,39.0,999.1,
2024-03-04,6.3,4.3,9.2,0.0,,291,6.5,33.0,1011.0,
2024-03-05,6.4,5.3,8.6,0.1,,246,7.9,30.0,1016.4,
2024-03-06,3.4,1.8,4.7,23.6,,185,8.0,24.0,1022.3,
2024-03-07,4.2,2.3,6.1,0.0,,61,9.9,31.0,1020.1,
2024-03-08,3.1,-1.9,6.7,0.0,,22,10.9,33.0,1011.5,
2024-03-09,7.8,0.1,14.6,0.0,,73,9.8,29.0,1002.0,
2024-03-10,7.0,3.8,10.4,6.0,,260,10.0,45.0,996.1,
2024-03-11,6.5,0.5,12.4,0.0,,209,6.9,25.9,1007.6,
2024-03-12,6.7,5.0,8.5,1.6,,238,7.8,34.0,1019.1,
2024-03-13,7.3,4.0,10.0,10.6,,191,10.2,33.0,1020.2,
2024-03-14,8.0,2.7,16.0,0.0,,151,4.1,15.0,1017.2,
2024-03-15,11.3,6.3,16.3,1.0,,206,11.7,85.0,1016.4,
2024-03-16,9.9,6.8,13.3,12.0,,201,13.9,48.0,1022.2,
2024-03-17,8.2,3.2,12.5,0.0,,230,4.1,19.0,1023.4,
2024-03-18,9.2,8.0,11.3,14.5,,165,7.6,22.0,1018.4,
2024-03-19,9.1,3.3,15.6,0.9,,23,5.6,17.0,1020.0,
2024-03-20,9.5,1.5,18.0,0.0,,145,4.0,18.0,1020.6,
2024-03-21,11.8,6.3,17.6,3.8,,223,10.2,41.0,1024.0,
2024-03-22,12.1,5.9,19.2,0.0,,185,6.7,26.0,1020.4,
2024-03-23,8.5,3.6,11.8,3.8,,244,20.6,76.0,1014.3,
2024-03-24,5.3,2.5,8.8,9.7,,242,17.6,60.0,1013.6,
2024-03-25,6.7,2.0,11.7,0.4,,71,10.9,33.0,1007.1,
2024-03-26,9.6,2.3,17.6,0.0,,355,8.5,33.0,993.4,
2024-03-27,6.5,3.9,9.6,0.0,,278,13.6,55.0,990.4,
2024-03-28,5.3,-1.3,12.4,3.6,,219,13.7,66.0,997.1,
2024-03-29,10.3,0.8,18.1,0.0,,269,9.4,52.0,999.3,
2024-03-30,14.6,8.9,20.0,0.0,,198,16.6,54.0,997.9,
2024-03-31,11.7,4.4,19.4,3.1,,313,8.1,29.0,997.5,
2024-04-01,9.3,7.7,11.3,3.1,,250,14.7,61.0,1001.2,
2024-04-02,9.6,6.4,13.7,0.1,,239,20.6,63.0,1014.3,
2024-04-03,7.8,1.6,12.3,1.8,,226,12.5,57.0,1013.9,
2024-04-04,12.6,10.1,15.6,0.5,,223,14.8,49.0,1016.7,
2024-04-05,15.8,7.3,22.7,0.0,,171,9.9,54.0,1016.9,
2024-04-06,16.2,8.6,25.3,0.0,,173,8.5,20.0,1017.9,
2024-04-07,16.0,8.9,23.2,0.0,,234,5.4,18.5,1017.5,
2024-04-08,17.1,9.8,25.0,0.0,,90,7.9,28.0,1010.9,
2024-04-09,10.4,5.9,17.7,1.5,,242,14.9,67.0,1016.4,
2024-04-10,8.1,6.0,10.9,0.0,,96,9.6,32.0,1029.3,
2024-04-11,9.2,1.8,16.7,0.0,,10,8.4,30.0,1033.6,
2024-04-12,12.2,4.0,21.0,0.0,,275,3.7,18.0,1033.0,
2024-04-13,15.1,5.7,25.0,0.0,,298,4.0,14.0,1028.4,
2024-04-14,17.9,9.9,26.0,0.0,,190,10.7,31.0,1021.9,
2024-04-15,14.9,11.8,19.2,8.7,,221,14.5,66.0,1012.4,
2024-04-16,7.7,4.4,12.4,5.5,,256,21.4,66.0,1012.4,
2024-04-17,5.3,3.3,7.9,3.3,,250,13.8,42.0,1012.5,
2024-04-18,3.5,1.1,6.8,15.1,,207,7.3,31.0,1017.6,
2024-04-19,4.0,0.9,6.1,11.4,,213,15.4,56.0,1019.6,
2024-04-20,4.4,2.2,8.1,11.2,,186,9.6,32.0,1019.9,
2024-04-21,2.5,0.2,4.6,8.9,,191,7.7,35.0,1021.0,
2024-04-22,2.6,-0.1,4.8,1.3,,7,11.8,36.0,1020.3,
2024-04-23,4.1,1.8,7.5,0.4,,32,12.2,36.0,1016.8,
2024-04-24,4.5,1.0,8.0,0.1,,239,11.3,45.0,1013.5,
2024-04-25,5.5,1.6,10.2,0.1,,246,9.2,40.0,1010.5,
2024-04-26,7.1,0.5,13.5,0.0,,326,5.6,28.0,1008.3,
2024-04-27,11.1,0.5,20.8,0.0,,87,9.8,41.0,1008.5,
2024-04-28,11.4,7.4,16.2,0.0,,272,14.0,54.0,1013.6,
2024-04-29,12.6,5.1,20.7,0.0,,15,6.8,29.0,1019.9,
2024-04-30,15.5,6.9,24.9,0.0,,291,7.2,41.0,1014.3,
2024-05-01,16.5,6.9,25.9,0.0,,25,9.3,39.0,1004.4,
2024-05-02,13.2,10.3,18.0,0.0,,237,12.8,69.0,1002.2,
2024-05-03,10.6,8.7,13.3,0.1,,244,11.9,39.0,1015.3,
2024-05-04,12.6,7.6,17.8,0.0,,337,5.5,24.0,1015.2,
2024-05-05,15.4,11.6,20.4,1.3,,240,14.3,51.0,1012.2,
2024-05-06,13.0,11.5,14.8,10.5,,258,7.9,31.0,1010.9,
2024-05-07,11.3,10.0,12.4,10.1,,244,4.6,18.0,1016.2,
2024-05-08,12.5,9.6,16.4,0.3,,352,8.6,34.0,1022.6,
2024-05-09,13.7,9.3,18.4,0.0,,34,14.8,43.0,1023.8,
2024-05-10,14.6,6.0,21.5,0.0,,23,11.1,30.0,1021.0,
2024-05-11,15.6,6.9,23.7,0.0,,355,6.3,22.2,1019.1,
2024-05-12,16.9,8.9,25.0,0.0,,314,5.0,17.0,1016.2,
2024-05-13,17.5,12.4,23.0,0.0,,132,5.4,22.2,1013.1,
2024-05-14,16.8,8.4,25.3,0.0,,338,8.9,50.0,1006.3,
2024-05-15,14.7,11.8,18.0,0.4,,318,7.7,61.0,1005.9,
2024-05-16,12.7,8.0,17.4,12.2,,239,8.9,36.0,1006.4,
2024-05-17,12.5,9.9,17.6,23.8,,235,14.8,38.9,1009.3,
2024-05-18,13.8,4.9,21.3,3.0,,212,8.5,38.0,1012.3,
2024-05-19,14.6,8.6,21.1,0.1,,179,7.8,28.0,1012.3,
2024-05-20,16.7,8.7,23.4,0.0,,10,8.1,27.8,1009.1,
2024-05-21,14.2,12.7,16.2,13.8,,219,10.7,49.0,1008.8,
2024-05-22,14.6,11.9,18.6,1.3,,239,9.4,32.0,1012.9,
2024-05-23,12.6,10.5,14.7,19.1,,206,6.7,28.0,1017.5,
2024-05-24,13.0,9.8,18.9,1.8,,170,6.0,67.0,1018.7,
2024-05-25,13.6,7.2,18.9,0.0,,120,5.8,24.0,1018.5,
2024-05-26,15.4,6.5,22.7,0.1,,310,5.2,31.0,1018.4,
2024-05-27,14.9,13.4,17.5,18.2,,238,5.5,26.0,1018.9,
2024-05-28,15.1,11.5,19.5,4.4,,220,7.8,26.0,1020.5,
2024-05-29,13.7,10.2,18.7,3.4,,284,6.5,30.0,1016.3,
2024-05-30,14.7,13.1,17.8,19.1,,234,10.5,35.0,1008.3,
2024-05-31,11.1,9.9,12.5,26.5,,230,12.7,39.0,1011.6,
2024-06-01,12.5,10.4,15.0,9.8,,177,7.0,23.0,1016.9,
2024-06-02,14.2,12.0,17.5,6.7,,184,5.7,22.0,1018.6,
2024-06-03,14.5,13.2,16.8,5.8,,301,7.5,24.0,1017.7,
2024-06-04,17.2,12.3,22.5,0.0,,344,6.4,20.4,1014.6,
2024-06-05,18.5,12.3,22.9,0.5,,218,6.6,31.5,1014.2,
2024-06-06,18.6,12.3,26.0,3.1,,255,9.7,50.0,1016.4,
2024-06-07,19.8,14.4,24.9,0.1,,227,8.0,27.0,1017.3,
2024-06-08,19.6,15.6,24.2,2.4,,236,7.1,41.0,1013.3,
2024-06-09,18.2,15.9,21.7,11.3,,50,9.0,40.0,1008.2,
2024-06-10,17.4,14.2,22.1,14.9,,268,11.8,37.0,1008.7,
2024-06-11,12.3,10.1,16.4,3.7,,75,7.0,31.0,1015.6,
2024-06-12,13.6,6.7,19.4,0.2,,5,7.3,29.0,1017.6,
2024-06-13,14.9,9.2,20.3,0.1,,337,6.6,29.0,1017.4,
2024-06-14,15.7,11.3,20.0,1.1,,192,9.0,47.0,1013.5,
2024-06-15,16.0,13.1,20.1,9.1,,263,9.3,34.0,1010.7,
2024-06-16,16.9,10.9,22.9,0.2,,271,7.2,40.0,1011.9,
2024-06-17,17.8,13.7,23.0,0.4,,322,8.2,31.0,1014.7,
2024-06-18,21.2,12.6,30.3,0.1,,312,6.5,33.0,1013.5,
2024-06-19,22.7,15.3,29.4,0.0,,343,8.5,47.0,1013.1,
2024-06-20,21.4,18.3,25.9,0.0,,340,8.3,30.0,1017.0,
2024-06-21,17.6,15.8,20.2,18.4,,72,8.1,51.0,1016.0,
2024-06-22,14.9,12.8,18.7,16.8,,191,8.7,45.0,1017.4,
2024-06-23,15.5,12.1,19.3,0.0,,46,6.6,33.0,1018.2,
2024-06-24,20.2,13.2,26.1,0.0,,25,15.5,50.0,1015.3,
2024-06-25,20.3,15.1,27.3,9.6,,6,10.6,48.0,1011.5,
2024-06-26,18.9,15.4,24.6,4.0,,193,6.6,27.0,1011.6,
2024-06-27,22.4,16.3,27.9,0.0,,201,9.4,37.0,1011.7,
2024-06-28,22.7,17.3,27.3,19.1,,181,8.6,52.0,1015.8,
2024-06-29,22.8,17.4,28.7,0.6,,17,8.0,52.0,1011.7,
2024-06-30,19.4,16.3,22.5,14.5,,259,13.2,51.0,1011.6,
2024-07-01,18.4,15.9,23.6,0.1,,256,10.2,67.0,1015.7,
2024-07-02,16.1,13.2,20.2,2.8,,291,10.0,35.0,1016.8,
2024-07-03,14.6,12.9,18.1,1.8,,239,8.1,31.0,1013.3,
2024-07-04,17.3,12.7,22.0,0.0,,232,13.9,49.0,1013.0,
2024-07-05,19.3,13.4,24.4,0.0,,260,7.4,26.0,1014.0,
2024-07-06,18.1,13.9,25.9,7.5,,260,9.3,48.0,1009.5,
2024-07-07,15.8,12.7,18.5,2.7,,63,7.8,28.0,1015.5,
2024-07-08,19.2,11.1,26.0,0.0,,340,5.4,24.0,1016.7,
2024-07-09,22.8,14.4,30.9,0.0,,335,4.8,20.4,1015.3,
2024-07-10,21.7,19.4,24.8,4.8,,208,6.3,24.1,1017.0,
2024-07-11,22.7,19.0,27.9,8.3,,223,6.5,32.0,1016.6,
2024-07-12,20.5,16.4,25.4,6.7,,223,8.4,48.0,1012.3,
2024-07-13,17.2,14.0,21.0,4.2,,174,7.9,24.0,1014.4,
2024-07-14,18.2,10.9,24.6,0.0,,279,4.7,36.0,1014.3,
2024-07-15,20.9,14.1,29.0,5.0,,321,6.1,66.0,1012.4,
2024-07-16,20.7,18.4,23.7,17.9,,237,9.3,34.0,1015.8,
2024-07-17,20.6,17.1,24.7,0.0,,45,6.4,24.0,1020.1,
2024-07-18,21.1,14.4,27.6,0.0,,339,6.9,20.4,1019.8,
2024-07-19,22.8,15.4,30.1,0.0,,303,5.1,25.0,1017.5,
2024-07-20,23.6,15.5,30.6,0.0,,259,4.6,22.0,1011.1,
2024-07-21,21.9,17.3,27.5,0.6,,241,9.7,57.0,1009.4,
2024-07-22,20.5,17.6,23.1,2.3,,204,7.7,30.0,1017.4,
2024-07-23,21.4,17.7,26.5,0.0,,283,9.3,39.0,1019.8,
2024-07-24,20.3,17.2,24.0,0.0,,322,7.9,36.0,1019.1,
2024-07-25,19.8,13.9,26.1,0.0,,335,6.7,22.2,1014.9,
2024-07-26,21.1,13.8,28.4,0.0,,320,5.1,26.0,1012.6,
2024-07-27,22.6,15.3,31.4,0.4,,298,6.8,36.0,1013.6,
2024-07-28,20.6,18.6,23.7,3.9,,24,9.2,25.0,1022.0,
2024-07-29,21.1,14.0,27.4,0.0,,0,10.4,28.0,1021.3,
2024-07-30,23.8,15.1,32.8,0.0,,308,4.3,16.7,1016.8,
2024-07-31,23.4,16.6,32.7,0.3,,325,8.2,57.0,1014.0,
2024-08-01,21.1,16.9,25.1,24.2,,205,8.4,51.0,1013.2,
2024-08-02,22.5,17.9,27.8,2.5,,291,8.2,33.0,1012.1,
2024-08-03,21.1,16.5,25.8,0.1,,262,7.1,28.0,1013.2,
2024-08-04,20.8,16.9,24.8,0.0,,289,9.1,30.0,1015.5,
2024-08-05,22.0,16.8,27.0,0.0,,338,5.1,17.0,1014.4,
2024-08-06,22.1,14.7,29.6,0.0,,313,5.6,29.0,1012.0,
2024-08-07,20.5,16.0,25.5,10.7,,196,6.0,41.0,1013.8,
2024-08-08,21.3,17.8,25.5,0.0,,289,7.1,28.0,1016.4,
2024-08-09,21.5,13.7,28.4,0.0,,289,6.2,26.0,1018.6,
2024-08-10,23.2,17.0,30.0,0.0,,291,4.6,18.5,1020.5,
2024-08-11,23.7,15.5,31.5,0.0,,3,7.0,29.0,1018.5,
2024-08-12,25.3,19.5,32.7,9.9,,292,8.3,62.0,1013.4,
2024-08-13,23.5,17.5,31.0,1.0,,344,6.6,31.0,1010.9,
2024-08-14,24.2,19.3,28.3,0.0,,248,9.8,40.0,1012.0,
2024-08-15,22.8,16.0,29.0,0.0,,21,6.2,22.0,1016.6,
2024-08-16,23.7,18.0,29.5,0.0,,300,6.1,27.0,1016.4,
2024-08-17,21.3,19.8,23.5,1.0,,155,5.8,23.0,1014.3,
2024-08-18,18.3,16.8,19.9,4.5,,235,8.4,32.0,1011.8,
2024-08-19,18.2,15.8,21.5,0.4,,71,10.7,37.0,1016.9,
2024-08-20,18.8,14.1,24.9,0.0,,300,6.4,37.0,1014.0,
2024-08-21,18.7,12.1,22.3,0.0,,276,9.3,39.0,1017.8,
2024-08-22,17.5,10.1,25.6,0.0,,317,5.4,26.0,1015.7,
2024-08-23,20.3,11.8,29.4,0.0,,258,7.5,36.0,1014.2,
2024-08-24,22.5,12.7,33.1,0.0,,199,6.1,22.0,1013.1,
2024-08-25,17.8,14.6,24.3,3.8,,315,9.4,49.0,1021.2,
2024-08-26,17.3,14.8,20.5,0.0,,33,9.3,27.8,1021.9,
2024-08-27,17.6,12.3,23.1,0.0,,30,10.4,33.3,1020.0,
2024-08-28,20.8,12.5,30.0,0.0,,120,3.9,16.7,1017.5,
2024-08-29,22.8,14.2,31.6,0.0,,147,4.1,24.1,1017.8,
2024-08-30,22.4,14.5,30.6,0.0,,325,5.2,20.4,1017.0,
2024-08-31,23.1,15.7,30.7,0.0,,1,7.0,20.4,1016.9,
2024-09-01,22.5,16.3,31.1,2.3,,294,7.2,24.1,1014.7,
2024-09-02,21.4,17.0,26.3,0.6,,172,5.5,24.1,1013.8,
2024-09-03,22.0,17.0,27.6,0.0,,117,5.1,22.0,1014.6,
2024-09-04,20.9,17.1,25.3,18.1,,79,7.7,42.0,1014.1,
2024-09-05,19.4,15.6,23.1,0.6,,307,11.6,38.0,1007.3,
2024-09-06,18.3,13.3,24.0,0.0,,273,5.6,24.0,1011.6,
2024-09-07,19.9,13.0,28.2,0.0,,9,6.5,25.9,1011.3,
2024-09-08,17.6,14.6,19.6,9.2,,241,7.0,24.0,1011.2,
2024-09-09,15.2,13.0,17.6,11.5,,221,12.0,44.0,1010.4,
2024-09-10,15.4,11.0,18.6,0.7,,256,11.7,46.0,1015.4,
2024-09-11,12.3,8.9,14.6,17.3,,223,12.0,47.0,1012.5,
2024-09-12,9.1,6.1,13.8,6.1,,260,6.9,33.0,1015.4,
2024-09-13,8.6,4.4,11.6,2.8,,297,6.3,41.0,1021.2,
2024-09-14,9.7,6.0,13.2,2.5,,346,5.9,19.0,1028.4,
2024-09-15,9.2,2.6,15.2,0.0,,8,8.7,36.0,1026.7,
2024-09-16,8.9,5.2,13.1,3.2,,189,5.3,23.0,1024.4,
2024-09-17,12.2,9.1,17.2,7.0,,103,11.4,44.0,1021.5,
2024-09-18,13.6,7.0,20.2,0.0,,47,11.0,44.0,1019.5,
2024-09-19,14.0,8.0,20.7,0.0,,50,7.8,32.0,1017.8,
2024-09-20,14.1,8.5,22.0,0.0,,5,4.1,20.0,1019.5,
2024-09-21,15.1,9.1,23.0,0.0,,326,3.9,17.0,1019.5,
2024-09-22,14.7,8.2,21.7,0.1,,340,3.5,14.0,1016.4,
2024-09-23,15.4,13.1,18.2,10.3,,216,8.1,29.0,1012.3,
2024-09-24,14.5,10.7,19.5,1.9,,211,12.6,46.0,1010.7,
2024-09-25,15.9,12.6,19.1,0.1,,212,12.1,42.0,1010.6,
2024-09-26,14.6,12.8,16.4,52.3,,207,8.7,41.0,1004.0,
2024-09-27,14.2,11.6,17.2,0.5,,240,15.8,58.0,1007.2,
2024-09-28,11.0,8.5,12.6,3.9,,241,12.2,50.0,1019.2,
2024-09-29,9.4,4.2,14.4,0.0,,25,9.2,39.0,1025.9,
2024-09-30,13.2,8.3,20.3,1.7,,267,8.5,57.0,1018.3,
2024-10-01,12.7,9.7,14.6,19.6,,222,5.9,23.0,1013.6,
2024-10-02,11.7,8.0,13.7,13.2,,311,9.9,35.0,1009.7,
2024-10-03,9.9,6.2,12.9,0.0,,3,14.4,36.0,1012.2,
2024-10-04,10.1,8.8,11.6,0.9,,23,15.4,41.0,1015.7,
2024-10-05,9.2,5.9,12.8,0.0,,355,7.8,29.6,1017.3,
2024-10-06,9.6,5.9,13.2,0.7,,146,5.0,22.0,1012.0,
2024-10-07,14.2,8.3,21.0,0.5,,143,7.3,21.0,1007.9,
2024-10-08,13.6,11.9,15.1,7.9,,198,6.6,21.0,1005.6,
2024-10-09,12.8,9.1,16.7,0.0,,347,7.3,28.0,999.3,
2024-10-10,14.0,11.2,16.5,7.1,,253,15.3,63.0,1002.1,
2024-10-11,11.0,6.2,14.4,2.3,,254,9.3,27.0,1015.9,
2024-10-12,9.3,6.0,12.5,9.5,,89,6.8,30.0,1016.7,
2024-10-13,13.8,10.7,17.2,5.7,,223,13.7,43.0,1017.9,
2024-10-14,12.8,9.1,19.9,0.0,,166,9.2,45.0,1019.5,
2024-10-15,13.0,9.1,15.1,2.5,,2,6.4,18.5,1019.5,
2024-10-16,13.6,12.5,15.0,0.0,,26,8.0,28.0,1014.8,
2024-10-17,13.9,10.2,18.3,0.0,,308,5.2,17.0,1014.8,
2024-10-18,13.2,9.6,16.2,0.0,,213,6.8,28.0,1014.5,
2024-10-19,11.6,8.1,14.7,0.0,,150,4.2,16.0,1019.6,
2024-10-20,12.3,9.1,14.9,0.0,,310,4.5,15.0,1023.7,
2024-10-21,10.9,6.7,17.9,0.1,,40,3.4,12.0,1027.6,
2024-10-22,14.4,10.3,19.2,1.7,,211,8.4,21.0,1028.6,
2024-10-23,12.0,10.9,13.2,15.4,,15,12.0,28.0,1032.0,
2024-10-24,12.0,9.6,15.4,0.0,,305,5.3,17.0,1027.0,
2024-10-25,10.3,9.1,12.1,0.0,,69,4.8,17.0,1022.6,
2024-10-26,11.1,10.3,12.0,0.0,,42,7.6,23.0,1019.1,
2024-10-27,12.4,7.7,17.5,0.0,,267,5.8,20.0,1022.6,
2024-10-28,10.0,7.6,14.4,0.1,,291,4.5,11.0,1028.1,
2024-10-29,10.1,8.3,11.7,0.2,,327,3.7,12.0,1028.5,
2024-10-30,10.0,8.9,10.9,0.2,,33,4.7,16.0,1028.3,
2024-10-31,10.4,9.3,11.6,0.0,,122,5.7,16.0,1028.5,
2024-11-01,9.9,6.9,14.1,0.0,,192,6.9,17.0,1027.0,
2024-11-02,7.3,4.5,9.2,0.0,,2,10.3,27.0,1028.8,
2024-11-03,8.4,7.4,9.7,0.0,,351,6.2,22.0,1030.2,
2024-11-04,7.9,7.4,8.9,0.0,,46,6.3,25.0,1028.4,
2024-11-05,8.0,5.3,11.7,0.0,,266,5.0,15.0,1027.2,
2024-11-06,7.6,5.1,13.0,0.1,,306,4.5,15.0,1029.9,
2024-11-07,9.3,8.1,10.3,0.0,,14,9.6,23.0,1030.2,
2024-11-08,8.1,4.5,10.6,0.0,,326,5.7,15.0,1027.3,
2024-11-09,7.2,5.5,8.4,0.0,,113,4.1,14.0,1027.3,
2024-11-10,6.8,6.4,7.3,0.0,,51,6.9,35.0,1028.1,
2024-11-11,6.0,5.2,6.8,7.6,,356,7.7,21.0,1029.5,
2024-11-12,5.6,3.0,6.9,1.3,,43,11.4,39.0,1026.7,
2024-11-13,3.4,3.0,4.1,0.1,,357,9.4,24.1,1030.2,
2024-11-14,2.9,0.0,5.0,0.0,,11,7.0,23.0,1030.1,
2024-11-15,3.8,0.0,9.0,0.0,,64,4.9,28.0,1028.0,
2024-11-16,2.1,-2.0,6.0,0.0,,189,7.9,21.0,1023.8,
2024-11-17,5.2,1.0,8.0,0.0,,230,10.0,36.0,1018.4,
2024-11-18,7.4,4.7,9.4,0.0,,251,9.0,40.8,1016.5,
2024-11-19,8.6,6.7,10.8,6.7,,221,20.6,64.0,1006.8,
2024-11-20,4.0,1.6,9.4,13.0,,252,16.2,59.3,1006.2,
2024-11-21,0.6,-1.0,2.5,8.1,,241,11.4,37.0,1002.9,
2024-11-22,-0.7,-3.0,1.0,4.6,,238,11.4,43.0,1011.9,
2024-11-23,1.2,-1.9,3.9,0.0,,179,8.8,41.0,1025.5,
2024-11-24,5.6,0.9,10.2,0.0,,151,11.7,37.0,1023.5,
2024-11-25,6.9,-1.8,15.6,0.0,,157,7.9,27.0,1017.0,
2024-11-26,8.4,2.6,11.1,8.0,,223,8.2,30.0,1022.9,
2024-11-27,5.3,0.8,10.9,0.0,,213,4.7,21.0,1024.4,
2024-11-28,5.9,-0.7,9.7,12.6,,310,11.2,51.0,1026.6,
2024-11-29,1.9,-0.3,5.1,0.0,,26,9.8,32.0,1032.9,
2024-11-30,1.1,0.0,2.1,0.0,,15,7.1,36.0,1032.3,
2024-12-01,1.1,-2.0,4.8,0.0,,194,7.6,24.0,1028.9,
2024-12-02,4.5,-0.6,8.1,7.3,,8,5.9,26.0,1022.1,
2024-12-03,5.7,2.6,7.5,0.5,,343,8.0,19.0,1021.4,
2024-12-04,3.3,1.4,5.6,3.4,,359,7.6,19.0,1026.8,
2024-12-05,1.8,-0.7,5.2,0.4,,205,7.0,32.0,1026.8,
2024-12-06,7.5,4.8,8.8,19.9,,233,20.1,60.0,1017.8,
2024-12-07,6.7,4.0,8.3,6.6,,180,11.0,51.0,1010.5,
2024-12-08,4.3,3.2,5.4,1.3,,230,7.4,27.8,1006.5,
2024-12-09,3.4,2.7,3.9,2.6,,30,18.2,37.0,1015.1,
2024-12-10,2.7,2.1,3.2,0.0,,53,16.5,35.2,1022.4,
2024-12-11,2.4,2.2,2.9,0.0,,61,9.6,27.8,1027.8,
2024-12-12,2.0,1.1,2.9,0.0,,101,9.4,23.0,1030.2,
2024-12-13,0.8,-0.1,1.9,0.0,,80,6.1,22.0,1029.0,
2024-12-14,1.9,-0.1,4.0,3.5,,205,6.5,24.0,1025.3,
2024-12-15,3.1,1.5,4.6,0.0,,254,8.0,31.0,1034.0,
2024-12-16,3.6,0.2,8.7,0.0,,196,7.3,22.0,1039.1,
2024-12-17,2.6,-0.2,8.6,0.0,,156,6.2,19.0,1033.0,
2024-12-18,5.0,0.4,8.9,0.0,,164,9.3,27.0,1025.6,
2024-12-19,5.8,1.7,10.7,3.2,,203,17.2,78.0,1011.6,
2024-12-20,1.6,-3.0,3.4,0.1,,238,8.9,31.5,1024.3,
2024-12-21,2.9,-0.6,5.7,1.5,,201,14.0,46.0,1025.2,
2024-12-22,4.0,0.2,7.2,19.7,,235,19.1,72.0,1010.7,
2024-12-23,1.3,0.4,2.6,1.3,,222,8.4,33.0,1016.5,
2024-12-24,1.6,-1.1,3.3,0.0,,176,5.0,28.0,1030.1,
2024-12-25,0.1,-2.1,2.7,0.0,,57,7.5,21.0,1037.0,
2024-12-26,-1.1,-3.6,1.5,0.0,,79,7.1,22.0,1036.8,
2024-12-27,-1.0,-1.8,-0.1,0.0,,209,6.1,15.0,1036.2,
2024-12-28,-1.2,-2.0,-0.1,0.0,,218,5.7,13.0,1034.0,
2024-12-29,-1.1,-2.3,2.1,0.0,,201,6.2,14.8,1033.3,
2024-12-30,-2.2,-3.0,-1.4,0.0,,172,4.3,14.0,1034.5,
2024-12-31,-1.8,-3.0,1.8,0.0,,179,8.5,18.0,1033.9,
2025-01-01,0.3,-2.9,6.5,0.0,,146,10.0,27.0,1028.8,
2025-01-02,5.4,0.4,9.5,18.2,,242,21.6,94.0,1017.4,
2025-01-03,0.0,-4.3,1.8,0.2,,275,6.7,26.0,1024.0,
2025-01-04,-3.8,-6.2,-0.8,11.0,,328,4.6,19.0,1023.0,
2025-01-05,3.6,-0.7,5.9,24.7,,147,13.9,33.0,1008.3,
2025-01-06,5.9,0.3,11.0,10.0,,200,12.4,56.0,1001.4,
2025-01-07,5.2,3.3,7.3,3.7,,226,15.9,75.0,1008.8,
2025-01-08,6.7,1.7,11.6,7.2,,179,16.0,58.0,1006.6,
2025-01-09,7.8,2.0,11.4,6.7,,219,21.1,84.0,1006.3,
2025-01-10,1.3,-0.8,2.9,0.1,,274,7.8,29.0,1021.4,
2025-01-11,-1.7,-4.6,2.0,0.0,,350,8.5,27.0,1026.2,
2025-01-12,-2.5,-6.3,1.9,0.0,,3,8.3,27.0,1037.3,
2025-01-13,-3.2,-6.0,-0.8,0.0,,7,12.7,43.0,1040.1,
2025-01-14,-3.3,-6.0,0.3,0.0,,37,6.5,25.0,1037.0,
2025-01-15,-1.6,-7.8,1.9,0.0,,325,7.7,39.0,1034.0,
2025-01-16,2.3,1.5,3.6,0.0,,50,15.8,41.0,1034.7,
2025-01-17,0.8,-0.2,1.6,0.0,,49,10.6,29.0,1036.4,
2025-01-18,-0.4,-1.3,0.4,0.0,,49,10.7,30.0,1031.6,
2025-01-19,-1.2,-2.1,0.2,0.0,,91,4.7,22.0,1024.4,
2025-01-20,-2.5,-4.4,-0.6,0.0,,327,3.8,13.0,1022.4,
2025-01-21,-1.9,-3.1,-0.5,0.0,,313,3.9,13.0,1020.3,
2025-01-22,-0.8,-2.0,1.0,0.4,,318,4.8,15.0,1013.7,
2025-01-23,3.4,-0.5,6.4,2.8,,207,9.0,47.0,1012.5,
2025-01-24,5.2,0.5,10.0,0.0,,184,8.9,31.0,1015.6,
2025-01-25,7.3,1.5,15.5,0.0,,188,6.5,28.0,1011.2,
2025-01-26,7.1,4.9,10.1,1.1,,217,13.5,65.0,1011.9,
2025-01-27,6.4,4.5,8.9,34.1,,174,9.5,54.0,1004.8,
2025-01-28,5.8,4.8,8.0,7.0,,200,12.2,43.0,1002.7,
2025-01-29,6.0,-0.8,9.7,0.1,,222,18.1,57.4,1011.3,
2025-01-30,2.6,-2.4,7.7,0.1,,285,5.2,18.0,1017.9,
2025-01-31,4.1,3.1,5.5,0.8,,12,8.8,23.0,1027.8,
2025-02-01,1.8,1.1,3.1,0.0,,8,12.1,31.0,1028.5,
2025-02-02,1.6,0.8,2.7,0.0,,2,6.7,20.0,1025.3,
2025-02-03,1.3,0.6,1.8,0.0,,357,7.8,21.0,1028.6,
2025-02-04,1.0,-2.8,4.2,0.0,,298,4.8,13.0,1031.4,
2025-02-05,-1.9,-4.5,0.9,0.0,,339,4.0,13.0,1038.9,
2025-02-06,0.9,-0.9,2.2,0.0,,51,8.5,32.0,1036.0,
2025-02-07,1.7,-1.7,5.0,0.0,,38,10.3,30.0,1025.4,
2025-02-08,0.9,-3.8,8.2,0.0,,356,5.0,17.0,1023.1,
2025-02-09,3.8,-0.1,8.0,0.0,,228,4.3,17.0,1027.2,
2025-02-10,2.4,-1.8,5.9,3.6,,324,5.4,17.0,1024.9,
2025-02-11,5.6,3.9,6.9,13.8,,187,4.6,18.0,1021.6,
2025-02-12,7.5,4.6,10.2,1.2,,186,6.0,20.4,1018.4,
2025-02-13,5.8,2.2,8.0,5.4,,254,9.6,41.0,1017.6,
2025-02-14,-0.5,-3.4,2.2,2.2,,356,11.4,30.0,1024.0,
2025-02-15,-1.9,-3.9,0.4,0.0,,45,8.4,37.0,1023.4,
2025-02-16,-0.6,-3.1,1.9,0.0,,13,6.4,18.5,1018.7,
2025-02-17,0.4,-0.5,1.2,0.0,,39,11.5,30.0,1021.5,
2025-02-18,0.3,-0.9,1.8,0.0,,44,12.1,31.0,1023.9,
2025-02-19,-0.3,-2.4,4.1,0.0,,335,7.3,27.0,1025.9,
2025-02-20,2.2,-2.6,10.3,0.0,,262,4.1,14.0,1028.7,
2025-02-21,3.7,-2.0,12.9,0.0,,315,3.4,13.0,1026.0,
2025-02-22,6.5,0.4,15.7,0.0,,197,4.9,22.0,1022.4,
2025-02-23,7.7,5.7,10.1,1.4,,53,4.4,14.0,1030.3,
2025-02-24,7.9,5.9,11.3,0.0,,156,5.7,17.0,1026.5,
2025-02-25,7.5,5.7,9.8,0.6,,201,9.0,65.0,1016.6,
2025-02-26,4.9,1.4,7.3,1.3,,226,17.2,71.0,1020.6,
2025-02-27,3.0,-0.9,6.5,1.8,,163,9.7,26.0,1021.5,
2025-02-28,2.5,-4.2,6.3,0.0,,315,6.8,25.0,1024.5,
2025-03-01,3.5,1.9,5.0,0.0,,32,17.3,47.0,1027.2,
2025-03-02,4.0,1.7,9.1,0.0,,51,12.6,40.0,1030.5,
2025-03-03,2.7,-3.9,10.8,0.0,,301,5.1,15.0,1029.3,
2025-03-04,3.7,-3.5,13.4,0.0,,323,4.3,20.0,1027.2,
2025-03-05,5.1,-3.0,15.3,0.0,,356,2.5,13.0,1026.4,
2025-03-06,6.4,-2.1,16.5,0.0,,84,3.3,13.0,1023.2,
2025-03-07,6.2,-2.4,15.9,0.0,,339,4.3,18.0,1019.8,
2025-03-08,6.6,-3.1,17.0,0.0,,321,5.0,24.0,1013.8,
2025-03-09,8.5,-0.9,18.1,0.0,,336,6.8,23.0,1004.9,
2025-03-10,7.7,2.6,13.6,0.0,,296,7.0,27.8,1003.1,
2025-03-11,7.1,-0.5,14.8,0.0,,283,4.0,21.0,1003.3,
2025-03-12,5.9,1.8,9.0,3.3,,285,6.6,22.2,998.7,
2025-03-13,5.6,3.4,9.0,1.5,,308,8.4,33.3,997.4,
2025-03-14,4.2,1.3,7.1,0.0,,19,11.6,27.8,1005.0,
2025-03-15,5.2,4.1,6.8,0.0,,44,20.6,35.2,1008.6,
2025-03-16,3.7,2.9,4.8,4.4,,355,7.0,24.1,1016.3,
2025-03-17,4.8,2.6,9.5,0.0,,33,19.3,25.9,1023.0,
2025-03-18,3.8,-1.8,9.9,,,28,12.7,31.5,1025.5,
2025-03-19,5.6,-3.2,15.7,,,331,4.0,22.2,1027.0,
2025-03-20,8.1,-1.1,18.5,0.0,,307,3.9,20.4,1025.0,
2025-03-21,9.8,1.8,17.2,0.0,,351,7.2,36.0,1015.7,
2025-03-22,13.5,6.1,20.4,0.0,,132,7.9,30.0,1004.6,
2025-03-23,10.6,8.0,14.1,1.5,,266,7.1,26.0,1005.6,
2025-03-24,10.6,6.4,15.6,2.5,,346,7.0,35.0,1013.2,
2025-03-25,9.4,6.5,13.7,4.7,,131,6.2,26.0,1019.2,
2025-03-26,9.2,7.2,12.8,2.1,,39,5.3,24.0,1020.1,
2025-03-27,8.2,4.6,11.2,3.8,,38,15.8,44.5,1018.7,
2025-03-28,8.2,3.2,11.3,0.0,,12,6.2,26.0,1012.7,
2025-03-29,8.7,7.2,11.0,6.3,,328,9.7,32.0,1014.8,
2025-03-30,9.4,3.5,14.4,0.0,,249,10.9,36.0,1020.5,
2025-03-31,8.5,5.5,10.9,0.0,,343,11.8,35.0,1023.1,
2025-04-01,7.1,3.3,11.1,0.0,,59,32.0,83.0,1020.5,
2025-04-02,10.8,5.2,17.4,0.0,,54,21.0,71.0,1015.8,
2025-04-03,11.2,2.2,19.6,0.0,,1,10.0,34.0,1020.2,
2025-04-04,11.9,3.1,20.5,0.0,,25,7.6,27.0,1017.8,
2025-04-05,12.9,2.9,20.6,0.0,,0,6.8,30.0,1013.6,
2025-04-06,9.1,5.6,13.4,0.0,,37,21.2,51.8,1018.3,
2025-04-07,6.6,-1.1,13.3,0.0,,36,13.5,50.0,1022.3,
2025-04-08,7.5,-1.2,15.2,0.0,,10,9.3,28.0,1024.4,
2025-04-09,9.1,0.3,16.3,0.0,,22,8.8,32.0,1021.8,
2025-04-10,10.3,1.0,17.8,0.0,,350,6.2,31.0,1024.7,
2025-04-11,11.1,1.0,20.9,0.0,,329,3.5,17.0,1021.1,
2025-04-12,13.2,5.3,20.4,0.0,,333,5.9,19.0,1012.3,
2025-04-13,13.5,10.9,16.9,0.5,,220,8.0,30.0,1009.8,
2025-04-14,15.0,11.0,19.5,0.8,,50,9.9,32.0,1008.3,
2025-04-15,13.8,7.8,19.8,0.0,,298,6.8,24.1,1001.4,
2025-04-16,10.3,6.8,15.7,1.5,,261,10.1,29.6,1007.4,
2025-04-17,8.4,6.4,10.0,1.9,,279,8.1,20.4,1009.3,
2025-04-18,7.5,3.6,10.6,0.2,,292,6.8,25.9,1015.2,
2025-04-19,10.1,-0.2,20.9,0.0,,352,7.8,20.4,1008.9,
2025-04-20,9.5,3.8,14.8,0.1,,270,10.1,22.2,1008.3,
2025-04-21,9.9,4.4,16.2,0.0,,227,9.9,49.0,1013.3,
2025-04-22,12.4,4.8,18.7,0.0,,300,5.2,24.0,1018.0,
2025-04-23,11.0,4.7,18.9,17.0,,289,8.3,59.0,1015.9,
2025-04-24,10.2,8.7,13.5,0.7,,232,8.0,50.0,1017.8,
2025-04-25,10.0,8.5,13.6,24.5,,177,6.6,29.0,1018.2,
2025-04-26,11.7,9.4,15.4,0.0,,26,13.1,40.0,1017.4,
2025-04-27,11.7,6.2,17.8,0.0,,12,8.3,30.0,1021.2,
2025-04-28,14.4,5.4,22.1,0.0,,2,8.6,28.0,1023.4,
2025-04-29,16.4,7.7,24.0,0.0,,30,10.0,37.0,1022.6,
2025-04-30,16.3,6.3,24.4,0.0,,20,6.9,32.0,1021.2,
2025-05-01,16.9,7.4,25.5,0.0,,4,2.9,18.5,1019.4,
2025-05-02,18.0,7.4,28.0,0.0,,21,4.5,21.0,1017.1,
2025-05-03,17.8,14.1,22.3,2.2,,205,9.9,41.0,1013.5,
2025-05-04,14.0,10.3,18.6,10.3,,299,11.7,37.0,1009.5,
2025-05-05,8.2,7.0,9.8,15.5,,27,17.8,49.0,1010.2,
2025-05-06,8.6,6.9,11.0,1.5,,37,17.6,44.0,1014.2,
2025-05-07,10.3,7.3,12.6,0.0,,31,13.3,42.0,1014.1,
2025-05-08,11.0,8.0,15.2,0.0,,28,12.5,38.0,1013.2,
2025-05-09,10.6,5.1,15.8,0.0,,41,15.2,40.0,1016.2,
2025-05-10,11.9,3.6,20.0,0.0,,353,7.4,22.2,1018.0,
2025-05-11,15.1,5.6,22.4,0.0,,17,11.5,32.0,1012.7,
2025-05-12,14.8,10.4,21.1,0.7,,309,9.6,41.0,1011.9,
2025-05-13,14.5,9.6,19.8,0.0,,80,7.0,29.6,1015.6,
2025-05-14,14.4,5.4,21.4,0.0,,311,4.5,23.0,1016.4,
2025-05-15,14.6,7.1,22.3,0.0,,149,11.5,43.0,1014.0,
2025-05-16,12.7,6.7,17.5,0.0,,45,12.3,40.0,1017.2,
2025-05-17,13.4,8.3,18.2,0.0,,322,5.7,26.0,1015.8,
2025-05-18,13.8,6.6,20.2,0.0,,316,5.8,30.0,1016.2,
2025-05-19,15.3,5.6,23.0,0.0,,6,7.4,25.9,1016.1,
2025-05-20,16.1,11.9,21.7,6.8,,305,6.5,28.0,1015.0,
2025-05-21,14.4,11.7,18.0,7.4,,193,8.4,28.0,1014.6,
2025-05-22,11.3,10.1,12.5,5.5,,215,7.2,25.0,1013.3,
2025-05-23,11.9,8.4,16.3,0.1,,254,9.6,32.0,1016.9,
2025-05-24,12.4,7.6,17.7,0.4,,303,7.3,31.0,1019.4,
2025-05-25,14.3,10.1,19.2,1.4,,202,9.7,35.0,1017.9,
2025-05-26,14.3,12.8,16.3,1.7,,231,9.0,36.0,1019.9,
2025-05-27,14.1,9.7,18.4,0.0,,207,7.1,31.0,1022.3,
2025-05-28,14.3,11.5,17.1,5.1,,210,10.0,39.0,1021.7,
2025-05-29,15.8,10.0,22.0,4.2,,249,8.1,26.0,1024.2,
2025-05-30,18.4,8.0,27.0,0.0,,31,3.3,22.0,1022.5,
2025-05-31,20.7,10.0,30.0,0.0,,262,5.7,25.0,1018.8,
2025-06-01,20.6,16.0,28.0,4.0,,212,10.1,45.0,1016.6,
2025-06-02,17.5,15.8,21.4,6.1,,214,7.8,35.0,1017.3,
2025-06-03,18.0,15.1,23.5,4.0,,355,5.3,38.0,1015.5,
2025-06-04,16.5,12.3,21.4,11.3,,327,6.6,72.0,1012.5,
2025-06-05,17.3,14.6,20.7,0.4,,207,8.1,34.0,1014.6,
2025-06-06,19.2,16.5,23.4,2.9,,225,12.9,43.0,1014.6,
2025-06-07,16.1,14.6,17.5,30.6,,208,7.9,36.0,1015.3,
2025-06-08,15.9,11.6,19.3,0.2,,249,13.7,52.0,1018.0,
2025-06-09,15.5,9.4,21.7,0.0,,314,5.8,18.5,1023.6,
2025-06-10,16.9,8.1,24.4,0.0,,285,6.9,27.8,1019.9,
2025-06-11,19.1,10.1,25.9,0.0,,27,7.3,24.1,1018.7,
2025-06-12,21.3,12.8,29.3,0.0,,340,7.5,23.0,1016.4,
2025-06-13,23.7,14.2,31.7,0.0,,7,8.1,27.0,1018.2,
2025-06-14,24.9,17.3,32.1,0.0,,306,7.7,28.0,1018.2,
2025-06-15,21.1,16.2,28.2,7.9,,203,8.0,28.0,1019.5,
2025-06-16,18.7,15.7,22.0,0.0,,42,12.2,35.0,1025.4,
2025-06-17,19.4,12.5,25.1,0.0,,22,14.0,48.0,1023.6,
2025-06-18,20.4,11.6,27.9,0.0,,323,5.2,18.5,1022.0,
2025-06-19,22.1,12.9,28.6,0.0,,26,10.2,35.2,1021.2,
2025-06-20,22.6,15.1,28.2,0.0,,27,14.4,35.2,1020.7,
2025-06-21,21.5,12.8,29.0,0.0,,19,8.4,27.0,1019.6,
2025-06-22,23.3,13.0,31.9,0.0,,233,6.7,27.8,1017.8,
2025-06-23,24.0,20.3,28.2,7.6,,237,12.5,57.0,1014.9,
2025-06-24,21.9,14.0,28.1,0.0,,259,9.0,33.3,1016.7,
2025-06-25,23.7,14.6,32.0,0.0,,181,4.9,22.2,1014.7,
2025-06-26,21.4,17.3,26.0,2.5,,220,10.5,55.0,1016.7,
2025-06-27,22.0,15.6,28.0,0.0,,235,9.1,27.0,1023.1,
2025-06-28,23.6,15.7,30.2,0.0,,327,4.7,22.0,1024.5,
2025-06-29,25.7,16.3,32.9,0.0,,31,7.9,27.8,1021.1,
2025-06-30,25.4,18.1,32.2,0.0,,27,9.3,40.0,1016.8,
2025-07-01,26.0,20.2,31.9,0.5,,124,8.1,38.0,1015.8,
2025-07-02,26.4,18.2,33.9,0.0,,141,6.7,31.0,1014.7,
2025-07-03,23.7,18.3,28.3,0.0,,324,10.0,47.0,1020.0,
2025-07-04,22.3,18.6,27.3,30.1,,342,7.3,29.0,1022.6,
2025-07-05,21.9,14.6,28.4,0.0,,306,7.0,34.0,1017.4,
2025-07-06,19.6,14.8,24.9,0.4,,250,9.2,53.0,1011.9,
2025-07-07,15.4,14.1,18.6,5.6,,225,11.7,57.0,1009.1,
2025-07-08,13.5,11.4,17.6,7.1,,245,11.5,48.0,1015.2,
2025-07-09,15.9,11.2,21.3,0.0,,277,6.5,20.4,1021.6,
2025-07-10,17.1,8.6,23.7,0.0,,1,6.8,28.0,1021.0,
2025-07-11,18.6,9.9,25.4,0.0,,6,5.5,22.0,1016.9,
2025-07-12,19.9,11.8,26.2,0.0,,311,8.7,31.0,1013.0,
2025-07-13,21.0,11.6,28.7,0.0,,224,9.7,41.0,1011.8,
2025-07-14,21.4,17.6,25.9,5.2,,205,11.3,44.0,1018.0,
2025-07-15,20.7,18.0,25.0,8.8,,215,11.0,38.0,1019.3,
2025-07-16,19.3,16.1,22.1,0.0,,240,11.0,40.0,1018.0,
2025-07-17,18.2,12.4,23.9,12.2,,287,6.8,43.0,1018.0,
2025-07-18,19.4,11.2,27.5,0.0,,336,4.6,19.0,1014.5,
2025-07-19,19.1,13.0,28.0,4.3,,338,7.2,64.0,1010.9,
2025-07-20,20.3,15.3,27.9,13.1,,320,5.9,25.0,1007.7,
2025-07-21,18.5,16.7,21.7,11.2,,159,9.4,38.0,1009.2,
2025-07-22,19.2,15.2,23.2,2.1,,251,12.3,40.0,1014.3,
2025-07-23,19.3,12.7,24.5,0.0,,314,5.8,31.0,1014.2,
2025-07-24,17.8,16.1,20.3,13.4,,204,7.2,22.2,1013.7,
2025-07-25,17.0,14.5,21.6,4.5,,10,6.5,27.0,1016.1,
2025-07-26,17.0,15.0,22.3,27.7,,305,6.2,24.0,1016.1,
2025-07-27,17.4,15.3,22.1,13.5,,202,8.0,49.0,1014.8,
2025-07-28,14.9,14.1,16.0,11.4,,233,9.0,31.0,1015.8,
2025-07-29,16.5,13.3,21.2,1.3,,195,7.9,28.0,1019.4,
2025-07-30,15.7,10.4,20.5,0.7,,193,8.0,38.0,1018.8,
2025-07-31,17.8,14.7,22.4,1.0,,187,7.8,29.6,1018.5,
2025-08-01,18.7,14.3,23.8,1.4,,199,10.0,52.0,1013.7,
2025-08-02,15.2,13.8,17.9,18.1,,216,9.5,35.0,1014.7,
2025-08-03,16.2,12.4,20.2,0.0,,294,5.0,22.0,1020.2,
2025-08-04,17.5,12.8,23.7,0.1,,228,5.9,20.0,1022.1,
2025-08-05,19.7,13.0,27.0,0.1,,211,9.5,45.0,1020.0,
2025-08-06,17.4,11.6,22.9,0.0,,8,11.3,36.0,1023.1,
2025-08-07,19.3,10.7,28.1,0.0,,299,6.0,26.0,1019.1,
2025-08-08,22.1,12.5,30.2,0.0,,287,5.7,29.0,1019.2,
2025-08-09,23.3,14.1,32.7,0.0,,294,4.6,24.0,1019.7,
2025-08-10,23.7,17.0,29.6,0.0,,28,6.8,36.0,1022.5,
2025-08-11,22.5,14.8,29.2,0.0,,14,10.7,32.0,1020.3,
2025-08-12,24.3,15.4,32.5,0.0,,270,6.1,21.0,1016.6,
2025-08-13,25.2,16.7,33.5,0.0,,115,4.4,17.0,1016.0,
2025-08-14,24.7,18.0,31.6,0.0,,63,6.4,30.0,1017.4,
2025-08-15,23.0,17.4,31.9,0.0,,181,4.7,24.0,1019.8,
2025-08-16,22.7,17.4,28.4,0.0,,344,7.3,32.0,1018.6,
2025-08-17,20.8,15.8,26.0,0.0,,357,9.5,23.0,1017.5,
2025-08-18,19.9,12.9,26.4,0.0,,7,10.2,29.6,1016.3,
2025-08-19,20.8,12.8,29.3,0.0,,281,5.7,29.0,1013.0,
2025-08-20,19.9,17.0,22.0,6.6,,252,7.9,28.0,1009.7,
2025-08-21,16.6,15.6,18.2,37.3,,250,8.5,25.0,1009.4,
2025-08-22,18.5,15.1,23.4,0.4,,302,8.2,24.1,1015.4,
2025-08-23,16.1,12.0,20.5,0.0,,321,7.7,22.2,1018.4,
2025-08-24,15.9,9.6,22.1,0.0,,1,6.3,24.0,1018.8,
2025-08-25,16.4,8.2,24.5,0.0,,301,4.2,20.0,1018.0,
2025-08-26,19.9,10.8,28.5,0.0,,221,6.6,33.0,1013.9,
2025-08-27,20.9,17.9,26.1,2.4,,184,7.5,39.0,1012.1,
2025-08-28,17.7,15.6,18.9,6.0,,201,7.0,36.0,1008.3,
2025-08-29,17.4,14.1,22.1,10.3,,191,7.5,28.0,1006.8,
2025-08-30,16.3,13.8,19.9,0.3,,238,11.5,36.0,1011.6,
2025-08-31,16.8,9.4,24.1,0.0,,117,5.0,22.0,1012.7,
2025-09-01,16.6,13.3,19.4,8.3,,228,7.4,64.0,1010.9,
2025-09-02,15.7,12.4,20.0,0.1,,205,7.5,31.0,1013.7,
2025-09-03,18.1,13.1,24.6,0.0,,161,7.5,24.1,1014.2,
2025-09-04,17.2,13.9,22.0,30.1,,44,8.9,73.0,1015.8,
2025-09-05,14.8,11.1,18.8,3.4,,198,7.1,33.0,1022.2,
2025-09-06,14.8,8.3,21.6,0.1,,21,9.5,33.0,1022.9,
2025-09-07,15.7,8.1,24.1,0.0,,355,4.5,18.0,1018.4,
2025-09-08,17.2,12.7,22.4,0.0,,340,6.5,28.0,1016.6,
2025-09-09,16.6,13.2,19.6,7.0,,274,8.3,36.0,1014.6,
2025-09-10,15.7,12.4,19.2,2.9,,12,6.4,21.0,1010.8,
2025-09-11,15.9,12.1,19.5,1.1,,221,9.4,38.9,1013.1,
2025-09-12,13.9,10.9,17.2,1.6,,171,7.2,24.1,1019.9,
2025-09-13,13.8,7.8,19.9,0.0,,280,5.9,37.0,1020.1,
2025-09-14,17.0,13.7,21.0,8.2,,218,11.4,56.0,1017.9,
2025-09-15,20.7,17.1,25.9,0.0,,237,20.5,62.0,1016.6,
2025-09-16,15.8,13.0,18.6,0.0,,263,13.5,47.0,1022.9,
2025-09-17,15.2,11.6,19.9,0.0,,197,5.3,22.2,1025.0,
2025-09-18,16.3,8.9,25.1,0.0,,213,4.9,20.0,1025.6,
2025-09-19,16.4,8.1,26.1,0.0,,285,3.8,13.0,1025.7,
2025-09-20,19.2,11.4,27.8,0.0,,297,4.6,22.0,1020.0,
2025-09-21,18.6,15.1,24.1,15.1,,255,7.6,30.0,1014.4,
2025-09-22,13.6,11.6,16.2,10.6,,357,12.8,33.3,1013.7,
2025-09-23,11.1,10.2,12.0,7.7,,355,12.2,33.0,1017.5,
2025-09-24,11.7,10.6,12.9,2.5,,326,7.5,21.0,1016.6,
2025-09-25,12.0,9.8,14.6,0.1,,260,6.2,22.0,1018.3,
2025-09-26,11.4,8.9,14.2,2.8,,299,5.7,24.1,1019.3,
2025-09-27,10.8,8.0,12.8,10.9,,219,4.5,16.0,1021.9,
2025-09-28,12.0,7.1,16.3,0.0,,1,6.9,25.9,1021.2,
2025-09-29,12.6,9.5,17.3,0.0,,326,6.3,19.0,1021.5,
2025-09-30,11.1,7.3,15.8,0.3,,261,4.6,45.0,1023.3,
2025-10-01,10.3,6.9,14.5,0.1,,8,10.8,33.3,1026.5,
2025-10-02,7.7,2.4,13.9,0.0,,7,10.7,36.0,1027.5,
2025-10-03,6.7,0.9,11.9,0.0,,357,4.6,17.0,1023.7,
2025-10-04,12.8,7.9,21.8,2.1,,206,16.3,82.0,1012.8,
2025-10-05,9.5,7.6,12.0,4.8,,233,15.1,51.0,1019.4,
2025-10-06,10.1,7.7,13.0,0.4,,223,9.3,28.0,1027.2,
2025-10-07,12.4,9.2,17.4,0.0,,79,6.6,25.0,1026.5,
2025-10-08,11.0,7.4,15.7,0.0,,333,4.7,15.0,1022.8,
2025-10-09,12.1,9.8,15.7,0.0,,18,6.6,18.5,1024.5,
2025-10-10,11.8,7.7,16.2,0.0,,22,10.9,30.0,1031.0,
2025-10-11,11.5,8.0,15.6,0.0,,42,9.9,41.0,1032.5,
2025-10-12,10.2,6.3,15.1,0.0,,338,7.4,26.0,1028.9,
2025-10-13,10.2,6.8,12.2,0.0,,28,10.6,31.5,1025.6,
2025-10-14,11.0,6.0,14.1,0.0,,56,9.6,26.0,1024.2,
2025-10-15,9.1,3.9,14.6,0.0,,25,9.3,34.0,1024.6,
2025-10-16,9.5,7.7,13.7,0.0,,0,9.4,32.0,1023.2,
2025-10-17,9.8,5.2,13.0,0.0,,34,9.1,24.1,1022.8,
2025-10-18,7.8,0.4,14.4,0.0,,356,9.7,39.0,1024.4,
2025-10-19,7.2,1.7,13.4,0.0,,58,4.3,18.0,1019.3,
2025-10-20,9.5,5.8,12.9,2.7,,204,5.0,14.8,1008.2,
2025-10-21,13.0,9.1,18.1,3.2,,190,11.5,44.0,1003.9,
2025-10-22,13.5,11.3,16.4,13.7,,171,9.0,24.1,1002.8,
2025-10-23,11.8,9.1,15.5,15.9,,220,20.1,77.0,998.0,
2025-10-24,8.6,6.7,11.4,5.6,,235,21.4,77.0,1009.7,
2025-10-25,9.0,7.4,11.0,13.5,,210,13.4,53.0,1008.8,
2025-10-26,7.9,5.8,10.7,5.2,,238,16.8,49.0,1012.0,
2025-10-27,7.2,5.9,8.8,25.3,,233,22.5,71.0,1012.0,
2025-10-28,10.3,7.5,15.4,1.8,,237,13.4,50.0,1016.7,
2025-10-29,8.4,2.7,13.1,1.8,,226,6.4,20.0,1011.6,
2025-10-30,10.5,4.7,13.6,2.2,,270,8.5,35.0,1012.6,
2025-10-31,8.4,2.8,15.4,0.0,,326,4.9,17.0,1017.1,
2025-11-01,9.7,5.8,13.6,2.6,,161,5.8,18.5,1016.6,
2025-11-02,10.3,8.2,12.3,19.5,,197,8.3,36.0,1016.9,
2025-11-03,7.8,3.6,12.7,1.0,,196,7.9,24.1,1025.2,
2025-11-04,5.1,0.0,13.1,0.0,,344,3.8,13.0,1026.2,
2025-11-05,4.2,-0.3,11.7,0.0,,332,4.7,15.0,1022.3,
2025-11-06,2.9,1.1,4.6,0.0,,341,4.1,14.0,1015.2,
2025-11-07,3.9,2.1,5.6,0.0,,97,4.0,12.0,1013.9,
2025-11-08,4.5,3.8,5.6,0.0,,2,4.0,13.0,1016.5,
2025-11-09,7.2,5.3,9.6,0.5,,154,4.2,17.0,1019.8,
2025-11-10,6.5,3.5,7.9,0.1,,154,5.5,16.0,1017.9,
2025-11-11,7.5,3.1,13.8,0.0,,111,5.1,15.0,1018.6,
2025-11-12,4.8,0.2,12.3,0.0,,342,2.9,13.0,1019.5,
2025-11-13,6.2,-0.5,17.6,0.2,,292,4.3,17.0,1019.1,
2025-11-14,6.9,0.9,13.1,0.0,,317,5.8,21.0,1013.8,
2025-11-15,11.2,6.0,17.0,0.0,,293,6.3,44.0,1011.0,
2025-11-16,7.8,4.2,10.8,0.0,,204,6.1,24.0,1009.5,
2025-11-17,6.5,0.5,9.2,6.0,,266,10.4,37.0,1012.0,
2025-11-18,0.0,-4.5,4.8,0.0,,5,6.2,29.0,1021.9,
2025-11-19,1.1,-2.5,4.3,0.0,,176,6.2,26.0,1012.8,
2025-11-20,2.3,0.4,4.2,4.3,,224,10.6,43.0,1011.7,
2025-11-21,0.2,-1.4,1.7,0.1,,10,12.6,32.0,1019.4,
2025-11-22,-2.8,-6.9,-0.9,0.0,,2,9.2,32.0,1028.0,
2025-11-23,-2.8,-9.1,2.0,1.6,,182,5.8,27.0,1018.2,
2025-11-24,4.0,1.8,5.7,27.0,,183,8.9,24.1,1002.4,
2025-11-25,4.1,2.9,5.1,5.5,,230,11.8,39.0,1004.6,
2025-11-26,2.7,0.3,3.9,4.0,,303,5.0,20.0,1017.7,
2025-11-27,1.5,-3.1,5.1,0.0,,18,5.8,26.0,1025.7,
2025-11-28,0.0,-5.3,4.6,0.0,,208,4.8,16.0,1024.2,
2025-11-29,4.1,0.0,9.4,1.0,,154,5.1,14.8,1016.9,
2025-11-30,3.0,-1.4,7.5,2.6,,250,4.9,21.0,1016.0,
2025-12-01,3.9,-0.8,5.3,0.4,,86,5.0,17.0,1020.4,
2025-12-02,0.3,-2.4,2.5,0.0,,66,5.4,14.0,1017.6,
2025-12-03,1.6,0.9,2.5,0.0,,44,5.1,15.0,1015.4,
2025-12-04,2.5,1.6,3.9,0.0,,141,5.3,20.0,1011.4,
2025-12-05,3.7,2.0,5.5,3.4,,176,4.3,13.0,1013.2,
2025-12-06,5.1,-0.2,9.3,0.2,,184,9.7,36.0,1014.0,
2025-12-07,8.3,7.0,9.6,13.8,,192,14.0,38.0,1016.0,
2025-12-08,10.0,4.2,13.4,5.5,,175,11.3,41.0,1020.8,
2025-12-09,6.0,3.1,9.9,0.1,,149,5.1,17.0,1021.1,
2025-12-10,5.3,1.4,9.8,0.0,,152,4.7,18.0,1024.8,
2025-12-11,7.1,5.2,8.4,0.0,,347,4.4,15.0,1025.7,
2025-12-12,6.0,5.2,6.9,0.0,,112,6.0,15.0,1025.2,
2025-12-13,4.5,3.5,5.4,0.0,,204,5.8,15.0,1030.2,
2025-12-14,3.3,2.0,4.3,0.0,,161,5.0,16.0,1028.8,
2025-12-15,1.2,0.6,2.2,0.0,,115,6.7,20.0,1023.3,
2025-12-16,1.4,0.5,3.1,0.0,,15,5.6,19.0,1017.9,
2025-12-17,2.6,-1.2,7.3,0.0,,241,3.1,13.0,1023.2,
2025-12-18,0.9,-0.6,4.2,0.0,,344,4.7,15.0,1026.2,
2025-12-19,1.6,-0.3,3.6,0.0,,303,4.0,13.0,1025.5,
2025-12-20,3.7,1.4,9.3,0.0,,357,4.6,13.0,1019.1,
2025-12-21,2.2,1.5,3.3,0.0,,30,8.1,24.0,1012.8,
2025-12-22,0.9,0.4,1.3,0.0,,43,9.2,21.0,1011.5,
2025-12-23,0.8,0.1,1.6,0.0,,53,15.9,35.0,1014.1,
2025-12-24,1.5,0.5,2.5,0.0,,47,27.5,75.0,1017.0,
2025-12-25,0.6,0.0,1.2,0.0,,48,19.4,51.8,1021.8,
2025-12-26,-0.3,-0.7,0.0,0.0,,52,14.9,33.0,1027.3,
2025-12-27,-0.6,-1.1,-0.3,0.0,,82,9.5,32.0,1031.2,
2025-12-28,-0.3,-1.5,1.6,0.0,,47,10.1,28.0,1028.9,
2025-12-29,-0.9,-1.9,0.0,0.0,,231,4.9,21.0,1025.1,
2025-12-30,-0.9,-2.9,1.8,0.0,,25,11.5,28.0,1026.9,
2025-12-31,-3.8,-7.4,0.3,0.0,,347,7.1,25.0,1027.7,
2026-01-01,-4.0,-10.4,1.8,0.0,,218,8.1,30.0,1017.2,
2026-01-02,0.4,-4.7,3.0,1.0,,216,10.9,50.0,1008.1,
2026-01-03,-1.8,-5.6,0.4,0.1,,263,9.6,34.0,1010.8,
2026-01-04,-6.1,-11.3,-1.0,0.0,,259,3.8,16.7,1015.9,
2026-01-05,-5.1,-9.2,-2.0,0.0,,149,4.1,17.0,1016.6,
2026-01-06,-8.4,-13.8,-4.5,0.0,,303,3.5,13.0,1019.8,
2026-01-07,-4.7,-8.5,-2.3,0.2,,253,6.1,21.0,1017.8,
2026-01-08,0.5,-2.1,3.3,12.3,,188,14.8,36.0,1012.6,
2026-01-09,5.0,2.2,6.6,3.7,,226,23.8,63.0,1001.2,
2026-01-10,1.1,0.2,2.5,7.8,,237,18.0,54.0,1009.3,
2026-01-11,-0.7,-3.1,0.8,0.5,,266,5.1,22.0,1025.4,
2026-01-12,1.0,-2.8,4.0,0.1,,145,8.3,23.0,1021.3,
2026-01-13,2.1,-0.4,7.1,0.0,,163,5.5,20.0,1018.4,
2026-01-14,2.4,-3.0,10.9,0.0,,180,4.5,20.0,1020.1,
2026-01-15,4.3,0.1,11.2,0.0,,160,5.1,19.0,1017.9,
2026-01-16,-0.2,-2.4,1.9,0.0,,275,4.3,13.0,1019.1,
2026-01-17,0.0,-3.0,3.1,0.0,,332,6.6,18.0,1020.9,
2026-01-18,-0.2,-0.8,0.4,0.0,,42,8.9,26.0,1021.6,
2026-01-19,-0.9,-1.8,0.6,0.0,,28,3.5,14.0,1022.2,
2026-01-20,-2.1,-3.5,-0.3,0.0,,327,5.0,15.0,1021.2,
2026-01-21,-3.3,-4.7,-0.4,0.0,,348,3.8,14.0,1010.1,
2026-01-22,-2.9,-4.9,0.7,0.0,,18,4.5,13.0,1001.5,
2026-01-23,-1.4,-2.6,-0.4,0.0,,18,3.8,13.0,999.9,
2026-01-24,1.0,-1.4,2.7,0.0,,60,7.5,25.0,1002.3,
2026-01-25,2.3,0.8,4.8,0.0,,200,6.6,22.0,999.4,
2026-01-26,3.3,0.5,6.1,0.8,,225,10.3,33.3,1003.0,
2026-01-27,-0.1,-6.0,4.4,0.1,,292,5.2,19.0,1001.7,
2026-01-28,2.3,1.0,4.2,4.7,,236,5.7,15.0,993.2,
2026-01-29,3.0,1.6,5.3,0.6,,215,7.1,22.0,999.6,
2026-01-30,1.1,-2.3,3.2,2.9,,132,8.0,22.0,1001.9,
2026-01-31,1.2,-2.5,3.2,0.0,,198,5.3,18.0,1005.5,
2026-02-01,2.0,-0.9,6.2,0.0,,73,6.9,18.0,1010.5,
2026-02-02,2.5,-0.8,7.0,0.0,,338,6.0,21.0,1003.3,
2026-02-03,3.8,-0.8,8.9,1.0,,295,10.6,52.0,1000.6,
2026-02-04,0.1,-2.6,3.6,0.0,,333,5.8,22.0,998.5,
2026-02-05,0.7,-1.2,3.9,0.0,,347,6.9,18.0,993.8,
2026-02-06,5.2,-0.2,9.7,2.0,,173,10.2,36.0,995.2,
2026-02-07,6.7,2.1,11.1,0.8,,323,4.8,20.0,1005.3,
2026-02-08,1.9,-2.4,5.2,0.0,,254,4.4,22.0,1008.6,
2026-02-09,3.1,-1.3,5.4,0.0,,221,4.6,19.0,1008.3,
2026-02-10,1.9,-3.1,5.3,4.8,,184,5.8,16.7,1002.3,
2026-02-11,6.8,4.1,8.2,9.9,,216,18.0,51.8,994.4,
2026-02-12,7.3,6.1,9.0,,,217,18.5,48.2,987.5,
2026-02-13,7.2,5.3,9.4,,,232,14.4,46.3,993.6,
2026-02-14,3.5,2.1,5.0,,,291,10.4,24.0,1000.6,
2026-02-15,1.9,0.4,3.9,,,253,7.5,34.0,1014.6,
2026-02-16,5.3,3.1,7.8,21.9,,228,19.9,69.0,1003.1,
2026-02-17,3.0,0.7,5.6,10.8,,232,13.7,54.0,1012.4,
2026-02-18,-0.2,-2.3,1.2,8.8,,286,4.8,14.8,1013.8,
2026-02-19,3.6,1.0,6.2,7.7,,166,6.5,19.0,1003.7,
2026-02-20,5.4,3.7,7.9,3.8,,297,7.4,32.0,1021.1,
2026-02-21,6.8,5.2,8.9,3.9,,222,19.4,48.0,1028.0,
2026-02-22,8.4,4.2,12.4,0.6,,205,10.9,29.6,1026.9,
2026-02-23,9.9,7.2,13.6,2.6,,242,10.5,37.0,1022.8,
2026-02-24,11.0,6.2,15.1,0.3,,216,9.5,29.6,1022.6,
2026-02-25,7.5,2.9,14.3,,,28,4.3,13.0,1023.2,
2026-02-26,8.8,2.9,16.3,,,187,6.9,22.2,1024.9,
2026-02-27,9.3,3.6,16.3,,,192,8.2,27.8,1021.9,
2026-02-28,7.6,2.4,11.5,,,213,8.7,28.0,1024.3,
2026-03-01,7.3,2.3,10.6,0.0,,8,5.8,21.0,1026.7,
2026-03-02,4.8,-1.2,13.1,0.0,,340,5.0,17.0,1024.6,
2026-03-03,6.2,-1.9,16.0,0.0,,343,5.6,20.0,1027.0,
2026-03-04,6.0,-2.3,13.8,0.0,,343,6.6,30.0,1027.1,
2026-03-05,6.1,-1.4,13.3,0.0,,340,6.0,18.0,1023.0,
2026-03-06,7.9,1.2,16.2,0.0,,320,5.1,20.0,1021.7,
2026-03-07,7.7,0.5,16.1,0.0,,272,3.5,17.0,1023.9,
2026-03-08,8.1,-0.1,16.3,0.0,,149,3.3,13.0,1024.6,
2026-03-09,8.5,2.6,15.5,0.0,,99,3.4,15.0,1022.5,
2026-03-10,8.1,1.1,15.3,0.0,,239,6.1,22.2,1021.3,
2026-03-11,9.3,6.0,13.3,9.7,,212,10.3,31.5,1021.3,
2026-03-12,8.7,4.4,13.2,,,236,9.2,31.5,1023.5,
2026-03-13,7.5,1.4,13.5,,,212,10.6,33.3,1015.3,
2026-03-14,5.3,1.8,7.6,,,264,9.1,24.1,1011.0,
2026-03-15,4.1,-0.5,9.3,,,278,9.2,25.9,1013.9,
2026-03-16,5.5,2.5,9.2,,,250,13.1,37.0,1018.3,
2026-03-17,6.1,3.0,10.4,,,293,11.8,31.5,1018.3,
2026-03-18,6.1,1.2,11.4,,,347,10.8,29.6,1016.9,
